{"type": "FeatureCollection", "features": [{"type": "Feature", "properties": {}, "geometry": {"type": "LineString", "coordinates": [[47.978188, 7.997083], [47.731588, 7.759346], [47.452845, 7.490499], [47.159737, 7.207855], [46.971221, 7.026031], [46.671808, 6.737263], [46.422934, 6.497252], [46.166774, 6.234659], [45.935005, 5.997205], [45.633577, 5.668285], [45.438498, 5.45543], [45.13278, 5.121703], [44.940544, 4.912], [44.911605, 4.899908], [44.636635, 4.915773], [44.369519, 4.931198], [44.028145, 4.950964], [43.988871, 4.950525], [43.889445, 4.930759], [43.829191, 4.911432], [43.583521, 4.854975], [43.538252, 4.840325], [43.334027, 4.750408], [43.125719, 4.644471], [43.01601, 4.563339], [42.930951, 4.44531], [42.894777, 4.361078], [42.85664, 4.324207], [42.791631, 4.292012], [42.355172, 4.21225], [42.22841, 4.201656], [42.024133, 4.137939], [41.915302, 4.031279], [41.884038, 3.977742]]}}, {"type": "Feature", "properties": {}, "geometry": {"type": "LineString", "coordinates": [[34.24528, 31.208328], [34.348322, 31.292922], [34.350183, 31.362763], [34.525573, 31.525621], [34.524126, 31.541641], [34.477358, 31.584842]]}}, {"type": "Feature", "properties": {}, "geometry": {"type": "LineString", "coordinates": [[35.551453, 32.395516], [35.484429, 32.40164], [35.402625, 32.450629], [35.386709, 32.49303], [35.362162, 32.507473], [35.30382, 32.512925], [35.193232, 32.534423], [35.065074, 32.460422], [35.010504, 32.338181], [34.999497, 32.281079], [34.955934, 32.160931], [34.971385, 32.087086], [34.978775, 31.991588], [34.989782, 31.913298], [34.97831, 31.866427], [34.953815, 31.841261], [34.961153, 31.823329], [34.983012, 31.816818], [35.053189, 31.837954], [35.127138, 31.816766], [35.197986, 31.776329], [35.203671, 31.750026], [35.153441, 31.734497], [35.034689, 31.673235], [34.950921, 31.602283], [34.929217, 31.536577], [34.872735, 31.396895], [34.880486, 31.368163], [34.907771, 31.351317], [35.101196, 31.366199], [35.276689, 31.422785], [35.408723, 31.482937], [35.450529, 31.479319]]}}, {"type": "Feature", "properties": {}, "geometry": {"type": "LineString", "coordinates": [[35.108586, 33.083666], [35.223308, 33.091986], [35.308884, 33.079557], [35.411255, 33.075708], [35.49311, 33.119503], [35.53254, 33.250477], [35.579255, 33.271458], [35.602871, 33.240607]]}}, {"type": "Feature", "properties": {}, "geometry": {"type": "LineString", "coordinates": [[35.787253, 32.734927], [35.833283, 32.820094], [35.841863, 32.875954], [35.887977, 32.944379], [35.859022, 32.989367], [35.84508, 33.084665], [35.824704, 33.108024], [35.817197, 33.133173], [35.833283, 33.163702], [35.826849, 33.195117], [35.808618, 33.208577], [35.800038, 33.256121], [35.785024, 33.291089], [35.792531, 33.334107], [35.816125, 33.361879], [35.840738, 33.415661]]}}, {"type": "Feature", "properties": {}, "geometry": {"type": "LineString", "coordinates": [[34.004467, 35.06525], [33.96571, 35.056775], [33.903285, 35.085456], [33.86644, 35.093595], [33.831971, 35.067162], [33.792284, 35.048197], [33.756937, 35.039722], [33.725776, 35.037319], [33.675392, 35.017863], [33.614414, 35.022746], [33.525685, 35.038688], [33.475817, 35.000345], [33.463829, 35.004944], [33.455922, 35.101424], [33.424244, 35.14093], [33.383833, 35.162712], [33.325542, 35.153617], [33.248338, 35.156924], [33.190977, 35.173125], [33.077496, 35.146175], [32.985925, 35.11641], [32.919572, 35.087833], [32.869446, 35.089383], [32.784077, 35.11579], [32.720205, 35.145374], [32.712712, 35.171058]]}}, {"type": "Feature", "properties": {}, "geometry": {"type": "LineString", "coordinates": [[-8.683366, 27.656452], [-8.817828, 27.656426], [-8.813901, 27.61387], [-8.7846, 27.530878], [-8.774368, 27.460546], [-8.788993, 27.41657], [-8.802687, 27.36094], [-8.796822, 27.308204], [-8.774368, 27.250585], [-8.753853, 27.191002], [-8.753853, 27.150979], [-8.794884, 27.120696], [-8.88909, 27.104082], [-9.0019, 27.09044], [-9.084427, 27.09044], [-9.20845, 27.100207], [-9.285603, 27.098243], [-9.352989, 27.098243], [-9.413037, 27.088476], [-9.487297, 27.050391], [-9.569824, 26.990808], [-9.673332, 26.910735], [-9.735343, 26.860945], [-9.817871, 26.850196], [-9.900346, 26.850196], [-9.98091, 26.890245], [-10.03269, 26.910735], [-10.066848, 26.908797], [-10.12302, 26.880478], [-10.189424, 26.860945], [-10.251436, 26.860945], [-10.354944, 26.900994], [-10.478967, 26.960525], [-10.551263, 26.990808], [-10.654254, 27.000574], [-10.757762, 27.020108], [-10.830057, 27.010341], [-10.922816, 27.010341], [-11.04684, 26.970318], [-11.150347, 26.941017], [-11.263622, 26.910735], [-11.392555, 26.883424], [-11.361291, 26.793559], [-11.316849, 26.744724], [-11.316849, 26.68416], [-11.337881, 26.633413], [-11.399893, 26.583597], [-11.47069, 26.520113], [-11.511669, 26.470323], [-11.553191, 26.400973], [-11.583964, 26.360924], [-11.637191, 26.295501], [-11.684527, 26.213491], [-11.699203, 26.162693], [-11.71822, 26.104092], [-11.754858, 26.086522], [-11.880846, 26.070915], [-11.960892, 26.0504], [-12.030759, 26.030866], [-12.056804, 25.996346], [-12.06099, 25.990817], [-12.08104, 25.920485], [-12.08104, 25.870721], [-12.101039, 25.830672], [-12.130856, 25.731065], [-12.170854, 25.640244], [-12.201136, 25.520096], [-12.230953, 25.420516], [-12.270951, 25.260319], [-12.311, 25.110948], [-12.360816, 24.970311], [-12.400865, 24.880471], [-12.431148, 24.830681], [-12.500963, 24.770116], [-12.561011, 24.731049], [-12.630826, 24.680277], [-12.710924, 24.630487], [-12.820762, 24.570904], [-12.911119, 24.520106], [-12.94786, 24.497265], [-12.991165, 24.470315], [-13.061006, 24.400992], [-13.12108, 24.300378], [-13.161103, 24.220331], [-13.230944, 24.090416], [-13.28076, 24.02011], [-13.310991, 23.981069], [-13.391089, 23.94102], [-13.480955, 23.910737], [-13.581052, 23.870714], [-13.661099, 23.830639], [-13.770963, 23.790641], [-13.840778, 23.750592], [-13.89111, 23.691009], [-13.931108, 23.620703], [-13.980924, 23.520115], [-14.020973, 23.410768], [-14.040972, 23.340436], [-14.101072, 23.100192], [-14.121071, 22.960563], [-14.141069, 22.870697], [-14.170887, 22.760368], [-14.190885, 22.59043], [-14.190885, 22.450775], [-14.210936, 22.370702], [-14.221168, 22.310163], [-14.270984, 22.240813], [-14.311033, 22.191023], [-14.380822, 22.120717], [-14.440896, 22.080668], [-14.460895, 22.040619], [-14.520969, 21.990854], [-14.581017, 21.910756], [-14.630833, 21.86094], [-14.621066, 21.820891], [-14.610808, 21.750585], [-14.64109, 21.680279], [-14.670856, 21.600181], [-14.750955, 21.5006], [-14.840794, 21.450784], [-14.971148, 21.441017], [-15.150853, 21.441017], [-15.290973, 21.450784], [-15.460911, 21.450784], [-15.610799, 21.470318], [-15.750945, 21.490833], [-15.920857, 21.5006], [-16.041005, 21.5006], [-16.190867, 21.481066], [-16.581024, 21.481066], [-16.730937, 21.470318], [-16.95113, 21.430268], [-17.002962, 21.420734]]}}, {"type": "Feature", "properties": {}, "geometry": {"type": "LineString", "coordinates": [[35.919854, 4.619848], [35.845595, 4.702659], [35.763068, 4.808027], [35.756143, 4.950473], [35.779243, 5.10558], [35.800327, 5.156947], [35.788441, 5.208106], [35.791438, 5.278567], [35.745033, 5.344015], [35.468667, 5.419101], [35.423967, 5.413287], [35.377872, 5.38515], [35.325317, 5.364892], [35.287593, 5.384064], [35.264649, 5.412047], [35.263822, 5.457936], [35.268318, 5.492301]]}}, {"type": "Feature", "properties": {}, "geometry": {"type": "LineString", "coordinates": [[35.840738, 33.415661], [35.787459, 33.369772], [35.734439, 33.332591], [35.627211, 33.275049], [35.602871, 33.240607]]}}, {"type": "Feature", "properties": {}, "geometry": {"type": "LineString", "coordinates": [[35.840738, 33.415661], [35.869108, 33.431758], [35.914738, 33.465374], [35.926521, 33.500281], [35.967552, 33.534594], [36.022225, 33.562525], [36.034473, 33.585056], [36.02667, 33.597924], [35.971686, 33.623116], [35.942385, 33.667558], [35.96843, 33.732412], [35.986155, 33.752643], [36.018815, 33.783933], [36.092247, 33.831579], [36.149814, 33.839485], [36.199372, 33.839537], [36.283346, 33.835609], [36.348562, 33.827031], [36.365099, 33.839356], [36.362825, 33.855143], [36.282261, 33.894185], [36.277817, 33.92532], [36.297816, 33.958651], [36.354918, 34.011335], [36.422821, 34.049834], [36.457548, 34.05681], [36.535166, 34.134325], [36.584982, 34.221219], [36.504366, 34.432369], [36.455532, 34.466165], [36.376467, 34.495182], [36.329907, 34.4996], [36.32629, 34.513346], [36.388611, 34.566908], [36.43295, 34.613495], [36.383909, 34.657885], [36.296317, 34.678685], [36.263554, 34.632848], [36.151106, 34.62861], [35.976233, 34.629204]]}}, {"type": "Feature", "properties": {}, "geometry": {"type": "LineString", "coordinates": [[34.67993, -12.008879], [34.714915, -12.002781], [34.738996, -12.013065], [34.755946, -12.03079], [34.756256, -12.059057], [34.746024, -12.088357], [34.719359, -12.110682], [34.684219, -12.118692], [34.662102, -12.10076], [34.667476, -12.047585], [34.67993, -12.008879], [34.67993, -12.008879], [34.67993, -12.008879], [34.67993, -12.008879], [34.67993, -12.008879], [34.67993, -12.008879], [34.67993, -12.008879], [34.67993, -12.008879], [34.67993, -12.008879], [34.67993, -12.008879], [34.67993, -12.008879], [34.67993, -12.008879], [34.67993, -12.008879], [34.67993, -12.008879], [34.67993, -12.008879], [34.67993, -12.008879]]}}, {"type": "Feature", "properties": {}, "geometry": {"type": "LineString", "coordinates": [[9.518727, 30.229421], [9.637996, 30.282338], [9.807391, 30.342231], [9.895035, 30.387293], [9.9325, 30.425352], [10.059727, 30.580098], [10.125925, 30.665984], [10.216359, 30.783212], [10.256046, 30.864938], [10.256976, 30.940799], [10.243334, 31.032111], [10.17264, 31.250961], [10.11497, 31.463765], [10.159876, 31.545801], [10.195998, 31.585101], [10.27465, 31.684966], [10.306017, 31.704835], [10.475774, 31.736022], [10.543677, 31.802555], [10.595457, 31.885754], [10.608893, 31.92955], [10.682997, 31.975413], [10.77157, 32.021198], [10.826399, 32.080678], [11.005148, 32.172714], [11.16829, 32.256765], [11.358046, 32.345235], [11.505014, 32.413681], [11.535968, 32.473367], [11.533798, 32.52494], [11.453906, 32.642581], [11.453906, 32.781694], [11.459229, 32.897372], [11.467238, 32.965714], [11.50243, 33.155548], [11.504549, 33.181954]]}}, {"type": "Feature", "properties": {}, "geometry": {"type": "LineString", "coordinates": [[45.001419, 41.290968], [45.022916, 41.2457], [45.084721, 41.19547], [45.152314, 41.175161], [45.188591, 41.147411], [45.190193, 41.126353], [45.070665, 41.100825], [45.062604, 41.088138], [45.070459, 41.075581], [45.106115, 41.069354], [45.273392, 41.006257], [45.368942, 41.004888], [45.419171, 40.985716], [45.444234, 40.947992], [45.523971, 40.896729], [45.587533, 40.846913], [45.59146, 40.829756], [45.579368, 40.804486], [45.401343, 40.707154], [45.378967, 40.67359], [45.376176, 40.638088], [45.454415, 40.532358], [45.569498, 40.416861], [45.735689, 40.329115], [45.964616, 40.233772], [45.967561, 40.174809], [45.931285, 40.104684], [45.900124, 40.05709], [45.885964, 40.024844], [45.858111, 40.011279], [45.630166, 40.014199], [45.596008, 40.002856], [45.58097, 39.989032], [45.579782, 39.97756], [45.661792, 39.956192], [45.78964, 39.881106], [45.863175, 39.808371], [45.939966, 39.776539], [46.025904, 39.718532], [46.094789, 39.664478], [46.202069, 39.594483], [46.321648, 39.617453], [46.481432, 39.555157], [46.488047, 39.512834], [46.478125, 39.47511], [46.377666, 39.433872], [46.36516, 39.416793], [46.365263, 39.402505], [46.378389, 39.382273], [46.437249, 39.348555], [46.50665, 39.298558], [46.584733, 39.223678], [46.549955, 39.201432], [46.477091, 39.198176], [46.42035, 39.207375], [46.4003, 39.192182], [46.401437, 39.167687], [46.475437, 39.110869], [46.489855, 39.06945], [46.486755, 38.997465], [46.49063, 38.906669]]}}, {"type": "Feature", "properties": {}, "geometry": {"type": "LineString", "coordinates": [[44.768255, 39.70352], [44.867164, 39.719126], [45.03165, 39.765118], [45.076453, 39.74282], [45.124564, 39.696337], [45.148593, 39.656572], [45.152831, 39.582675], [45.172571, 39.570608], [45.252566, 39.595465], [45.288326, 39.56557], [45.349873, 39.529887], [45.456843, 39.494463], [45.610787, 39.549783], [45.687424, 39.564045], [45.75052, 39.56296], [45.784472, 39.545597], [45.796512, 39.488133], [45.784162, 39.417233], [45.766333, 39.378449], [45.798683, 39.350182], [45.92498, 39.281944], [45.977432, 39.243884], [45.951852, 39.1781], [46.045903, 39.017515], [46.077477, 38.954884], [46.114426, 38.877782]]}}, {"type": "Feature", "properties": {}, "geometry": {"type": "LineString", "coordinates": [[20.001291, 39.709411], [20.022582, 39.710703], [20.059789, 39.699128], [20.131102, 39.66161], [20.20686, 39.653497], [20.248201, 39.678379], [20.272076, 39.701195], [20.287579, 39.738557], [20.293831, 39.782223], [20.306182, 39.796693], [20.36406, 39.791732], [20.382456, 39.802635], [20.38163, 39.841806], [20.344268, 39.89064], [20.31135, 39.950766], [20.311143, 39.97942], [20.338428, 39.991048], [20.383697, 40.01717], [20.408036, 40.049442], [20.456044, 40.065565], [20.527047, 40.068511], [20.606267, 40.08267], [20.657375, 40.117397], [20.664972, 40.151761], [20.697011, 40.246381], [20.717888, 40.292683], [20.751685, 40.334903], [20.77003, 40.391902], [20.8061, 40.445439], [20.881651, 40.467918], [20.950174, 40.494402], [21.001902, 40.56339], [21.030892, 40.622482], [21.031099, 40.658656], [20.987898, 40.717773], [20.955755, 40.775289], [20.964281, 40.84991]]}}, {"type": "Feature", "properties": {}, "geometry": {"type": "LineString", "coordinates": [[33.201726, -14.013356], [33.148086, -13.940958], [33.103592, -13.959199], [33.042356, -14.010049], [33.009283, -14.023743], [32.992126, -14.022193], [32.981222, -14.009325], [32.967528, -13.976873], [32.920296, -13.883855], [32.867224, -13.817399], [32.811, -13.791561], [32.765163, -13.761072], [32.785369, -13.73141], [32.806711, -13.710274], [32.797513, -13.688518], [32.771778, -13.656582], [32.672042, -13.610332], [32.67044, -13.590436], [32.758445, -13.550335], [32.814049, -13.502741], [32.851825, -13.457008], [32.899729, -13.357014], [32.938538, -13.257382], [32.967631, -13.224981], [32.977657, -13.158886], [32.971145, -13.084317], [32.990472, -12.989439], [32.999981, -12.899626], [32.970525, -12.864744], [32.945617, -12.804386], [32.975176, -12.701343], [33.021582, -12.630495], [33.243429, -12.556546], [33.397941, -12.489832], [33.430652, -12.460479], [33.483259, -12.403429], [33.512301, -12.347721], [33.491424, -12.331082], [33.369984, -12.329686], [33.340115, -12.308344], [33.252369, -12.112594], [33.300996, -11.888215], [33.30513, -11.800003], [33.303942, -11.690811], [33.288335, -11.611126], [33.249991, -11.577639], [33.226427, -11.534851], [33.232732, -11.417701], [33.268388, -11.403903], [33.345541, -11.249132], [33.379751, -11.157923], [33.338668, -11.085163], [33.293245, -10.981138], [33.272729, -10.915044], [33.26136, -10.89334], [33.29278, -10.852309], [33.344869, -10.812673], [33.40316, -10.801769], [33.464759, -10.783062], [33.659062, -10.590516], [33.661543, -10.553102], [33.626196, -10.48861], [33.553746, -10.391303], [33.537623, -10.351564], [33.528941, -10.234672], [33.500105, -10.199687], [33.393549, -10.120932], [33.311486, -10.037992], [33.337118, -9.953966], [33.350967, -9.862188], [33.310453, -9.811856], [33.250043, -9.759559], [33.212681, -9.682975], [33.195731, -9.62613], [33.148086, -9.603496], [33.104471, -9.602669], [33.072431, -9.638223], [33.037808, -9.635019], [32.996002, -9.622823], [32.982101, -9.573627], [32.979827, -9.520349], [32.951043, -9.484227], [32.923345, -9.433997], [32.919882, -9.407384]]}}, {"type": "Feature", "properties": {}, "geometry": {"type": "LineString", "coordinates": [[-11.507535, 6.90653], [-11.454541, 6.95123], [-11.37669, 7.094658], [-11.267653, 7.232634], [-11.166135, 7.314412], [-11.08539, 7.398567], [-11.000227, 7.463033], [-10.878064, 7.538222], [-10.69128, 7.736427], [-10.647484, 7.759372], [-10.617589, 7.896418], [-10.570848, 8.071161], [-10.516743, 8.125267], [-10.389567, 8.15759], [-10.359801, 8.187924], [-10.314636, 8.310863], [-10.285749, 8.45411], [-10.283217, 8.485141]]}}, {"type": "Feature", "properties": {}, "geometry": {"type": "LineString", "coordinates": [[24.147403, 8.66564], [24.194782, 8.653374], [24.220879, 8.60826], [24.179951, 8.461112], [24.208373, 8.369128], [24.291365, 8.291432], [24.375494, 8.258463], [24.456058, 8.239446], [24.736713, 8.191542], [24.853295, 8.13754], [25.007187, 7.964863], [25.200354, 7.807896], [25.247379, 7.724568], [25.238698, 7.648991], [25.181337, 7.557213], [25.190122, 7.519335], [25.278953, 7.427506], [25.380653, 7.333377], [25.566636, 7.228706], [25.888994, 7.064918], [26.03653, 6.955235], [26.086915, 6.872139], [26.169287, 6.781757], [26.284525, 6.699023], [26.361833, 6.635306], [26.308606, 6.455317], [26.324626, 6.396251], [26.353358, 6.34491], [26.420538, 6.274191], [26.447513, 6.182982], [26.514279, 6.069242], [26.593654, 6.017514], [26.726307, 5.998239], [26.796432, 5.945529], [26.942314, 5.85494], [27.083443, 5.776831], [27.143904, 5.722958], [27.181215, 5.675158], [27.213357, 5.618805], [27.229067, 5.562503], [27.232529, 5.440753], [27.256714, 5.289652], [27.332472, 5.18635], [27.332472, 5.18635]]}}, {"type": "Feature", "properties": {}, "geometry": {"type": "LineString", "coordinates": [[42.922734, 10.999303], [43.04867, 11.19433], [43.159412, 11.365715], [43.24597, 11.499815]]}}, {"type": "Feature", "properties": {}, "geometry": {"type": "LineString", "coordinates": [[42.922734, 10.999303], [42.844135, 10.997959], [42.78295, 11.009277], [42.741247, 11.042375], [42.654999, 11.078342], [42.557744, 11.080771], [42.46514, 11.047078], [42.308095, 11.00522], [42.166243, 10.991577], [42.052142, 10.968349], [41.95747, 10.941038], [41.872204, 10.955817], [41.798204, 10.980467], [41.782081, 11.187793], [41.764666, 11.412895], [41.766526, 11.589112], [41.792674, 11.686057], [41.81567, 11.723781], [41.949616, 11.857881], [41.995866, 11.912374], [42.149087, 12.134143], [42.280345, 12.324261], [42.378478, 12.466423]]}}, {"type": "Feature", "properties": {}, "geometry": {"type": "LineString", "coordinates": [[29.403198, -4.449289], [29.40418, -4.496676], [29.367541, -4.66881], [29.325683, -4.835622], [29.323409, -4.898874], [29.342736, -4.983106], [29.420096, -5.17617], [29.476475, -5.316626], [29.503657, -5.400962], [29.542363, -5.499767], [29.594194, -5.650766], [29.60701, -5.722699], [29.596364, -5.775926], [29.490789, -5.965424], [29.480092, -6.025007], [29.506189, -6.172078], [29.540761, -6.313826], [29.590628, -6.39439], [29.709639, -6.616908], [29.798109, -6.691891], [29.96182, -6.80315], [30.106307, -6.915081], [30.161808, -6.973062], [30.212709, -7.037916], [30.31322, -7.203694], [30.374508, -7.338622], [30.406754, -7.46063], [30.485612, -7.627183], [30.55889, -7.781902], [30.653819, -7.970934], [30.720844, -8.104415], [30.751126, -8.193608]]}}, {"type": "Feature", "properties": {}, "geometry": {"type": "LineString", "coordinates": [[42.378478, 12.466423], [42.408606, 12.49438], [42.449947, 12.521355], [42.479402, 12.513603], [42.670088, 12.376583], [42.703678, 12.38033], [42.767447, 12.42286], [42.825324, 12.569362], [42.86589, 12.622796], [42.883305, 12.621271], [43.005675, 12.662328], [43.116728, 12.708604]]}}, {"type": "Feature", "properties": {}, "geometry": {"type": "LineString", "coordinates": [[42.358996, 37.108588], [42.45589, 37.12869], [42.635465, 37.249277], [42.741092, 37.361906], [42.774578, 37.371879], [42.869094, 37.334931], [42.936635, 37.324776], [43.092491, 37.367384], [43.185096, 37.344853], [43.263127, 37.316482], [43.306742, 37.314622], [43.515876, 37.244549], [43.568018, 37.235867], [43.675815, 37.227263], [43.836425, 37.223516], [43.939985, 37.269302], [44.013159, 37.313537], [44.064629, 37.312451], [44.114393, 37.301858], [44.156251, 37.282944], [44.191753, 37.249845], [44.208392, 37.202639], [44.201674, 37.051821], [44.217487, 37.01185], [44.245703, 36.983324], [44.281876, 36.978002], [44.325595, 37.010764], [44.401921, 37.058488], [44.496023, 37.110526], [44.566045, 37.158249], [44.605939, 37.176026], [44.669346, 37.173597], [44.730944, 37.165277], [44.765154, 37.142436]]}}, {"type": "Feature", "properties": {}, "geometry": {"type": "LineString", "coordinates": [[44.765154, 37.142436], [44.766705, 37.156337], [44.758333, 37.217108], [44.79678, 37.269767], [44.794196, 37.290386], [44.715131, 37.357152], [44.60413, 37.423711], [44.574055, 37.435416], [44.573125, 37.506393], [44.577207, 37.560188], [44.567234, 37.608635], [44.546046, 37.636308], [44.545271, 37.658167], [44.589971, 37.71036], [44.561239, 37.744621], [44.397786, 37.829242], [44.33624, 37.871771], [44.222965, 37.880169], [44.211286, 37.908074], [44.228908, 37.967192], [44.267924, 38.038815], [44.329419, 38.10925], [44.348952, 38.146509], [44.372723, 38.209735], [44.380888, 38.254616], [44.449618, 38.317765], [44.449876, 38.33425], [44.430859, 38.356781], [44.375772, 38.36957], [44.3196, 38.374712], [44.298516, 38.386288], [44.290868, 38.42011], [44.297844, 38.557802], [44.280171, 38.640691], [44.257072, 38.700635], [44.271644, 38.836054], [44.232474, 38.86321], [44.170824, 38.934368], [44.14452, 38.994364], [44.158783, 39.01674], [44.171857, 39.056273], [44.18059, 39.108078], [44.178058, 39.144846], [44.121266, 39.180606], [44.079098, 39.21833], [44.074344, 39.259981], [44.057549, 39.310831], [44.033829, 39.351035], [44.023184, 39.377442], [44.043906, 39.392945], [44.124056, 39.405244], [44.240483, 39.396795], [44.335413, 39.396045], [44.389363, 39.422142], [44.455922, 39.666726], [44.516694, 39.73127], [44.587129, 39.768529], [44.725053, 39.681713], [44.782104, 39.651068], [44.817141, 39.650422]]}}, {"type": "Feature", "properties": {}, "geometry": {"type": "LineString", "coordinates": [[30.751126, -8.193608], [30.776706, -8.265852], [30.830708, -8.385586], [30.891944, -8.473746], [30.968374, -8.550951], [31.033383, -8.597666], [31.076326, -8.611877], [31.350624, -8.607071], [31.449223, -8.65389], [31.534851, -8.713266], [31.556245, -8.805509], [31.612779, -8.863231], [31.673654, -8.908758], [31.700009, -8.914339], [31.744709, -8.903229], [31.818038, -8.902247], [31.886095, -8.921987], [31.918652, -8.942193], [31.921856, -9.019449], [31.942629, -9.053969], [32.035337, -9.067405], [32.12975, -9.073348], [32.220855, -9.125593], [32.319299, -9.134894], [32.433194, -9.156392], [32.487144, -9.212719], [32.608377, -9.270545], [32.756585, -9.322221], [32.863245, -9.380874], [32.919882, -9.407384]]}}, {"type": "Feature", "properties": {}, "geometry": {"type": "LineString", "coordinates": [[-8.486427, 7.558505], [-8.429971, 7.601862], [-8.351759, 7.590571], [-8.231869, 7.556748], [-8.205954, 7.590235], [-8.115442, 7.760741], [-8.117819, 7.824019], [-8.126837, 7.867737], [-8.073843, 7.984423], [-8.031752, 8.029717], [-8.009867, 8.078499], [-8.01674, 8.14493], [-8.048573, 8.169734], [-8.090534, 8.165161], [-8.140609, 8.181465], [-8.217141, 8.219679], [-8.256106, 8.253708], [-8.244142, 8.407937], [-8.236959, 8.45566], [-8.209933, 8.483255], [-8.16779, 8.490671], [-8.049141, 8.495296], [-7.953127, 8.477726], [-7.868765, 8.467545], [-7.823574, 8.467649], [-7.7874, 8.421967], [-7.738954, 8.375251], [-7.696114, 8.375613], [-7.681205, 8.41034], [-7.690972, 8.562475], [-7.719575, 8.643013], [-7.784041, 8.720631], [-7.950956, 8.786802], [-7.954961, 8.879432], [-7.938166, 8.979762], [-7.902096, 9.017073], [-7.777995, 9.080841], [-7.799803, 9.115051], [-7.839387, 9.151612], [-7.91809, 9.188509], [-7.900029, 9.308683], [-7.896205, 9.41586], [-7.962687, 9.403871], [-8.031003, 9.397644], [-8.088674, 9.430665], [-8.136966, 9.4957], [-8.146035, 9.67481], [-8.145854, 9.881723], [-8.155181, 9.97319], [-8.13663, 10.022076], [-8.077822, 10.067112], [-8.013536, 10.125274], [-7.990644, 10.162507]]}}, {"type": "Feature", "properties": {}, "geometry": {"type": "LineString", "coordinates": [[-11.389403, 12.404411], [-11.382426, 12.479239], [-11.448779, 12.531949], [-11.450562, 12.557709], [-11.444076, 12.627602], [-11.414362, 12.7755], [-11.417437, 12.831879], [-11.390384, 12.942001], [-11.433948, 12.99161], [-11.444128, 13.028249], [-11.492807, 13.086953], [-11.548773, 13.170256], [-11.561666, 13.23697], [-11.581329, 13.290016], [-11.634969, 13.369856], [-11.67445, 13.382388], [-11.758269, 13.394532], [-11.772222, 13.367066], [-11.803357, 13.327301], [-11.831675, 13.315803], [-11.877771, 13.364533], [-11.895212, 13.406314], [-11.894591, 13.444451], [-11.957068, 13.510907], [-12.05422, 13.63307], [-12.044143, 13.733865], [-11.984198, 13.788099], [-11.96637, 13.828975], [-11.960892, 13.875277], [-11.9881, 13.930778], [-12.020113, 13.974677], [-12.011173, 14.071829], [-12.019183, 14.206498], [-12.068379, 14.274219], [-12.112899, 14.323312], [-12.175246, 14.376668], [-12.228395, 14.458601], [-12.20682, 14.571126], [-12.186537, 14.64815], [-12.280614, 14.809045]]}}, {"type": "Feature", "properties": {}, "geometry": {"type": "LineString", "coordinates": [[2.706481, 6.36925], [2.708031, 6.42767], [2.735678, 6.595722], [2.753662, 6.661764], [2.774642, 6.711735], [2.752938, 6.771628], [2.731751, 6.852838], [2.721416, 6.980272], [2.747719, 7.01983], [2.756762, 7.067915], [2.750613, 7.143234], [2.750509, 7.395053], [2.765806, 7.422519], [2.783944, 7.443396], [2.785133, 7.476857], [2.751026, 7.541917], [2.719349, 7.616254], [2.720434, 7.723095], [2.707721, 7.826603], [2.686017, 7.873757], [2.702347, 8.049819], [2.711494, 8.27301], [2.703071, 8.371841], [2.723586, 8.441914], [2.734645, 8.614022], [2.732888, 8.782539], [2.774849, 9.048544], [2.898097, 9.061359], [3.044962, 9.083839], [3.110436, 9.188277], [3.148056, 9.320594], [3.136171, 9.45162], [3.164696, 9.494666], [3.223401, 9.565644], [3.329544, 9.667033], [3.325203, 9.778473], [3.354452, 9.812812], [3.404785, 9.838625], [3.476718, 9.851905], [3.55723, 9.907303], [3.602085, 10.004558], [3.645907, 10.16013], [3.576557, 10.26834], [3.577901, 10.292499], [3.604152, 10.350686], [3.646579, 10.409003], [3.68022, 10.427788], [3.758458, 10.412698], [3.771791, 10.417607], [3.783831, 10.435901], [3.834474, 10.607441], [3.82972, 10.653769], [3.756805, 10.768723], [3.744867, 10.850449], [3.73417, 10.971915], [3.716394, 11.079608], [3.695361, 11.120329], [3.656242, 11.154591], [3.638879, 11.176837], [3.487829, 11.395429], [3.490568, 11.499195], [3.553923, 11.6319], [3.595419, 11.696289]]}}, {"type": "Feature", "properties": {}, "geometry": {"type": "LineString", "coordinates": [[13.072722, -4.634807], [13.048072, -4.619201], [12.971384, -4.551763], [12.881054, -4.445155], [12.848136, -4.428928], [12.798217, -4.43053], [12.719462, -4.469753], [12.641689, -4.531144], [12.501491, -4.587523], [12.384598, -4.619098], [12.374056, -4.657752], [12.346668, -4.724104], [12.307911, -4.765549], [12.204351, -4.778623], [12.167092, -4.837689], [12.077537, -4.952101], [12.018316, -5.004294]]}}, {"type": "Feature", "properties": {}, "geometry": {"type": "LineString", "coordinates": [[25.2588, -17.793591], [25.239008, -17.843097], [25.22397, -17.915237], [25.242263, -17.969084], [25.282416, -18.041224], [25.34019, -18.104476], [25.384322, -18.141941], [25.436722, -18.234907], [25.489277, -18.351283], [25.558316, -18.441768], [25.76125, -18.649249], [25.783677, -18.72356], [25.811893, -18.797044], [25.939327, -18.938637], [25.95917, -18.985663], [25.950695, -19.081729], [26.081902, -19.369928], [26.168098, -19.53829], [26.241014, -19.569296], [26.474591, -19.748613], [26.678248, -19.892791], [26.916735, -19.990149], [27.091814, -20.054176], [27.178217, -20.100943], [27.221522, -20.145798], [27.256766, -20.232046], [27.274646, -20.381856], [27.280743, -20.478698], [27.468949, -20.474822], [27.62465, -20.483556], [27.679324, -20.502986], [27.699581, -20.530685], [27.694827, -20.594557], [27.696997, -20.689745], [27.704283, -20.766432], [27.688057, -20.84834], [27.676895, -20.944819], [27.669454, -21.064295], [27.693431, -21.111011], [27.84412, -21.261493], [27.907475, -21.359058], [27.974551, -21.506749], [28.014032, -21.554188], [28.045606, -21.573101], [28.181619, -21.589328], [28.532037, -21.651236], [28.747734, -21.707615], [28.9193, -21.766061], [28.990717, -21.781461], [29.025547, -21.79686], [29.037329, -21.811382], [29.015831, -21.939901], [29.023376, -21.981242], [29.042393, -22.018397], [29.071539, -22.047491], [29.106885, -22.065681], [29.237213, -22.079479], [29.315245, -22.157717], [29.364802, -22.19389]]}}, {"type": "Feature", "properties": {}, "geometry": {"type": "LineString", "coordinates": [[14.063927, 13.078504], [13.932359, 13.258493], [13.763481, 13.489565], [13.606333, 13.704616]]}}, {"type": "Feature", "properties": {}, "geometry": {"type": "LineString", "coordinates": [[29.014384, -2.720195], [29.028647, -2.664592], [29.063167, -2.602528], [29.102028, -2.595655], [29.197577, -2.620305], [29.297054, -2.673015], [29.349764, -2.791509], [29.390227, -2.808562], [29.463711, -2.808355], [29.6514, -2.792801], [29.698064, -2.794713], [29.783381, -2.766394], [29.868182, -2.716371], [29.892574, -2.664643], [29.912417, -2.54863], [29.930194, -2.339547], [29.973447, -2.337066], [30.09189, -2.411532], [30.117314, -2.416596], [30.142274, -2.413961], [30.183305, -2.377012], [30.233845, -2.347092], [30.271, -2.347867], [30.408511, -2.312985], [30.482202, -2.37603], [30.528866, -2.395564], [30.553619, -2.400112]]}}, {"type": "Feature", "properties": {}, "geometry": {"type": "LineString", "coordinates": [[-7.406132, 37.179436], [-7.467161, 37.428052], [-7.496049, 37.523576], [-7.50349, 37.58551], [-7.443959, 37.728266], [-7.378898, 37.786376], [-7.292237, 37.906472], [-7.185422, 38.006363], [-7.072509, 38.03003], [-7.022847, 38.044707], [-6.981093, 38.121963], [-6.957554, 38.187902], [-6.974788, 38.194413], [-7.106408, 38.181003], [-7.343009, 38.45742], [-7.3358, 38.501475], [-7.305983, 38.566845], [-7.286371, 38.649372], [-7.28154, 38.714536], [-7.219941, 38.770502], [-7.125503, 38.826959], [-7.04605, 38.907057], [-7.006259, 38.985269], [-6.997965, 39.056454], [-7.042975, 39.107096], [-7.172399, 39.135208], [-7.305776, 39.338116], [-7.335438, 39.465137], [-7.362672, 39.47834], [-7.445121, 39.536166], [-7.524212, 39.644712], [-7.535684, 39.661559], [-7.454087, 39.680679], [-7.117674, 39.681687], [-7.04742, 39.705561], [-7.036748, 39.713959], [-6.975408, 39.798398], [-6.911175, 39.937097], [-6.896111, 40.021821], [-6.916394, 40.056832], [-7.027808, 40.14264], [-7.032614, 40.16791], [-7.014683, 40.208347], [-6.948433, 40.2516], [-6.858878, 40.300745], [-6.810147, 40.343119], [-6.821774, 40.376244], [-6.847923, 40.41097], [-6.852057, 40.443268], [-6.835675, 40.483137], [-6.829836, 40.619071], [-6.818364, 40.654056], [-6.835882, 40.777511], [-6.857741, 40.878332], [-6.92846, 41.009151], [-6.915541, 41.038038], [-6.882804, 41.062403], [-6.775782, 41.107724], [-6.690155, 41.214487], [-6.565924, 41.303732], [-6.403144, 41.375408], [-6.289352, 41.455041], [-6.244316, 41.515916], [-6.212509, 41.532039], [-6.221708, 41.560461], [-6.243128, 41.601802], [-6.308059, 41.642213], [-6.391723, 41.665364], [-6.484689, 41.664382], [-6.542179, 41.672495], [-6.559, 41.70407], [-6.552592, 41.789543], [-6.557501, 41.874137], [-6.57533, 41.913101], [-6.618273, 41.942401], [-6.70359, 41.934572], [-6.777281, 41.958473], [-6.833221, 41.964157], [-6.865544, 41.945244], [-7.030444, 41.950644], [-7.099122, 41.964209], [-7.147129, 41.981133], [-7.177928, 41.971702], [-7.195343, 41.955217], [-7.198315, 41.929379], [-7.209606, 41.895273], [-7.268543, 41.864422], [-7.403599, 41.833674], [-7.512585, 41.836], [-7.612579, 41.857962], [-7.644696, 41.873982], [-7.693039, 41.888451], [-7.896386, 41.870571], [-7.920855, 41.883645], [-7.990954, 41.851916], [-8.09441, 41.814218], [-8.152494, 41.81197], [-8.173527, 41.81998], [-8.181226, 41.836982], [-8.224738, 41.895841], [-8.213317, 41.927079], [-8.129963, 42.018185], [-8.139317, 42.039967], [-8.173578, 42.069396], [-8.204171, 42.111848], [-8.213059, 42.133708], [-8.266079, 42.137377], [-8.322561, 42.115104], [-8.538104, 42.069319], [-8.589677, 42.052731], [-8.682953, 42.008521], [-8.777133, 41.941084]]}}, {"type": "Feature", "properties": {}, "geometry": {"type": "LineString", "coordinates": [[43.439447, 41.107104], [43.45526, 41.064677], [43.517478, 41.004836], [43.591686, 40.968197], [43.631683, 40.929027], [43.696486, 40.794125], [43.722634, 40.71953], [43.712867, 40.647778], [43.667857, 40.574061], [43.569362, 40.482387], [43.593753, 40.444043], [43.615767, 40.393323], [43.608429, 40.356607], [43.678089, 40.239301], [43.70987, 40.166489], [43.683308, 40.149643], [43.666255, 40.126362], [43.791674, 40.070242], [43.942052, 40.023165], [44.005356, 40.014121], [44.178058, 40.035748], [44.289214, 40.040399], [44.399595, 39.99575], [44.560464, 39.887591], [44.733838, 39.746463], [44.768255, 39.70352], [44.783344, 39.684658], [44.783344, 39.684658]]}}, {"type": "Feature", "properties": {}, "geometry": {"type": "LineString", "coordinates": [[35.892673, 35.916568], [35.967552, 35.910056], [36.127335, 35.831457], [36.153587, 35.83386], [36.201956, 35.937548], [36.248878, 35.972688], [36.347529, 36.003539], [36.375434, 36.171255], [36.421477, 36.203449], [36.477081, 36.220683], [36.562399, 36.223939], [36.636762, 36.233964], [36.641464, 36.263523], [36.537439, 36.457413], [36.546638, 36.506351], [36.596867, 36.701352], [36.62839, 36.777704], [36.658569, 36.80256], [36.776598, 36.79269], [36.941756, 36.758403], [36.985319, 36.702411], [37.066193, 36.652647], [37.187426, 36.655902], [37.327055, 36.646601], [37.436351, 36.643319], [37.523529, 36.67833], [37.720365, 36.743701], [37.817981, 36.76556], [37.906658, 36.794654], [38.191705, 36.901546], [38.30591, 36.893381], [38.383942, 36.879248], [38.443783, 36.862246], [38.578038, 36.789124], [38.688884, 36.715072], [38.766657, 36.693135], [38.906494, 36.69466], [39.108445, 36.680552], [39.356595, 36.681586], [39.501445, 36.70223], [39.686498, 36.738636], [40.0164, 36.826047], [40.450379, 37.008878], [40.705712, 37.09771], [40.815576, 37.108175], [40.958875, 37.109156], [41.102174, 37.085902], [41.264593, 37.069314], [41.339575, 37.070787], [41.515533, 37.089183], [41.74353, 37.126106], [41.886829, 37.156389], [42.059893, 37.20605], [42.167897, 37.288629], [42.202675, 37.297259], [42.24753, 37.282247], [42.268511, 37.276588], [42.312849, 37.229614], [42.358996, 37.108588]]}}, {"type": "Feature", "properties": {}, "geometry": {"type": "LineString", "coordinates": [[35.450529, 31.479319], [35.422882, 31.325375], [35.423502, 31.324832], [35.400661, 31.230497], [35.409653, 31.214452], [35.439315, 31.132415], [35.38304, 30.982269], [35.320149, 30.860184], [35.297825, 30.802255], [35.23664, 30.673477], [35.17406, 30.523925], [35.140625, 30.420908], [35.14817, 30.384321], [35.132667, 30.195315], [35.141607, 30.141675], [35.068175, 29.97786], [35.053447, 29.896935], [35.02394, 29.787071], [34.973401, 29.555018]]}}, {"type": "Feature", "properties": {}, "geometry": {"type": "LineString", "coordinates": [[35.551453, 32.395516], [35.57202, 32.237878], [35.53471, 32.103002], [35.531506, 31.984921], [35.558998, 31.765529], [35.499467, 31.672382], [35.465463, 31.562363], [35.450529, 31.479319]]}}, {"type": "Feature", "properties": {}, "geometry": {"type": "LineString", "coordinates": [[35.611243, 32.682062], [35.5945, 32.668006], [35.572847, 32.64085], [35.569023, 32.61987], [35.551453, 32.395516]]}}, {"type": "Feature", "properties": {}, "geometry": {"type": "LineString", "coordinates": [[27.40332, 5.109197], [27.114965, 5.197848], [27.071816, 5.199735], [27.020604, 5.184387], [26.870071, 5.075659], [26.822063, 5.062379], [26.767545, 5.071939], [26.632566, 5.08522], [26.173524, 5.171158], [25.819954, 5.253711], [25.713914, 5.283709], [25.525088, 5.312131], [25.400135, 5.255907], [25.283139, 5.062689], [25.249343, 5.024551], [25.06522, 4.967423], [24.978403, 4.982952], [24.765496, 4.930087], [24.437093, 5.009979], [24.319787, 4.994166], [24.2277, 4.953858], [23.991694, 4.866267], [23.848446, 4.816347], [23.68179, 4.77082], [23.523608, 4.70129], [23.417155, 4.663127], [23.312924, 4.66354], [23.218821, 4.702969], [23.115881, 4.73692], [22.992891, 4.743871], [22.864579, 4.723872], [22.755748, 4.646693], [22.711668, 4.591761], [22.617204, 4.445569], [22.505634, 4.207676], [22.461813, 4.159746], [22.449669, 4.155121], [22.422125, 4.134942], [21.908151, 4.253901], [21.686976, 4.281393], [21.537631, 4.244806], [21.350201, 4.311365], [21.268397, 4.323096], [21.229743, 4.302218], [21.125564, 4.332191], [20.955755, 4.413116], [20.792974, 4.4473], [20.647453, 4.435621], [20.558105, 4.462699], [20.486481, 4.541532], [20.393515, 4.686174], [20.226342, 4.829628], [20.002376, 4.944711], [19.862488, 5.031295], [19.806574, 5.089328], [19.686065, 5.121393], [19.50096, 5.127491], [19.3234, 5.07075], [19.068532, 4.891407], [18.83175, 4.523445], [18.699924, 4.382601], [18.594194, 4.346221], [18.567477, 4.25757], [18.619877, 4.116622], [18.633726, 3.954281], [18.596726, 3.67869], [18.610317, 3.478444]]}}, {"type": "Feature", "properties": {}, "geometry": {"type": "LineString", "coordinates": [[30.553619, -2.400112], [30.533723, -2.42626], [30.441998, -2.613432], [30.424221, -2.641596], [30.434349, -2.658855], [30.473365, -2.694306], [30.450472, -2.753268], [30.441274, -2.769081], [30.424014, -2.824065], [30.433471, -2.874501], [30.455537, -2.893208], [30.515068, -2.917548], [30.604262, -2.935273], [30.709475, -2.977234], [30.780271, -2.984882], [30.796911, -3.015164], [30.793604, -3.069321], [30.811122, -3.116399], [30.811432, -3.20058], [30.790245, -3.27458], [30.681776, -3.30941], [30.626069, -3.347341], [30.610979, -3.366358], [30.624622, -3.388682], [30.631908, -3.418654], [30.529899, -3.492448], [30.425048, -3.588876], [30.400036, -3.653885], [30.379159, -3.73078], [30.348463, -3.779821], [30.268571, -3.850514], [30.187129, -3.992883], [30.147132, -4.085383], [29.947299, -4.307282], [29.76948, -4.418076], [29.717804, -4.455852], [29.403198, -4.449289]]}}, {"type": "Feature", "properties": {}, "geometry": {"type": "LineString", "coordinates": [[29.014384, -2.720195], [29.014126, -2.758281], [29.016606, -2.799622], [29.064717, -2.850782], [29.153187, -2.955271], [29.224397, -3.053508], [29.226051, -3.138723], [29.212305, -3.281298], [29.210083, -3.363309], [29.217163, -3.475705], [29.216749, -3.684943], [29.21184, -3.833823], [29.223261, -3.910872], [29.331368, -4.095409], [29.379168, -4.299737], [29.403198, -4.449289]]}}, {"type": "Feature", "properties": {}, "geometry": {"type": "LineString", "coordinates": [[29.576934, -1.387874], [29.537763, -1.409733], [29.468, -1.468075], [29.401958, -1.507401], [29.351625, -1.51753], [29.268116, -1.621606], [29.196595, -1.719946], [29.143265, -1.816065], [29.129364, -1.860248], [29.14063, -1.98453], [29.14802, -2.131859], [29.131535, -2.195163], [29.106472, -2.233248], [28.98958, -2.312778], [28.912737, -2.370294], [28.876408, -2.400318], [28.85765, -2.446672], [28.891446, -2.555554], [28.893978, -2.635084], [28.92178, -2.682058], [29.014384, -2.720195]]}}, {"type": "Feature", "properties": {}, "geometry": {"type": "LineString", "coordinates": [[35.268318, 5.492301], [35.252453, 5.511033], [35.1645, 5.58121], [35.081921, 5.673142], [35.031898, 5.774893], [34.983581, 5.858325], [34.959034, 6.045058], [34.89785, 6.159805], [34.83806, 6.300133], [34.749228, 6.567868], [34.710678, 6.660317], [34.638744, 6.722148], [34.56278, 6.779845], [34.484335, 6.898391], [34.279283, 7.002829], [34.200424, 7.084581], [34.064205, 7.225735], [34.030202, 7.296971], [34.020384, 7.367974], [33.977957, 7.434585], [33.902458, 7.509542], [33.66609, 7.670979], [33.600978, 7.690409], [33.516332, 7.707773], [33.392257, 7.723715], [33.226014, 7.760664], [33.080751, 7.823709], [33.014657, 7.868564], [32.998896, 7.899518], [33.01259, 7.951505], [33.065197, 8.040491], [33.165242, 8.251073], [33.234282, 8.396387], [33.281101, 8.437263], [33.409362, 8.447728], [33.545322, 8.443413], [33.644799, 8.432586], [33.785049, 8.431114], [33.953308, 8.44349], [34.019764, 8.492092], [34.072784, 8.545267], [34.094591, 8.582241], [34.101722, 8.676344], [34.101619, 8.751869], [34.091025, 9.041257], [34.084566, 9.218507], [34.077124, 9.420976], [34.07808, 9.460738]]}}, {"type": "Feature", "properties": {}, "geometry": {"type": "LineString", "coordinates": [[22.860083, 10.91967], [22.817347, 10.927189], [22.730168, 10.954035], [22.624077, 10.977366], [22.493852, 10.996228], [22.369829, 10.951528], [22.235883, 10.894167], [22.193612, 10.851379], [22.156302, 10.826058], [22.097132, 10.830089], [22.04313, 10.822725], [22.013778, 10.78203], [21.964789, 10.736658], [21.771519, 10.642813], [21.730695, 10.608707], [21.70651, 10.574781], [21.70651, 10.53791], [21.726147, 10.461636], [21.725785, 10.366551], [21.682687, 10.289837], [21.632716, 10.238264], [21.575769, 10.21855], [21.52802, 10.207827], [21.496859, 10.17571], [21.396038, 10.00138], [21.352423, 9.969159], [21.26385, 9.974585], [21.009447, 9.713232], [20.984177, 9.63626], [20.891056, 9.527171], [20.773234, 9.405679], [20.668124, 9.34713], [20.659649, 9.324496], [20.631434, 9.301345], [20.56689, 9.274938], [20.342097, 9.127092], [20.072708, 9.13319], [19.953542, 9.075157], [19.837735, 9.049345], [19.668392, 9.020897], [19.61749, 9.023584], [19.400294, 9.011595], [19.145529, 9.015987], [19.047861, 8.995007], [18.95629, 8.938886], [18.888284, 8.889742], [18.878362, 8.87318], [18.888594, 8.852509], [18.88601, 8.83605], [19.064191, 8.715437], [19.108684, 8.656139], [19.063881, 8.598829], [19.042435, 8.590277], [19.039799, 8.586918], [19.010861, 8.54121], [18.906474, 8.405095], [18.747414, 8.243787], [18.666231, 8.197717], [18.633623, 8.167745], [18.59161, 8.0608], [18.56417, 8.045917], [18.455029, 8.032017], [18.238918, 8.020363], [17.940125, 7.985456], [17.760808, 7.973829], [17.649393, 7.983596], [17.49271, 7.909828], [17.436383, 7.890914], [17.402122, 7.884558], [17.246937, 7.812986], [17.117953, 7.701907], [17.072013, 7.680823], [16.89037, 7.633669], [16.818126, 7.557317], [16.784743, 7.550961], [16.668368, 7.651755], [16.588941, 7.743352], [16.550184, 7.835904], [16.545275, 7.865463], [16.523261, 7.859934], [16.459388, 7.819006], [16.404353, 7.772368], [16.378877, 7.683562], [16.191084, 7.623437], [16.030681, 7.572122], [15.95761, 7.507552], [15.845059, 7.475306], [15.701295, 7.488432], [15.589261, 7.515045], [15.480068, 7.523779]]}}, {"type": "Feature", "properties": {}, "geometry": {"type": "LineString", "coordinates": [[13.293587, 2.161574], [13.269919, 2.224206], [13.22031, 2.256452], [13.130806, 2.259423], [12.867515, 2.246788], [12.665718, 2.256788], [12.601329, 2.26503], [12.529758, 2.28136], [12.361292, 2.295984], [12.153398, 2.284357], [12.106114, 2.287509], [11.939768, 2.285158], [11.559016, 2.302185], [11.348383, 2.299705], [11.353344, 2.261413], [11.339959, 2.233817], [11.328746, 2.167413]]}}, {"type": "Feature", "properties": {}, "geometry": {"type": "LineString", "coordinates": [[11.130153, -3.916298], [11.189994, -3.761992], [11.234488, -3.690782], [11.288335, -3.641069], [11.504342, -3.520353], [11.536795, -3.524952], [11.685726, -3.681997], [11.733424, -3.694503], [11.786444, -3.690265], [11.849127, -3.696725], [11.879926, -3.665926], [11.884784, -3.625411], [11.839412, -3.58004], [11.832901, -3.531412], [11.864734, -3.478599], [11.882769, -3.420204], [11.929329, -3.35101], [11.934187, -3.318557], [11.885094, -3.283158], [11.784377, -3.229105], [11.715389, -3.176912], [11.689034, -3.126992], [11.708051, -3.06312], [11.763448, -3.011237], [11.76014, -2.983125], [11.711358, -2.936513], [11.675701, -2.886645], [11.639114, -2.855381], [11.537828, -2.836674], [11.557155, -2.769598], [11.594517, -2.670999], [11.603457, -2.595449], [11.575242, -2.397063], [11.577723, -2.360941], [11.605421, -2.342596], [11.665883, -2.364558], [11.726757, -2.394737], [11.892432, -2.351432], [11.95031, -2.344818], [11.998265, -2.382852], [12.064411, -2.412617], [12.446403, -2.329935], [12.453845, -2.245599], [12.475704, -2.169221], [12.478546, -2.112015], [12.46263, -2.075274], [12.443716, -2.047575], [12.432451, -1.990317], [12.432141, -1.928926], [12.468676, -1.899987], [12.590477, -1.826813], [12.628408, -1.829604], [12.713674, -1.869446], [12.793514, -1.93182], [12.864466, -2.063233], [12.913558, -2.176249], [12.992003, -2.313347], [13.158608, -2.369106], [13.357356, -2.404814], [13.464946, -2.395409], [13.618528, -2.278569], [13.705603, -2.187515], [13.733818, -2.138474], [13.784358, -2.163744], [13.841564, -2.283685], [13.878461, -2.330193], [13.887711, -2.374532], [13.861821, -2.429929], [13.886884, -2.465379], [13.993854, -2.490649], [14.08744, -2.466878], [14.129763, -2.417992], [14.199785, -2.354223], [14.200405, -2.300634], [14.162836, -2.265546], [14.162836, -2.217539], [14.2018, -2.179867], [14.239679, -2.07672], [14.251461, -2.00148], [14.28841, -1.953472], [14.358586, -1.920244], [14.38396, -1.890065], [14.423234, -1.711575], [14.402925, -1.646928], [14.402925, -1.593391], [14.447212, -1.525075], [14.455583, -1.413195], [14.436876, -1.229795], [14.42406, -1.10386], [14.410625, -0.972085], [14.444886, -0.798814], [14.480595, -0.618308], [14.474083, -0.573453], [14.424681, -0.518676], [14.363806, -0.468602], [14.206761, -0.427312], [14.148367, -0.36189], [14.10284, -0.292333], [14.069457, -0.270112], [13.897994, -0.242621], [13.860064, -0.203346], [13.875463, -0.090795], [13.890656, 0.075293], [13.88461, 0.190841], [13.915151, 0.283962], [13.949619, 0.353829], [14.025325, 0.427726], [14.065529, 0.515008], [14.087544, 0.536557], [14.230997, 0.551129], [14.283087, 0.587458], [14.324222, 0.6242], [14.341482, 0.673809], [14.390678, 0.755716], [14.434447, 0.811475], [14.439202, 0.849096], [14.429848, 0.901444], [14.38644, 1.004435], [14.334454, 1.090218], [14.303034, 1.120862], [14.239731, 1.322555], [14.180871, 1.370201], [14.066201, 1.395884], [13.851331, 1.418751], [13.721158, 1.382293], [13.52334, 1.314597], [13.372342, 1.267778], [13.274105, 1.24101], [13.216279, 1.248451], [13.190131, 1.27925], [13.228371, 1.305399], [13.247388, 1.366687], [13.22279, 1.454614], [13.18455, 1.535049], [13.162742, 1.648117], [13.172147, 1.788573], [13.209458, 1.9204], [13.288626, 2.091707], [13.293587, 2.161574]]}}, {"type": "Feature", "properties": {}, "geometry": {"type": "LineString", "coordinates": [[15.480068, 7.523779], [15.532468, 7.60442], [15.552674, 7.664494], [15.557841, 7.738029], [15.54978, 7.787897], [15.484461, 7.812753], [15.443016, 7.851872], [15.349069, 8.083848], [15.252382, 8.322386], [15.116215, 8.557307], [14.968007, 8.707272], [14.860778, 8.798636], [14.82631, 8.810315], [14.771274, 8.839151], [14.732776, 8.865661], [14.536095, 9.025238], [14.332283, 9.203521], [14.28009, 9.285067], [14.177926, 9.40648], [14.064186, 9.531718], [14.004965, 9.588717], [13.977266, 9.691553], [14.055969, 9.784364], [14.139788, 9.901799], [14.243296, 9.979753], [14.377242, 9.98505], [14.597952, 9.953088], [14.835818, 9.941719], [15.071566, 9.965955], [15.132751, 9.982854], [15.193161, 9.98151], [15.320026, 9.954276], [15.540892, 9.960323], [15.654838, 10.007813], [15.5319, 10.08848], [15.399918, 10.216896], [15.27605, 10.357378], [15.200964, 10.484528], [15.132234, 10.648498], [15.068672, 10.851069], [15.029915, 11.113663], [15.035754, 11.262517], [15.055443, 11.368557], [15.122002, 11.54126], [15.078026, 11.642597], [15.087689, 11.724349], [15.081281, 11.845505], [15.059887, 11.907129], [14.973846, 12.108357], [14.956741, 12.130345], [14.880673, 12.269381], [14.847084, 12.50208], [14.761249, 12.65561], [14.623273, 12.729921], [14.544777, 12.820226], [14.516251, 12.979751], [14.461681, 13.021789], [14.244847, 13.077367], [14.063927, 13.078504]]}}, {"type": "Feature", "properties": {}, "geometry": {"type": "LineString", "coordinates": [[14.063927, 13.078504], [14.160097, 12.61277], [14.170329, 12.524068], [14.177616, 12.484096], [14.184902, 12.447199], [14.197459, 12.383792], [14.272855, 12.356507], [14.415379, 12.344131], [14.518938, 12.298268], [14.58095, 12.222045], [14.587048, 12.209436], [14.619707, 12.15099], [14.627149, 12.108693], [14.618209, 11.986607], [14.597383, 11.829821], [14.56183, 11.728716], [14.581674, 11.591179], [14.575421, 11.532423], [14.559763, 11.49227], [14.496097, 11.446123], [14.409488, 11.401191], [14.202369, 11.26815], [14.143251, 11.248539], [14.056744, 11.244999], [13.9814, 11.211848], [13.892103, 11.140096], [13.699867, 10.873135], [13.535329, 10.605064], [13.478485, 10.383242], [13.41451, 10.171447], [13.269867, 10.036184], [13.249765, 9.960064], [13.243719, 9.915933], [13.23881, 9.814027], [13.221188, 9.645148], [13.198761, 9.563758], [13.175455, 9.539625], [13.019392, 9.48831], [12.929475, 9.426247], [12.87568, 9.303541], [12.855991, 9.170733], [12.824468, 9.01945], [12.806536, 8.886616], [12.782249, 8.81786], [12.731141, 8.745642], [12.651559, 8.667766], [12.582726, 8.624125], [12.403512, 8.595548], [12.311321, 8.419745], [12.233393, 8.282337], [12.231119, 8.227379], [12.155982, 7.942487], [12.025189, 7.727772], [12.016611, 7.651988], [12.016042, 7.589744], [11.852435, 7.400737], [11.809181, 7.345056], [11.767375, 7.272244], [11.808613, 7.201938], [11.85476, 7.137963], [11.861426, 7.116413], [11.787012, 7.05621], [11.657511, 6.951566], [11.580048, 6.888856], [11.562995, 6.854621], [11.551678, 6.697266], [11.529147, 6.655046], [11.477574, 6.597401], [11.401764, 6.533917], [11.324611, 6.484669], [11.237278, 6.450537], [11.153356, 6.437928], [11.106485, 6.45772], [11.079665, 6.505521], [11.032536, 6.697886], [11.008662, 6.739124], [10.954195, 6.776538], [10.846501, 6.881802], [10.737567, 6.988308], [10.606206, 7.063083], [10.578094, 7.057709], [10.55639, 7.037452], [10.519079, 6.930456], [10.482337, 6.891259], [10.413143, 6.87772], [10.293098, 6.876738], [10.205507, 6.891595], [10.18556, 6.912808], [10.167731, 6.959162], [10.143598, 6.996421], [10.038902, 6.921412], [9.874261, 6.803254], [9.820724, 6.783927], [9.779848, 6.760182], [9.725639, 6.649982], [9.659907, 6.531979], [9.574021, 6.470406], [9.490201, 6.418627], [9.442142, 6.373384], [9.373361, 6.31964], [9.238744, 6.186109], [9.06015, 6.009065], [8.997157, 5.917727], [8.935042, 5.780991], [8.898816, 5.629683], [8.859129, 5.463749], [8.800941, 5.197435], [8.715572, 5.046876], [8.640538, 4.926986], [8.58514, 4.832832], [8.555892, 4.755214]]}}, {"type": "Feature", "properties": {}, "geometry": {"type": "LineString", "coordinates": [[3.595419, 11.696289], [3.653142, 11.731842], [3.664717, 11.762435], [3.647354, 11.799642], [3.618415, 11.827754], [3.611801, 11.887285], [3.620069, 11.926973], [3.640636, 11.970381], [3.632523, 12.061564], [3.634176, 12.201607], [3.64384, 12.405264], [3.646682, 12.529985], [3.769207, 12.622176], [3.947904, 12.775034], [4.038751, 12.934663], [4.087379, 13.055482], [4.14753, 13.457732], [4.190783, 13.482123], [4.24215, 13.501063], [4.421415, 13.647514], [4.559443, 13.7018], [4.664811, 13.733219], [4.823355, 13.759781], [4.921695, 13.749135], [5.100857, 13.742727], [5.241934, 13.757248], [5.361616, 13.836882], [5.415773, 13.85918], [5.491996, 13.872849], [5.838176, 13.765362], [6.184253, 13.663662], [6.247144, 13.67299], [6.299802, 13.658805], [6.38636, 13.603614], [6.514052, 13.485405], [6.589913, 13.40913], [6.626552, 13.364249], [6.804267, 13.10765], [6.870568, 13.043287], [6.937179, 13.008199], [7.00503, 12.995538], [7.056758, 13.000189], [7.106058, 13.029076], [7.17303, 13.086333], [7.274729, 13.112275], [7.357825, 13.107159], [7.788703, 13.337894], [7.830509, 13.340917], [7.955721, 13.322753], [8.095041, 13.291179], [8.456001, 13.059668], [8.750608, 12.908153], [8.957624, 12.857458], [9.201537, 12.821492], [9.615879, 12.81064], [9.929244, 13.135245], [10.045155, 13.206171], [10.184629, 13.270095], [10.229588, 13.281024], [10.475878, 13.33022], [10.958846, 13.371536], [11.411945, 13.353604], [11.501035, 13.34053], [11.693374, 13.29769], [11.989997, 13.191805], [12.118, 13.090416], [12.319073, 13.073673], [12.463198, 13.093775], [12.51012, 13.194337], [12.654763, 13.326551], [12.759976, 13.380372], [12.871649, 13.448999], [13.048434, 13.534523], [13.193851, 13.573074], [13.323869, 13.670845], [13.426912, 13.701774], [13.606333, 13.704616]]}}, {"type": "Feature", "properties": {}, "geometry": {"type": "LineString", "coordinates": [[1.187246, 6.089422], [1.185075, 6.145], [1.1396, 6.155025], [1.084461, 6.173784], [1.049941, 6.202645], [1.002141, 6.268532], [0.984984, 6.320286], [0.912224, 6.328555], [0.822513, 6.386381], [0.736937, 6.452578], [0.707172, 6.518724], [0.71544, 6.549316], [0.702211, 6.580736], [0.672755, 6.592518], [0.595757, 6.742173], [0.548008, 6.802479], [0.525581, 6.850926], [0.533435, 6.888314], [0.5231, 6.938853], [0.538086, 6.979703], [0.579479, 7.004121], [0.59245, 7.03399], [0.596222, 7.096647], [0.619528, 7.226536], [0.634721, 7.35366], [0.591003, 7.3888], [0.53726, 7.398722], [0.509613, 7.435128], [0.498916, 7.495098], [0.499949, 7.546852], [0.605162, 7.728211], [0.583562, 8.145808], [0.599271, 8.209577], [0.647072, 8.25345], [0.688051, 8.304248], [0.686294, 8.354865], [0.616221, 8.479638], [0.483309, 8.575291], [0.415303, 8.652728], [0.378639, 8.722], [0.372567, 8.759259], [0.453079, 8.813778], [0.488787, 8.851476], [0.493231, 8.89491], [0.460365, 8.974233], [0.466153, 9.11531], [0.497159, 9.221246], [0.528991, 9.358318], [0.525684, 9.398496], [0.447575, 9.480249], [0.405304, 9.491436], [0.370965, 9.485571], [0.289316, 9.431828], [0.259964, 9.42604], [0.241515, 9.441905], [0.233402, 9.463505], [0.261876, 9.495622], [0.251541, 9.535646], [0.275518, 9.570631], [0.32735, 9.586573], [0.342569, 9.604143], [0.27278, 9.620938], [0.264589, 9.644735], [0.269524, 9.667911], [0.289678, 9.672304], [0.311692, 9.670986], [0.323888, 9.687574], [0.334533, 9.80395], [0.34306, 9.844593], [0.351845, 9.924924], [0.362697, 10.236481], [0.378639, 10.268572], [0.380887, 10.291853], [0.331846, 10.306942], [0.216039, 10.390529], [0.148291, 10.454789], [0.089277, 10.520598], [0.03946, 10.563852], [-0.057691, 10.630618], [-0.08632, 10.673044], [-0.090196, 10.715522], [-0.060585, 10.800607], [-0.013895, 10.891351], [0.009436, 11.020981], [-0.004749, 11.055553], [-0.068621, 11.115601]]}}, {"type": "Feature", "properties": {}, "geometry": {"type": "LineString", "coordinates": [[-2.695851, 9.481334], [-2.68611, 9.431724], [-2.705747, 9.351393], [-2.701793, 9.301681], [-2.674224, 9.282612], [-2.68921, 9.218611], [-2.746674, 9.109625], [-2.746933, 9.045133], [-2.689882, 9.025083], [-2.649213, 8.956611], [-2.624925, 8.839616], [-2.600404, 8.800445], [-2.598001, 8.776364], [-2.556867, 8.493022], [-2.505862, 8.20875], [-2.538263, 8.171646], [-2.582757, 8.160794], [-2.611696, 8.147565], [-2.619964, 8.121107], [-2.600947, 8.082246], [-2.613349, 8.046693], [-2.66885, 8.022198], [-2.789773, 7.931919], [-2.798144, 7.896004], [-2.830132, 7.819058], [-2.8569, 7.772084], [-2.896355, 7.685009], [-2.95909, 7.454532], [-2.982319, 7.26364], [-2.985781, 7.204858], [-3.010172, 7.163749], [-3.037716, 7.104605], [-3.168897, 6.940972], [-3.235792, 6.807233], [-3.227162, 6.749097], [-3.224113, 6.690755], [-3.243905, 6.64869], [-3.240288, 6.535622], [-3.224035, 6.441054], [-3.2006, 6.348269], [-3.105593, 6.085624], [-3.056165, 5.926279], [-3.025314, 5.79776], [-2.998287, 5.711305], [-2.97281, 5.676295], [-2.962268, 5.643015], [-2.821192, 5.619192], [-2.793648, 5.600072], [-2.754994, 5.432537], [-2.761919, 5.356934], [-2.789617, 5.328202], [-2.788687, 5.264123], [-2.795199, 5.184542], [-2.815662, 5.153019], [-2.894702, 5.14904], [-2.948367, 5.118861], [-3.019138, 5.130824], [-3.086731, 5.128318], [-3.114016, 5.088656]]}}, {"type": "Feature", "properties": {}, "geometry": {"type": "LineString", "coordinates": [[-5.523559, 10.426005], [-5.507023, 10.483443], [-5.479014, 10.565092], [-5.475655, 10.64395], [-5.457077, 10.77141], [-5.468575, 10.931039], [-5.490486, 11.042375], [-5.424237, 11.088729], [-5.347394, 11.130277], [-5.299852, 11.205931], [-5.250242, 11.375766], [-5.229365, 11.522475], [-5.244765, 11.576761], [-5.270293, 11.61986], [-5.29055, 11.683318], [-5.301996, 11.760471], [-5.288121, 11.827909], [-5.230192, 11.890282], [-5.157535, 11.942372], [-5.10591, 11.967539], [-4.968993, 11.993299], [-4.79797, 12.032108], [-4.699346, 12.076188], [-4.627231, 12.120191], [-4.586924, 12.155021], [-4.546048, 12.226463], [-4.479902, 12.281783], [-4.428691, 12.337593], [-4.421559, 12.493088], [-4.421921, 12.581584], [-4.459851, 12.630392], [-4.480625, 12.672224], [-4.227101, 12.793716], [-4.22524, 12.879473], [-4.260639, 12.975332], [-4.310248, 13.052485], [-4.328697, 13.119045], [-4.258675, 13.197334], [-4.196198, 13.256168], [-4.151033, 13.306217], [-4.051194, 13.382439], [-3.947299, 13.40218], [-3.85348, 13.373551], [-3.575771, 13.194208], [-3.527609, 13.18271], [-3.469938, 13.196404], [-3.396712, 13.243714], [-3.301731, 13.28074], [-3.266746, 13.400759], [-3.270182, 13.577466], [-3.248608, 13.65834], [-3.19843, 13.672861], [-3.038698, 13.63909], [-2.997228, 13.637101], [-2.950848, 13.648444], [-2.917103, 13.679475], [-2.918499, 13.736371], [-2.925888, 13.786756], [-2.873953, 13.950725], [-2.778843, 14.073715], [-2.586736, 14.227581], [-2.526894, 14.258303], [-2.457235, 14.274116], [-2.113225, 14.168438], [-2.057156, 14.194638], [-1.973026, 14.456534], [-1.879776, 14.481494], [-1.767794, 14.486041], [-1.695059, 14.508469], [-1.657335, 14.526788], [-1.493676, 14.626058], [-1.20496, 14.761528], [-1.049569, 14.819509], [-1.019183, 14.841342], [-0.907975, 14.937409], [-0.760439, 15.047764], [-0.666465, 15.069778], [-0.536551, 15.077866], [-0.454463, 15.05965], [-0.432294, 15.02854], [-0.405422, 15.012521], [-0.235872, 15.059417], [0.007318, 14.984822], [0.217486, 14.911493]]}}, {"type": "Feature", "properties": {}, "geometry": {"type": "LineString", "coordinates": [[-2.695851, 9.481334], [-2.717193, 9.457149], [-2.766621, 9.424722], [-2.816748, 9.425833], [-2.875142, 9.500945], [-2.900877, 9.534612], [-2.948135, 9.610732], [-2.988262, 9.687342], [-3.042625, 9.72088], [-3.095826, 9.752118], [-3.160706, 9.849167], [-3.223544, 9.895469], [-3.28969, 9.882239], [-3.386274, 9.900275], [-3.581145, 9.924304], [-3.790642, 9.917199], [-3.877665, 9.8949], [-3.963473, 9.859631], [-4.18116, 9.781755], [-4.267176, 9.743256], [-4.332211, 9.645716], [-4.406211, 9.648016], [-4.480264, 9.679229], [-4.526617, 9.723489], [-4.625836, 9.713568], [-4.721748, 9.756562], [-4.814481, 9.841157], [-4.88272, 9.868933], [-4.969898, 9.930066], [-4.994031, 10.046493], [-5.049325, 10.128323], [-5.099864, 10.241623], [-5.175312, 10.292628], [-5.262283, 10.31968], [-5.382276, 10.313996], [-5.461289, 10.359549], [-5.523559, 10.426005]]}}, {"type": "Feature", "properties": {}, "geometry": {"type": "LineString", "coordinates": [[-8.486427, 7.558505], [-8.467255, 7.547033], [-8.437154, 7.516389], [-8.408758, 7.411796], [-8.29662, 7.074039], [-8.302356, 6.980944], [-8.324499, 6.920043], [-8.325119, 6.860408], [-8.332587, 6.801549], [-8.401213, 6.705121], [-8.603578, 6.50782], [-8.587868, 6.490509], [-8.539551, 6.468081], [-8.490355, 6.456376], [-8.449892, 6.4625], [-8.399301, 6.413175], [-8.34486, 6.351292], [-8.287111, 6.319046], [-8.203861, 6.290727], [-8.130997, 6.287549], [-8.068959, 6.298401], [-7.9816, 6.286154], [-7.888634, 6.234865], [-7.85551, 6.150168], [-7.833237, 6.076374], [-7.80094, 6.038934], [-7.796547, 5.975088], [-7.730375, 5.919045], [-7.636143, 5.907702], [-7.513929, 5.842021], [-7.482794, 5.845535], [-7.469435, 5.853726], [-7.454397, 5.841298], [-7.423702, 5.651335], [-7.39993, 5.550592], [-7.412436, 5.509897], [-7.428921, 5.477883], [-7.429825, 5.324507], [-7.485196, 5.236425], [-7.494137, 5.139816], [-7.509794, 5.108474], [-7.568912, 5.080672], [-7.569326, 5.006465], [-7.585035, 4.916754], [-7.591185, 4.821541], [-7.574648, 4.572305], [-7.571599, 4.386425], [-7.54496, 4.351311]]}}, {"type": "Feature", "properties": {}, "geometry": {"type": "LineString", "coordinates": [[-8.486427, 7.558505], [-8.522291, 7.585558], [-8.564407, 7.625116], [-8.578851, 7.677051], [-8.607299, 7.687955], [-8.65975, 7.688368], [-8.708326, 7.658913], [-8.729462, 7.605273], [-8.73264, 7.543545], [-8.740236, 7.495718], [-8.769149, 7.46678], [-8.827957, 7.391952], [-8.855526, 7.322809], [-8.889633, 7.262709], [-8.938441, 7.266146], [-8.960972, 7.274595], [-8.976578, 7.258885], [-9.052336, 7.225477], [-9.117603, 7.215891], [-9.134812, 7.250591], [-9.172845, 7.278445], [-9.215168, 7.333325], [-9.263279, 7.377715], [-9.355315, 7.408695], [-9.391643, 7.394898], [-9.435103, 7.398412], [-9.463835, 7.415878], [-9.459753, 7.442543], [-9.411487, 7.509981], [-9.383995, 7.57189], [-9.368932, 7.639534], [-9.369113, 7.703819], [-9.394951, 7.794615], [-9.436344, 7.866704], [-9.446369, 7.90851], [-9.441563, 7.967912], [-9.451123, 8.023232], [-9.464559, 8.052093], [-9.471148, 8.106999], [-9.484118, 8.156996], [-9.508484, 8.176245], [-9.52223, 8.260013], [-9.518251, 8.346106], [-9.553907, 8.378636], [-9.610183, 8.40233], [-9.643204, 8.436049], [-9.663565, 8.47354], [-9.6839, 8.484444], [-9.701185, 8.48217], [-9.716895, 8.458864], [-9.735602, 8.453955], [-9.768287, 8.53457], [-9.781981, 8.53767], [-9.804745, 8.519196], [-10.064341, 8.429873], [-10.07571, 8.4646], [-10.097647, 8.505838], [-10.147411, 8.519739], [-10.233065, 8.48881], [-10.283217, 8.485141]]}}, {"type": "Feature", "properties": {}, "geometry": {"type": "LineString", "coordinates": [[-5.523559, 10.426005], [-5.556606, 10.439932], [-5.694298, 10.433214], [-5.84385, 10.389547], [-5.896198, 10.354717], [-5.907567, 10.307226], [-5.940691, 10.275084], [-5.988699, 10.239117], [-6.034562, 10.194804], [-6.117218, 10.201884], [-6.196851, 10.232141], [-6.238373, 10.261648], [-6.241293, 10.279218], [-6.21499, 10.322368], [-6.19264, 10.369445], [-6.190676, 10.40027], [-6.21778, 10.476286], [-6.239717, 10.558116], [-6.230648, 10.597493], [-6.250233, 10.717925], [-6.261137, 10.724074], [-6.365652, 10.692836], [-6.404151, 10.68511], [-6.425855, 10.671804], [-6.432599, 10.648756], [-6.407536, 10.572352], [-6.423918, 10.559149], [-6.482596, 10.561216], [-6.564607, 10.586434], [-6.654136, 10.656456], [-6.676357, 10.63377], [-6.686124, 10.578011], [-6.691963, 10.51202], [-6.669329, 10.392183], [-6.693281, 10.349446], [-6.7532, 10.357146], [-6.83366, 10.356991], [-6.903837, 10.345054], [-6.950345, 10.342315], [-6.979491, 10.299578], [-6.991738, 10.251881], [-6.963833, 10.198706], [-6.968174, 10.176227], [-6.989464, 10.155659], [-7.017111, 10.143257], [-7.039746, 10.144756], [-7.10491, 10.203538], [-7.182321, 10.225681], [-7.363163, 10.259348], [-7.385048, 10.340119], [-7.414787, 10.341307], [-7.456568, 10.383914], [-7.497961, 10.439777], [-7.532842, 10.436831], [-7.562117, 10.421225], [-7.661155, 10.427452], [-7.749082, 10.342289], [-7.81422, 10.236585], [-7.884061, 10.185761], [-7.96093, 10.163463], [-7.990644, 10.162507]]}}, {"type": "Feature", "properties": {}, "geometry": {"type": "LineString", "coordinates": [[-15.04303, 10.940159], [-14.999053, 10.992198], [-14.944431, 11.072141], [-14.779273, 11.405506], [-14.720259, 11.481909], [-14.682948, 11.508497], [-14.604814, 11.511597], [-14.452471, 11.556194], [-14.327828, 11.629781], [-14.265584, 11.659909], [-14.122311, 11.651951], [-13.953225, 11.664611], [-13.732774, 11.736028], [-13.728562, 11.834136], [-13.730655, 11.959839], [-13.737993, 12.009655], [-13.816283, 12.05451], [-13.861887, 12.093319], [-13.901187, 12.142877], [-13.948885, 12.178172], [-13.947309, 12.215224], [-13.887493, 12.246901], [-13.849459, 12.262999], [-13.759749, 12.262353], [-13.730087, 12.280801], [-13.707892, 12.312685], [-13.682389, 12.393404], [-13.673553, 12.478489], [-13.732619, 12.592823], [-13.72926, 12.673904]]}}, {"type": "Feature", "properties": {}, "geometry": {"type": "LineString", "coordinates": [[-11.389403, 12.404411], [-11.418083, 12.377669], [-11.447564, 12.319248], [-11.474565, 12.247186], [-11.502212, 12.198636], [-11.492445, 12.166958], [-11.414621, 12.104016], [-11.30517, 12.015417], [-11.260677, 12.004074], [-11.209672, 12.024874], [-11.129263, 12.095024], [-11.065805, 12.170782], [-11.004542, 12.207498], [-10.933203, 12.205198], [-10.876152, 12.151868], [-10.806492, 12.034305], [-10.743034, 11.927257], [-10.734921, 11.916456], [-10.709237, 11.898706], [-10.677353, 11.899429], [-10.643712, 11.925526], [-10.61901, 11.941235], [-10.589503, 11.990276], [-10.465816, 12.138691], [-10.372772, 12.179541], [-10.339906, 12.19029], [-10.274871, 12.212666], [-10.1671, 12.177448], [-10.010624, 12.116444], [-9.820687, 12.042495], [-9.754024, 12.029912], [-9.71475, 12.042469], [-9.658294, 12.143109], [-9.58773, 12.182487], [-9.486831, 12.22866], [-9.405002, 12.252457], [-9.358105, 12.255428], [-9.340174, 12.282765], [-9.331544, 12.323744], [-9.340846, 12.366041], [-9.393633, 12.442238], [-9.395364, 12.464666], [-9.365185, 12.47929], [-9.300021, 12.490272], [-9.215556, 12.482882], [-9.120471, 12.449938], [-9.043086, 12.402344], [-8.998954, 12.345913], [-8.950843, 12.225611], [-8.913843, 12.108564], [-8.818293, 11.922503], [-8.82005, 11.807109], [-8.822014, 11.673267], [-8.779743, 11.64823], [-8.733079, 11.637481], [-8.711427, 11.617792], [-8.664969, 11.515008], [-8.621148, 11.485087], [-8.568722, 11.478059], [-8.470718, 11.412224], [-8.407466, 11.386282], [-8.398526, 11.366542], [-8.400696, 11.339412], [-8.425294, 11.304737], [-8.463535, 11.280707], [-8.520301, 11.235955], [-8.567301, 11.176992], [-8.66391, 11.035864], [-8.666726, 11.009483], [-8.646211, 10.990492], [-8.606213, 10.986978], [-8.563529, 10.996693], [-8.474697, 11.04837], [-8.404469, 11.029921], [-8.337393, 10.990621], [-8.312743, 10.949771], [-8.306361, 10.896079], [-8.321709, 10.826936], [-8.324112, 10.749525], [-8.301581, 10.617569], [-8.266648, 10.486001], [-8.231508, 10.437994], [-8.007283, 10.321877], [-7.985683, 10.278443], [-7.974469, 10.229531], [-7.990644, 10.162507]]}}, {"type": "Feature", "properties": {}, "geometry": {"type": "LineString", "coordinates": [[34.198151, 31.32261], [34.212517, 31.292276], [34.24528, 31.208328], [34.32853, 30.995008], [34.401032, 30.827809], [34.489916, 30.596298], [34.517821, 30.507363], [34.529655, 30.446049], [34.658588, 30.191439], [34.735069, 29.982046], [34.791086, 29.812082], [34.869841, 29.563932], [34.904257, 29.477322]]}}, {"type": "Feature", "properties": {}, "geometry": {"type": "LineString", "coordinates": [[33.976097, 4.220208], [34.17686, 4.41911], [34.380207, 4.620674]]}}, {"type": "Feature", "properties": {}, "geometry": {"type": "LineString", "coordinates": [[41.884038, 3.977742], [41.737742, 3.979034], [41.481944, 3.963273], [41.372493, 3.946168], [41.318956, 3.943093], [41.220926, 3.943558], [41.140466, 3.962963], [41.087239, 3.991953], [41.020835, 4.057453], [40.872679, 4.190339], [40.765243, 4.273021], [40.52872, 4.177652], [40.31602, 4.082723], [40.014126, 3.947976], [39.842199, 3.851445], [39.790367, 3.754241], [39.657507, 3.577818], [39.538858, 3.469194], [39.494468, 3.456094], [39.225492, 3.47878], [39.128289, 3.500898], [38.967834, 3.520586], [38.752756, 3.559008], [38.608062, 3.600091], [38.451534, 3.604845], [38.225295, 3.619004], [38.086182, 3.648822], [37.94495, 3.746748], [37.762894, 3.864622], [37.575464, 3.985933], [37.382504, 4.110835], [37.154559, 4.254547], [36.905582, 4.411462], [36.848273, 4.427327], [36.823623, 4.430117], [36.552994, 4.437249], [36.271823, 4.444716], [36.081963, 4.449729], [36.021967, 4.468126], [35.978714, 4.503834], [35.919854, 4.619848]]}}, {"type": "Feature", "properties": {}, "geometry": {"type": "LineString", "coordinates": [[23.380671, -17.640628], [23.068236, -17.698868], [22.624077, -17.781602], [22.32425, -17.837516], [21.96081, -17.905212], [21.718447, -17.947741], [21.416864, -18.00071], [21.368805, -17.999469], [21.287931, -17.962986], [21.113471, -17.955751], [20.908316, -18.006084], [20.745535, -18.019778], [20.625129, -17.996679], [20.507617, -17.952547], [20.392998, -17.887435], [20.194354, -17.863664], [19.911788, -17.881337], [19.639349, -17.868625], [19.377143, -17.825475], [19.189454, -17.808473], [19.07649, -17.817672], [18.955308, -17.803564], [18.826014, -17.766305], [18.718062, -17.70326], [18.588147, -17.570038], [18.486655, -17.442811], [18.460403, -17.424621], [18.428261, -17.405191], [18.396428, -17.399403], [18.108797, -17.395992], [17.835377, -17.392788], [17.678849, -17.39253], [17.296237, -17.391961], [16.913624, -17.391393], [16.531012, -17.390824], [16.1484, -17.390256], [15.765787, -17.389688], [15.383175, -17.389119], [15.000563, -17.388551], [14.61795, -17.387982], [14.414707, -17.387672], [14.225881, -17.397749], [14.017522, -17.408911], [13.987395, -17.404157], [13.937992, -17.388757], [13.904196, -17.360697], [13.792006, -17.288402], [13.694389, -17.233521], [13.561736, -17.141227], [13.476005, -17.039993], [13.403709, -17.00785], [13.275707, -16.989557], [13.179485, -16.971677], [13.101144, -16.967698], [12.963168, -17.015447], [12.859246, -17.062576], [12.785142, -17.108258], [12.656571, -17.160503], [12.548154, -17.212696], [12.359277, -17.205875], [12.318453, -17.213419], [12.213343, -17.209957], [12.114331, -17.164533], [12.013923, -17.168512], [11.902561, -17.226597], [11.743036, -17.249231]]}}, {"type": "Feature", "properties": {}, "geometry": {"type": "LineString", "coordinates": [[25.2588, -17.793591], [25.451708, -17.845164], [25.557128, -17.849504], [25.639603, -17.82408], [25.741613, -17.858238], [25.863259, -17.951927], [25.995861, -17.969807], [26.139521, -17.911723], [26.333411, -17.929345], [26.577531, -18.022569], [26.779895, -18.041534], [27.020811, -17.958438], [27.235682, -17.728323], [27.43784, -17.511954], [27.636742, -17.26215], [27.756528, -17.060405], [27.932177, -16.896229], [28.16379, -16.769725], [28.399848, -16.662807], [28.760653, -16.53191], [28.76055, -16.532117], [28.83269, -16.424113], [28.856771, -16.306188], [28.856771, -16.142322], [28.875581, -16.036178], [28.913099, -15.987809], [28.972992, -15.950086], [29.050558, -15.9012], [29.287856, -15.776504], [29.487275, -15.696768], [29.729586, -15.644626], [29.994893, -15.644058], [30.250691, -15.643438], [30.396057, -15.643076]]}}, {"type": "Feature", "properties": {}, "geometry": {"type": "LineString", "coordinates": [[23.380671, -17.640628], [23.59487, -17.599442], [23.799251, -17.560168], [24.03691, -17.520946], [24.227131, -17.489578], [24.274932, -17.481], [24.732889, -17.517742], [24.932411, -17.543477], [25.001761, -17.568591], [25.092143, -17.634324], [25.2588, -17.793591]]}}, {"type": "Feature", "properties": {}, "geometry": {"type": "LineString", "coordinates": [[31.287837, -22.402043], [31.429534, -22.298845], [31.571541, -22.15348], [31.737681, -21.983361], [31.88594, -21.831535], [32.01632, -21.698055], [32.194759, -21.515379], [32.371079, -21.334873], [32.41242, -21.311825], [32.429783, -21.297046], [32.353612, -21.136487], [32.476189, -20.95009], [32.482803, -20.828858], [32.477636, -20.712999], [32.492415, -20.659772], [32.529312, -20.613057], [32.672559, -20.516112], [32.780873, -20.361548], [32.869653, -20.217215], [32.992746, -19.984878], [33.004942, -19.930204], [33.006751, -19.873825], [32.972696, -19.795381], [32.890479, -19.668101], [32.830792, -19.558186], [32.777669, -19.388739], [32.830947, -19.241461], [32.849964, -19.152474], [32.849809, -19.104363], [32.826193, -19.058836], [32.766248, -19.024317], [32.716484, -19.001889], [32.699741, -18.940911], [32.699224, -18.86846], [32.721962, -18.828411], [32.85446, -18.763661], [32.884536, -18.728521], [32.900297, -18.68904], [32.901692, -18.632919], [32.942517, -18.492669], [32.993056, -18.359603], [32.996415, -18.312577], [32.978484, -18.271443], [32.964686, -18.196253], [32.955539, -18.082875], [32.954712, -17.765375], [32.980757, -17.43754], [32.969285, -17.251608], [32.884432, -17.037823], [32.876268, -16.883569], [32.937918, -16.775927], [32.947994, -16.712313], [32.902881, -16.7042], [32.810225, -16.697637], [32.741754, -16.677638], [32.635869, -16.589426], [32.452004, -16.515736], [32.243231, -16.448711], [31.939891, -16.428816], [31.687606, -16.214152], [31.489892, -16.179736], [31.426227, -16.152347], [31.236264, -16.023673], [30.938763, -16.011684], [30.630151, -15.999178], [30.43776, -15.995354], [30.40939, -15.978198], [30.398124, -15.800741], [30.396057, -15.643076]]}}, {"type": "Feature", "properties": {}, "geometry": {"type": "LineString", "coordinates": [[12.275561, -6.003354], [12.325274, -6.024283], [12.415398, -6.045367], [12.538594, -6.021441], [12.758942, -5.972917], [12.878005, -5.914212], [12.983012, -5.875352], [13.068174, -5.864861], [13.184343, -5.856283], [13.30263, -5.881863], [13.346452, -5.863414], [13.371515, -5.861812], [13.649017, -5.861761], [13.764514, -5.855198], [13.978506, -5.857265], [14.113795, -5.86512], [14.190845, -5.876023], [14.398687, -5.892663], [14.657896, -5.888839], [14.749467, -5.880106], [15.089343, -5.874473], [15.425033, -5.86884], [15.726927, -5.863828], [16.060188, -5.864913], [16.315263, -5.865636], [16.431483, -5.900208], [16.53711, -5.965785], [16.585169, -6.025265], [16.608062, -6.051517], [16.639533, -6.11451], [16.697307, -6.164275], [16.717822, -6.241428], [16.700976, -6.346021], [16.709399, -6.471698], [16.742989, -6.618459], [16.813062, -6.772558], [16.919412, -6.933943], [16.965766, -7.062101], [16.95202, -7.157082], [16.984731, -7.257438], [17.063796, -7.363116], [17.12157, -7.41903], [17.155057, -7.461353], [17.245025, -7.623307], [17.41132, -7.881948], [17.536015, -8.075837], [17.579578, -8.09904], [17.643399, -8.09072], [17.778791, -8.071393], [17.913047, -8.067673], [18.008751, -8.107567], [18.047199, -8.100797], [18.191479, -8.023799], [18.33483, -8.000338], [18.484691, -7.968557], [18.562723, -7.935898], [18.653415, -7.936001], [18.898309, -7.998116], [18.944456, -8.001475], [19.142687, -8.001475], [19.340866, -7.966645], [19.369908, -7.706558], [19.371665, -7.655088], [19.419311, -7.557316], [19.479928, -7.472205], [19.487421, -7.390711], [19.483803, -7.279452], [19.527625, -7.144473], [19.66033, -7.037141], [19.875201, -6.986343], [19.997415, -6.976473], [20.190065, -6.946294], [20.482192, -6.915857], [20.590092, -6.919939], [20.598722, -6.935132], [20.536917, -7.121787], [20.535832, -7.182765], [20.558363, -7.244467], [20.607766, -7.277695], [20.9109, -7.281467], [21.190366, -7.28493], [21.510863, -7.29666], [21.751055, -7.305445], [21.781648, -7.314695], [21.806091, -7.328648], [21.841592, -7.420994], [21.833634, -7.601655], [21.780097, -7.865411], [21.800871, -8.111908], [21.895852, -8.341144], [21.905413, -8.693371], [21.871875, -8.903487], [21.829448, -9.168432], [21.81317, -9.468724], [21.856682, -9.594194], [21.948666, -9.725556], [22.089122, -9.862809], [22.197746, -10.040627], [22.274537, -10.259115], [22.302443, -10.396678], [22.281669, -10.453315], [22.283167, -10.551552], [22.307042, -10.691285], [22.28048, -10.783993], [22.203482, -10.829468], [22.177902, -10.892306], [22.21666, -11.012661], [22.226168, -11.122008], [22.256657, -11.163711], [22.278775, -11.194148], [22.314948, -11.198593], [22.392928, -11.159474], [22.486101, -11.086713], [22.561032, -11.055811], [22.666503, -11.059738], [22.814711, -11.080254], [23.076246, -11.08785], [23.156757, -11.074776], [23.400153, -10.976436], [23.463922, -10.969304], [23.559937, -10.978606], [23.696414, -11.007597], [23.833925, -11.013694], [23.901156, -10.983154], [23.907306, -10.943414], [23.9287, -10.89148], [23.966475, -10.871791]]}}, {"type": "Feature", "properties": {}, "geometry": {"type": "LineString", "coordinates": [[-16.562291, 13.58731], [-16.308741, 13.596871], [-16.001628, 13.592762], [-15.667178, 13.588292], [-15.509668, 13.586225], [-15.426882, 13.726992], [-15.269528, 13.789107], [-15.108349, 13.812129], [-15.024452, 13.806005], [-14.935801, 13.785205], [-14.765992, 13.669088], [-14.660159, 13.64263], [-14.570862, 13.616172], [-14.50699, 13.559715], [-14.405498, 13.503724], [-14.325554, 13.488583], [-14.278038, 13.497187], [-14.198999, 13.518762], [-14.14696, 13.536151], [-13.977384, 13.543437], [-13.852818, 13.478557], [-13.826722, 13.407812], [-13.847495, 13.33531], [-14.014901, 13.296398], [-14.246748, 13.235833], [-14.438571, 13.268906], [-14.671915, 13.351718], [-14.808264, 13.41112], [-14.865056, 13.434839], [-14.950271, 13.472589], [-15.024581, 13.51331], [-15.096412, 13.539639], [-15.151137, 13.556511], [-15.191599, 13.535272], [-15.212115, 13.485069], [-15.244516, 13.429129], [-15.286219, 13.395979], [-15.481814, 13.376341], [-15.657308, 13.3558], [-15.751565, 13.338359], [-15.814404, 13.32513], [-15.834248, 13.156458], [-16.033047, 13.15837], [-16.228332, 13.160282], [-16.430878, 13.157337], [-16.648772, 13.154133], [-16.70453, 13.119716], [-16.763338, 13.064138]]}}, {"type": "Feature", "properties": {}, "geometry": {"type": "LineString", "coordinates": [[0.217486, 14.911493], [0.203817, 14.865062], [0.202784, 14.782793], [0.185059, 14.652956], [0.16382, 14.497203], [0.25061, 14.396434], [0.354583, 14.288017], [0.382489, 14.245823], [0.354842, 14.139034], [0.374065, 14.07635], [0.429204, 13.972119], [0.522325, 13.839724], [0.618185, 13.703402], [0.684537, 13.685392], [0.747789, 13.674514], [0.78603, 13.650046], [0.842254, 13.626404], [0.897909, 13.610927], [0.946589, 13.581135], [0.977749, 13.551938], [1.01785, 13.46786], [1.125957, 13.41236], [1.201198, 13.357531], [1.170916, 13.329574], [1.076865, 13.340788], [0.988446, 13.364843], [0.976716, 13.32451], [0.973099, 13.170359], [0.987258, 13.041892], [1.007877, 13.024813], [1.096812, 13.001119], [1.308685, 12.834256], [1.500508, 12.676462], [1.564949, 12.635405], [1.67104, 12.619798], [1.789793, 12.613261], [1.840953, 12.62786], [1.956191, 12.707442], [2.017376, 12.716227], [2.073807, 12.713953], [2.104606, 12.701292], [2.159745, 12.636438], [2.211576, 12.538408], [2.226252, 12.466061], [2.221394, 12.427226], [2.203824, 12.412576], [2.10936, 12.393869], [2.068536, 12.379141], [2.058407, 12.357954], [2.07298, 12.309352], [2.091377, 12.277959], [2.194419, 12.136469], [2.343351, 11.945989], [2.389188, 11.897052]]}}, {"type": "Feature", "properties": {}, "geometry": {"type": "LineString", "coordinates": [[18.610317, 3.478444], [18.553834, 3.510199], [18.499781, 3.604096], [18.474459, 3.622983], [18.31819, 3.580789], [18.237058, 3.542678], [18.19396, 3.505419], [18.16099, 3.499787], [18.111277, 3.551076], [18.072262, 3.5603], [18.010715, 3.550843], [17.94798, 3.551747], [17.907155, 3.558388], [17.880335, 3.55384], [17.806593, 3.584174], [17.537721, 3.661637], [17.491574, 3.687295], [17.437985, 3.684633], [17.298459, 3.61717], [17.224716, 3.598411], [17.002508, 3.556682], [16.764331, 3.53627], [16.673381, 3.535185], [16.610697, 3.505368], [16.570389, 3.463071], [16.543104, 3.36951], [16.496285, 3.208823], [16.476803, 3.165156], [16.480059, 3.101], [16.46621, 2.993228], [16.459595, 2.896516], [16.468587, 2.831714], [16.401252, 2.701024], [16.319655, 2.542765], [16.251753, 2.406804], [16.183436, 2.270068]]}}, {"type": "Feature", "properties": {}, "geometry": {"type": "LineString", "coordinates": [[16.182609, 2.262446], [16.176615, 2.204775], [16.11574, 2.167827], [16.080032, 2.106797], [16.069593, 2.021686], [16.087938, 1.918074], [16.134964, 1.795963], [16.136101, 1.72421], [16.119564, 1.714108], [16.090315, 1.691267], [16.059413, 1.676229], [15.97518, 1.760022], [15.881646, 1.816582], [15.741603, 1.915], [15.600319, 1.950372], [15.417488, 1.956754], [15.338785, 1.944714], [15.282458, 1.981714], [15.203496, 2.02445], [15.160036, 2.035587], [15.099575, 2.002359], [15.05782, 2.00086], [15.006402, 2.013753], [14.902429, 2.012281], [14.892817, 2.069331], [14.875041, 2.080442], [14.762903, 2.075171], [14.728331, 2.122403], [14.713242, 2.117132], [14.66911, 2.132067], [14.578935, 2.199143], [14.484109, 2.154727], [14.287015, 2.160334], [14.034369, 2.158912], [13.772731, 2.157414], [13.533469, 2.159507], [13.293587, 2.161574]]}}, {"type": "Feature", "properties": {}, "geometry": {"type": "LineString", "coordinates": [[15.480068, 7.523779], [15.379144, 7.358156], [15.245922, 7.263588], [15.2067, 7.20615], [15.185874, 7.134914], [15.157142, 7.063548], [15.086346, 6.909914], [15.034566, 6.784418], [14.982734, 6.745299], [14.861915, 6.555724], [14.78037, 6.36571], [14.764091, 6.316359], [14.739287, 6.279798], [14.699496, 6.250265], [14.559401, 6.191199], [14.512065, 6.161898], [14.475013, 6.12681], [14.4407, 6.086709], [14.43114, 6.038701], [14.463903, 5.970695], [14.503125, 5.9169], [14.542503, 5.913593], [14.577281, 5.916022], [14.59883, 5.884008], [14.616917, 5.86512], [14.616917, 5.495505], [14.583637, 5.439668], [14.584361, 5.41476], [14.568031, 5.351095], [14.563018, 5.279936], [14.573509, 5.251721], [14.601724, 5.228803], [14.640636, 5.179064], [14.661669, 5.065531], [14.709004, 4.665555], [14.731225, 4.602407], [14.770396, 4.55812], [14.893541, 4.471872], [15.022784, 4.358546], [15.063608, 4.284855], [15.087483, 4.163984], [15.136937, 4.069132], [15.135852, 4.036912], [15.115439, 4.024483], [15.067329, 4.022933], [15.034876, 4.016344], [15.062058, 3.947201], [15.12872, 3.826899], [15.239825, 3.702152], [15.360127, 3.567121], [15.458364, 3.456844], [15.580889, 3.329306], [15.676542, 3.229674], [15.774986, 3.1272], [15.849297, 3.103067], [15.904849, 3.095832], [15.928723, 3.075782], [15.957972, 3.028704], [16.00815, 2.97664], [16.063495, 2.908608], [16.082461, 2.839104], [16.05931, 2.773009], [16.082151, 2.678183], [16.083494, 2.670018], [16.101891, 2.632682], [16.095483, 2.599196], [16.106748, 2.473467], [16.136101, 2.363758], [16.183436, 2.270068], [16.182609, 2.262446]]}}, {"type": "Feature", "properties": {}, "geometry": {"type": "LineString", "coordinates": [[33.976097, 4.220208], [33.741641, 3.985261], [33.568422, 3.811706], [33.539535, 3.787108], [33.489357, 3.755068], [33.324302, 3.754345], [33.15408, 3.774705], [32.997242, 3.880203], [32.838027, 3.798476], [32.737155, 3.77269], [32.6769, 3.763181], [32.53479, 3.749952], [32.335732, 3.706182], [32.245505, 3.651302], [32.196722, 3.60779], [32.15626, 3.528002], [32.135899, 3.519734], [32.099467, 3.529191], [32.048204, 3.561178], [31.941854, 3.607558], [31.888266, 3.709102], [31.838708, 3.770468], [31.79809, 3.802611], [31.628902, 3.70148], [31.54715, 3.677579], [31.47997, 3.680447], [31.357394, 3.737576], [31.22195, 3.785945], [31.152342, 3.785609], [31.048007, 3.724993], [30.92941, 3.634068], [30.868121, 3.544125], [30.838562, 3.490717]]}}, {"type": "Feature", "properties": {}, "geometry": {"type": "LineString", "coordinates": [[13.072722, -4.634807], [13.057322, -4.651034], [12.94751, -4.695269], [12.829636, -4.73661], [12.674762, -4.905385], [12.596162, -4.978404], [12.573527, -4.996542], [12.502731, -5.036902], [12.451468, -5.071525], [12.453225, -5.090593], [12.487383, -5.112711], [12.522368, -5.148936], [12.518905, -5.424578], [12.503764, -5.695776], [12.484541, -5.718772], [12.385994, -5.727764], [12.255304, -5.746471], [12.213704, -5.758718]]}}, {"type": "Feature", "properties": {}, "geometry": {"type": "LineString", "coordinates": [[33.201726, -14.013356], [32.987165, -14.08498], [32.874511, -14.122497], [32.553186, -14.22957], [32.272894, -14.323001], [32.199926, -14.340778], [32.054509, -14.386512], [31.98211, -14.414417], [31.728896, -14.496066], [31.623062, -14.536683], [31.537951, -14.577146], [31.328455, -14.637659], [31.130896, -14.694658], [30.915147, -14.753311], [30.673353, -14.819095], [30.537702, -14.866534], [30.44608, -14.907514], [30.231881, -14.990351], [30.221753, -15.010505], [30.224956, -15.066935], [30.252138, -15.183207], [30.305675, -15.288834], [30.350582, -15.349709], [30.379831, -15.505875], [30.396057, -15.643076]]}}, {"type": "Feature", "properties": {}, "geometry": {"type": "LineString", "coordinates": [[34.9595, -11.578104], [34.826536, -11.575676], [34.659518, -11.588646], [34.61859, -11.620221], [34.606291, -11.690087], [34.553943, -11.834109], [34.524746, -11.886974], [34.462941, -11.983764], [34.375969, -12.120242], [34.357831, -12.164735], [34.360828, -12.210572], [34.412091, -12.395884], [34.465835, -12.590704], [34.482888, -12.666772], [34.521283, -12.925774], [34.542574, -13.108709], [34.545675, -13.216299], [34.563658, -13.360166], [34.61151, -13.437887], [34.661585, -13.48667], [34.850514, -13.516022], [34.906841, -13.551679], [35.013811, -13.643456], [35.247492, -13.896878], [35.375753, -14.058728], [35.488511, -14.201045], [35.690411, -14.465525], [35.847197, -14.670939], [35.866679, -14.863744], [35.892724, -14.891804], [35.839911, -15.034689], [35.805391, -15.265631], [35.830299, -15.418903], [35.819964, -15.680335], [35.791232, -15.958664], [35.755317, -16.058296], [35.708859, -16.095813], [35.599305, -16.125889], [35.358493, -16.160512], [35.322423, -16.193171], [35.291469, -16.247173], [35.24279, -16.375383], [35.185274, -16.504884], [35.167187, -16.560229], [35.178349, -16.573303], [35.229819, -16.639242], [35.281185, -16.807811], [35.290384, -17.096941], [35.272555, -17.118438], [35.201397, -17.131099], [35.124554, -17.127275], [35.093031, -17.110945], [35.064609, -17.078595], [35.043991, -17.016894], [35.09422, -16.973847], [35.112152, -16.898503], [35.079854, -16.833908], [35.01531, -16.819542], [34.933351, -16.760372], [34.75884, -16.567102], [34.612699, -16.431503], [34.528105, -16.319159], [34.44134, -16.274459], [34.416432, -16.246812], [34.395555, -16.199269], [34.395141, -16.130901], [34.403048, -16.08031], [34.375969, -16.023724], [34.288326, -15.936081], [34.248225, -15.887505], [34.246106, -15.829421], [34.283055, -15.773455], [34.358038, -15.705243], [34.414778, -15.56675], [34.434932, -15.477195], [34.540869, -15.297309], [34.555493, -15.140936], [34.557612, -15.015931], [34.551204, -14.922396], [34.524126, -14.730728], [34.505315, -14.598127], [34.374987, -14.424856], [34.332509, -14.408578], [34.208744, -14.42377], [34.101826, -14.449299], [34.049426, -14.485265], [33.969844, -14.487126], [33.761433, -14.517305], [33.696062, -14.530327], [33.658287, -14.561643], [33.636428, -14.568206], [33.505273, -14.434106], [33.389931, -14.289463], [33.243584, -14.04307], [33.201726, -14.013356]]}}, {"type": "Feature", "properties": {}, "geometry": {"type": "LineString", "coordinates": [[29.576934, -1.387874], [29.579983, -1.356764], [29.564015, -1.12143], [29.561948, -0.977356], [29.59006, -0.887129], [29.60639, -0.783104], [29.60825, -0.691275], [29.647834, -0.535212], [29.633158, -0.441678], [29.684318, -0.113584], [29.697805, -0.060203], [29.717701, 0.098341], [29.749688, 0.147226], [29.777852, 0.166347], [29.814646, 0.263602], [29.885442, 0.418941], [29.934483, 0.49904], [29.923786, 0.673913], [29.931693, 0.792872], [29.942907, 0.819227], [30.047345, 0.863513], [30.182892, 0.973481], [30.240149, 1.102775], [30.321075, 1.185303], [30.477861, 1.238839], [30.478171, 1.239046], [30.942535, 1.682792], [31.158801, 1.922002], [31.252697, 2.044578], [31.256108, 2.088503], [31.273988, 2.146278], [31.236368, 2.191339], [31.191357, 2.232267], [31.17632, 2.270068], [31.137562, 2.288879], [31.082165, 2.288104], [31.045372, 2.315544], [31.003617, 2.369365], [30.961966, 2.40329], [30.830088, 2.400422], [30.728595, 2.45538], [30.729939, 2.530259], [30.769523, 2.677976], [30.846624, 2.84701], [30.850758, 2.893674], [30.839958, 2.933516], [30.821406, 2.967571], [30.786473, 3.001342], [30.753968, 3.041804], [30.779238, 3.163373], [30.827814, 3.282591], [30.867605, 3.342148], [30.906465, 3.40894], [30.895303, 3.463665], [30.838562, 3.490717]]}}, {"type": "Feature", "properties": {}, "geometry": {"type": "LineString", "coordinates": [[36.524314, 14.256856], [36.492274, 14.544332], [36.470828, 14.736465], [36.448143, 14.94007], [36.426748, 15.1321], [36.521781, 15.250155], [36.565965, 15.362086], [36.679188, 15.726379], [36.724508, 15.798881], [36.813495, 15.993959], [36.825897, 16.050287], [36.913747, 16.296189], [36.905479, 16.459538], [36.887806, 16.624644], [36.935761, 16.722339], [36.978653, 16.800577], [36.975759, 16.866542], [36.995189, 17.020538], [37.009039, 17.058882], [37.06149, 17.061259], [37.169494, 17.041415], [37.248869, 17.056866], [37.340388, 17.057099], [37.411029, 17.061698], [37.452939, 17.108672], [37.510197, 17.288144], [37.547404, 17.324111], [37.575981, 17.335015], [37.656751, 17.368242], [37.725997, 17.420513], [37.782376, 17.458004], [37.803305, 17.465523], [37.862992, 17.470252], [37.922523, 17.492318], [37.950066, 17.517665], [38.025307, 17.537767], [38.098894, 17.526476], [38.148504, 17.548542], [38.181577, 17.562856], [38.219042, 17.563967], [38.25351, 17.584741], [38.267256, 17.616703], [38.289891, 17.637037], [38.347355, 17.683572], [38.37371, 17.717343], [38.385492, 17.751268], [38.397171, 17.778373], [38.422492, 17.823899], [38.522796, 17.938544], [38.609458, 18.005077]]}}, {"type": "Feature", "properties": {}, "geometry": {"type": "LineString", "coordinates": [[42.378478, 12.466423], [42.289956, 12.570241], [42.225051, 12.661966], [42.134307, 12.771417], [42.04656, 12.820613], [41.952096, 12.882341], [41.859595, 13.025898], [41.765027, 13.183924], [41.624984, 13.313245], [41.362881, 13.499796], [41.122328, 13.736139], [40.938566, 13.9831], [40.820175, 14.111671], [40.769584, 14.144486], [40.52438, 14.225179], [40.353072, 14.338066], [40.221452, 14.431161], [40.14063, 14.456069], [40.062082, 14.459118], [39.895064, 14.440669], [39.756158, 14.499038], [39.697918, 14.499012], [39.604901, 14.516065], [39.531882, 14.53671], [39.446099, 14.511854], [39.270141, 14.470306], [39.198001, 14.479375], [39.158623, 14.537511], [39.13542, 14.581901], [39.074235, 14.628203], [39.023799, 14.628203], [38.995687, 14.586862], [38.812029, 14.48232], [38.504399, 14.424391], [38.431432, 14.428603], [38.376914, 14.470409], [38.221471, 14.649649], [38.177081, 14.678794], [38.142044, 14.681481], [38.069956, 14.70272], [38.00257, 14.737111], [37.943452, 14.810543], [37.884231, 14.852298], [37.820255, 14.708482], [37.708427, 14.457232], [37.648483, 14.322537], [37.571175, 14.149059], [37.546783, 14.143866], [37.507251, 14.156397], [37.35372, 14.372482], [37.25724, 14.453743], [37.185203, 14.445992], [37.132649, 14.406072], [37.099472, 14.333957], [37.063505, 14.289257], [37.024541, 14.271997], [36.940722, 14.280576], [36.811945, 14.315018], [36.679136, 14.307577], [36.5424, 14.258226], [36.524314, 14.256856]]}}, {"type": "Feature", "properties": {}, "geometry": {"type": "LineString", "coordinates": [[44.765154, 37.142436], [44.765413, 37.134995], [44.798434, 37.063888], [44.880858, 36.79933], [44.927832, 36.765922], [44.981472, 36.737706], [45.019247, 36.69838], [45.033975, 36.6589], [45.029428, 36.59756], [45.031081, 36.526091], [45.053147, 36.471624], [45.083791, 36.430025], [45.112368, 36.409251], [45.155311, 36.407365], [45.206574, 36.397159], [45.241146, 36.355972], [45.350907, 36.054647], [45.361655, 36.015347], [45.407751, 36.00279], [45.483767, 36.008552], [45.561643, 35.977184], [45.644997, 35.92835], [45.723494, 35.83665], [45.776307, 35.821819], [45.941413, 35.835384], [46.167446, 35.820553], [46.273383, 35.773217], [46.262479, 35.744123], [46.180985, 35.711386], [46.037376, 35.673172], [45.995053, 35.608111], [45.971075, 35.524189], [45.975416, 35.476827], [46.01066, 35.424815], [46.112049, 35.321669], [46.117733, 35.284255], [46.135768, 35.232294], [46.154682, 35.196741], [46.133753, 35.127649], [46.041769, 35.080159], [45.920898, 35.028508], [45.67807, 34.798445], [45.660087, 34.748784], [45.661534, 34.612668], [45.637452, 34.573807], [45.560868, 34.574531], [45.50082, 34.581585], [45.497719, 34.533861], [45.459375, 34.470351], [45.43762, 34.415135], [45.526865, 34.284678], [45.542781, 34.215535], [45.528622, 34.152541], [45.446043, 34.04402], [45.397054, 33.970847], [45.408991, 33.954517], [45.473276, 33.925475], [45.673729, 33.686678], [45.738325, 33.602833], [45.822816, 33.624795], [45.854493, 33.623323], [45.879401, 33.609758], [45.894698, 33.581568], [45.894749, 33.545653], [45.8732, 33.492013], [45.980997, 33.470128], [46.019961, 33.415738], [46.145845, 33.229652], [46.141091, 33.174409], [46.080785, 33.086534], [46.080423, 33.028217], [46.093032, 32.975869], [46.112772, 32.957653], [46.298187, 32.950237], [46.377046, 32.929231], [46.569954, 32.833939], [46.789113, 32.687979], [46.968534, 32.568426], [47.121393, 32.466597], [47.285207, 32.474013], [47.329804, 32.455513], [47.3713, 32.423758], [47.418119, 32.340093], [47.51186, 32.150829], [47.591493, 32.087964], [47.714535, 31.936449], [47.82998, 31.794416], [47.753964, 31.601379], [47.679498, 31.40059], [47.679498, 31.14151], [47.679498, 31.002397], [47.836388, 30.996455], [48.010641, 30.989814], [48.012036, 30.823623], [48.013431, 30.656424], [48.01493, 30.465634], [48.066141, 30.457676], [48.147532, 30.416826], [48.182362, 30.355021], [48.226132, 30.321354], [48.278945, 30.315798], [48.331035, 30.285439], [48.382608, 30.230196], [48.401418, 30.188339], [48.387569, 30.159865], [48.398628, 30.109609], [48.434594, 30.037624], [48.478519, 30.003802], [48.546526, 29.962357]]}}, {"type": "Feature", "properties": {}, "geometry": {"type": "LineString", "coordinates": [[9.518727, 30.229421], [9.420955, 30.179321], [9.310264, 30.115242], [9.390983, 29.993648], [9.546219, 29.795934], [9.640166, 29.636408], [9.672619, 29.566981], [9.745948, 29.368957], [9.805221, 29.176927], [9.820724, 29.114786], [9.842531, 28.967018], [9.815608, 28.560221], [9.858241, 28.043301], [9.915964, 27.785694], [9.825271, 27.55297], [9.74755, 27.330864], [9.752511, 27.219321], [9.795402, 27.044784], [9.837157, 26.915825], [9.894415, 26.847922], [9.883252, 26.63083], [9.859326, 26.551971], [9.68497, 26.438232], [9.491442, 26.333742], [9.437905, 26.24553], [9.422402, 26.147086], [9.448189, 26.067143], [9.581255, 25.890125], [9.781088, 25.624276], [10.000713, 25.332097], [10.019058, 25.258562], [10.028153, 25.051029], [10.119517, 24.790218], [10.218632, 24.67622], [10.255839, 24.591032], [10.325809, 24.530234], [10.395883, 24.485586], [10.438981, 24.480211], [10.686097, 24.55137], [11.108242, 24.434013], [11.507649, 24.31433], [11.536898, 24.290843], [11.624231, 24.139715], [11.767013, 23.892599], [11.873053, 23.694833], [11.96788, 23.517867]]}}, {"type": "Feature", "properties": {}, "geometry": {"type": "LineString", "coordinates": [[-13.72926, 12.673904], [-14.064847, 12.675273], [-14.349222, 12.676436], [-14.708166, 12.67796], [-14.960606, 12.678968], [-15.196095, 12.67995], [-15.377945, 12.588948], [-15.57478, 12.490401], [-15.839544, 12.437872], [-16.144203, 12.457431], [-16.24151, 12.443323], [-16.342304, 12.399502], [-16.416331, 12.367669], [-16.521337, 12.348652], [-16.656936, 12.364362], [-16.711791, 12.354853]]}}, {"type": "Feature", "properties": {}, "geometry": {"type": "LineString", "coordinates": [[-11.389403, 12.404411], [-11.456737, 12.417563], [-11.573681, 12.426322], [-11.808085, 12.387306], [-11.888545, 12.403326], [-12.04236, 12.398055], [-12.15194, 12.376609], [-12.291182, 12.328033], [-12.399057, 12.340074], [-12.457374, 12.378366], [-12.534216, 12.375808], [-12.620775, 12.396195], [-12.713043, 12.433143], [-12.797301, 12.451902], [-12.888174, 12.520037], [-12.930704, 12.532259], [-12.960521, 12.514353], [-12.985662, 12.491641], [-13.011939, 12.477637], [-13.06129, 12.489987], [-13.079842, 12.536289], [-13.064391, 12.581067], [-13.059766, 12.615018], [-13.082917, 12.633544], [-13.138495, 12.63972], [-13.228076, 12.639591], [-13.372589, 12.653595], [-13.40574, 12.662277], [-13.72926, 12.673904]]}}, {"type": "Feature", "properties": {}, "geometry": {"type": "LineString", "coordinates": [[0.900493, 10.993257], [0.64299, 10.983051], [0.549145, 10.955404], [0.492714, 10.954991], [0.490699, 10.978193], [0.484136, 10.991965], [0.159272, 11.069609], [-0.068621, 11.115601]]}}, {"type": "Feature", "properties": {}, "geometry": {"type": "LineString", "coordinates": [[-17.048049, 20.806146], [-17.063992, 20.898854], [-17.042391, 21.007994], [-17.005907, 21.142431], [-16.964566, 21.329241], [-16.836357, 21.329396], [-16.607043, 21.329654], [-16.377729, 21.329939], [-16.14844, 21.330223], [-15.919126, 21.330481], [-15.689812, 21.330765], [-15.460524, 21.33105], [-15.231209, 21.331308], [-15.001895, 21.331592], [-14.772607, 21.331877], [-14.543267, 21.332135], [-14.313953, 21.332419], [-14.084639, 21.332703], [-13.85535, 21.332962], [-13.62601, 21.333246], [-13.396722, 21.33353], [-13.167434, 21.333789], [-13.016228, 21.333944], [-13.025117, 21.466778], [-13.032196, 21.572094], [-13.041757, 21.713817], [-13.051213, 21.854765], [-13.06067, 21.995738], [-13.069584, 22.128185], [-13.078473, 22.26045], [-13.086767, 22.383259], [-13.094311, 22.495992], [-13.107334, 22.560742], [-13.155961, 22.689313], [-13.166478, 22.753211], [-13.153274, 22.82052], [-13.120873, 22.884056], [-13.031499, 23.00025], [-12.895977, 23.089573], [-12.739604, 23.192719], [-12.620413, 23.271345], [-12.559357, 23.290801], [-12.372883, 23.318009], [-12.226199, 23.377488], [-12.08334, 23.435443], [-12.023421, 23.46756], [-12.016289, 23.576442], [-12.016289, 23.697882], [-12.016289, 23.834049], [-12.016289, 23.970191], [-12.016289, 24.106333], [-12.016289, 24.2425], [-12.016289, 24.378641], [-12.016289, 24.514783], [-12.016289, 24.65095], [-12.016289, 24.787092], [-12.016289, 24.923234], [-12.016289, 25.059401], [-12.016289, 25.195543], [-12.016289, 25.331684], [-12.016289, 25.467851], [-12.016289, 25.603993], [-12.016289, 25.740135], [-12.016289, 25.876302], [-12.016289, 25.995416], [-11.86666, 25.995416], [-11.680341, 25.995416], [-11.494047, 25.995416], [-11.307728, 25.995416], [-11.121409, 25.995442], [-10.935089, 25.995468], [-10.74877, 25.995468], [-10.562451, 25.995468], [-10.376131, 25.995468], [-10.189812, 25.995468], [-10.003492, 25.995468], [-9.817173, 25.995468], [-9.630854, 25.995494], [-9.444508, 25.99552], [-9.258215, 25.99552], [-9.071921, 25.99552], [-8.885628, 25.99552], [-8.682204, 25.99552], [-8.682152, 26.109466], [-8.6821, 26.273177], [-8.682333, 26.497711], [-8.682617, 26.723124], [-8.682875, 26.921329], [-8.683082, 27.119275], [-8.683366, 27.285932]]}}, {"type": "Feature", "properties": {}, "geometry": {"type": "LineString", "coordinates": [[-8.683366, 27.285932], [-8.495316, 27.175344], [-8.307265, 27.064757], [-8.119215, 26.954169], [-7.931164, 26.843556], [-7.743114, 26.732942], [-7.555063, 26.622355], [-7.367012, 26.511767], [-7.178936, 26.40118], [-6.99086, 26.290592], [-6.802809, 26.180004], [-6.614759, 26.069417], [-6.426708, 25.958803], [-6.238658, 25.84819], [-6.050607, 25.737602], [-5.862557, 25.627015], [-5.674506, 25.516427], [-5.516945, 25.423771], [-5.275021, 25.27453], [-5.049505, 25.135469], [-4.82262, 24.995581]]}}, {"type": "Feature", "properties": {}, "geometry": {"type": "LineString", "coordinates": [[-8.683366, 27.656452], [-8.683366, 27.90039], [-8.683366, 28.112031], [-8.683366, 28.323698], [-8.683366, 28.469244], [-8.683366, 28.620734], [-8.678405, 28.689386], [-8.659905, 28.718609], [-8.558335, 28.767857], [-8.399301, 28.880175], [-8.340493, 28.930172], [-8.265175, 28.980505], [-7.998912, 29.132434], [-7.943877, 29.174757], [-7.685133, 29.349527], [-7.624594, 29.37521], [-7.485765, 29.392237], [-7.427681, 29.424974], [-7.349753, 29.494737], [-7.234902, 29.574888], [-7.160203, 29.612663], [-7.142427, 29.619588], [-7.094936, 29.625169], [-6.855545, 29.601604], [-6.755112, 29.583853], [-6.635378, 29.56879], [-6.597757, 29.57897], [-6.565666, 29.603878], [-6.520553, 29.659844], [-6.510708, 29.726015], [-6.507892, 29.783764], [-6.500864, 29.809111], [-6.479728, 29.820376], [-6.427612, 29.816139], [-6.357617, 29.80831], [-6.214809, 29.810687], [-6.166517, 29.818955], [-6.004305, 29.831254], [-5.775017, 29.86903], [-5.593322, 29.917967], [-5.448783, 29.956931], [-5.293651, 30.058657], [-5.180118, 30.166169], [-5.061934, 30.326418], [-4.968244, 30.465376], [-4.77854, 30.552373], [-4.619635, 30.604799], [-4.52915, 30.625547], [-4.322857, 30.698876], [-4.148785, 30.809593], [-3.985358, 30.913514], [-3.860069, 30.927234], [-3.702017, 30.944468], [-3.666825, 30.964028], [-3.626905, 31.000925], [-3.624502, 31.065753], [-3.672509, 31.111383], [-3.730154, 31.135387], [-3.770979, 31.161793], [-3.811829, 31.166599], [-3.833404, 31.197812], [-3.821389, 31.255457], [-3.815162, 31.308839], [-3.789143, 31.361807], [-3.796429, 31.4371], [-3.837099, 31.51234], [-3.849553, 31.566394], [-3.846659, 31.619879], [-3.826738, 31.661892], [-3.768162, 31.689539], [-3.70026, 31.700081], [-3.604606, 31.686774], [-3.43981, 31.704551], [-3.017356, 31.834285], [-2.988236, 31.87423], [-2.961132, 31.963941], [-2.930849, 32.042541], [-2.887183, 32.068844], [-2.863411, 32.074709], [-2.722593, 32.095767], [-2.523251, 32.125688], [-2.448398, 32.130003], [-2.231279, 32.121321], [-2.072814, 32.115017], [-1.816964, 32.104811], [-1.635166, 32.09954], [-1.477036, 32.094889], [-1.275343, 32.088998]]}}, {"type": "Feature", "properties": {}, "geometry": {"type": "LineString", "coordinates": [[-8.683366, 27.285932], [-8.683366, 27.49026], [-8.683366, 27.656452]]}}, {"type": "Feature", "properties": {}, "geometry": {"type": "LineString", "coordinates": [[-12.280614, 14.809045], [-12.302525, 14.817003], [-12.408669, 14.889014], [-12.45988, 14.974642], [-12.543544, 15.039005], [-12.659635, 15.082077], [-12.735238, 15.131273], [-12.770326, 15.18667], [-12.813166, 15.223541], [-12.858512, 15.242532], [-12.862646, 15.262376], [-12.851897, 15.289661], [-12.862724, 15.340408], [-12.930859, 15.453011], [-12.994318, 15.504894], [-13.048526, 15.496625], [-13.079274, 15.510423], [-13.097903, 15.535279], [-13.105293, 15.571763], [-13.142371, 15.603337], [-13.206449, 15.616877], [-13.257997, 15.700386], [-13.297012, 15.853865], [-13.347552, 15.973496], [-13.409641, 16.059175], [-13.454083, 16.091137], [-13.486949, 16.097002], [-13.498163, 16.110309], [-13.506999, 16.135217], [-13.555524, 16.144054], [-13.623556, 16.118293], [-13.684689, 16.126923], [-13.71492, 16.168781], [-13.756648, 16.172502], [-13.809798, 16.138033], [-13.868476, 16.148162], [-13.932607, 16.202861], [-13.96816, 16.257199], [-13.975033, 16.311149], [-14.085672, 16.418843], [-14.300078, 16.58028], [-14.533733, 16.65596], [-14.786689, 16.645883], [-14.928618, 16.653532], [-14.959521, 16.678905], [-14.990604, 16.676889], [-15.02192, 16.647485], [-15.055225, 16.640974], [-15.090572, 16.657381], [-15.112638, 16.644927], [-15.121423, 16.603586], [-15.210565, 16.582606], [-15.37996, 16.581986], [-15.516696, 16.556612], [-15.620772, 16.50659], [-15.768205, 16.485092], [-15.958995, 16.49212], [-16.074026, 16.510465], [-16.1133, 16.540128], [-16.168336, 16.547052], [-16.239029, 16.531291], [-16.302307, 16.451322], [-16.358117, 16.30717], [-16.404342, 16.224901], [-16.441032, 16.204541], [-16.4801, 16.097209], [-16.502062, 15.917323], [-16.535238, 15.838362]]}}, {"type": "Feature", "properties": {}, "geometry": {"type": "LineString", "coordinates": [[-4.82262, 24.995581], [-5.172883, 24.995426], [-5.640787, 24.995167], [-5.959812, 24.99496], [-6.287182, 24.994805], [-6.594088, 24.99465], [-6.567397, 24.766809], [-6.538949, 24.518142], [-6.510476, 24.269475], [-6.482002, 24.020808], [-6.453528, 23.772141], [-6.425054, 23.523474], [-6.396581, 23.274807], [-6.368107, 23.02614], [-6.339633, 22.777499], [-6.31116, 22.528858], [-6.282686, 22.280191], [-6.254212, 22.031524], [-6.225738, 21.782857], [-6.197265, 21.53419], [-6.168791, 21.285523], [-6.140317, 21.036856], [-6.111844, 20.788189], [-6.08337, 20.539522], [-6.054896, 20.290855], [-6.026422, 20.042188], [-5.997949, 19.793521], [-5.969475, 19.544854], [-5.941001, 19.296187], [-5.912528, 19.04752], [-5.884054, 18.798879], [-5.85558, 18.550238], [-5.827106, 18.301571], [-5.798633, 18.052904], [-5.770159, 17.804237], [-5.741685, 17.55557], [-5.713212, 17.306903], [-5.684738, 17.058236], [-5.656264, 16.809569], [-5.628669, 16.568653], [-5.509606, 16.442046], [-5.3599, 16.282882], [-5.403566, 16.057883], [-5.455605, 15.789398], [-5.5125, 15.496264], [-5.723883, 15.496264], [-5.927824, 15.496264], [-6.131791, 15.496238], [-6.335732, 15.496212], [-6.539673, 15.496212], [-6.743614, 15.496212], [-6.947555, 15.496212], [-7.151522, 15.496212], [-7.355489, 15.496186], [-7.559404, 15.49616], [-7.763371, 15.49616], [-7.967312, 15.49616], [-8.171253, 15.49616], [-8.375194, 15.49616], [-8.579135, 15.496135], [-8.783102, 15.496109], [-8.987043, 15.496109], [-9.176825, 15.496109], [-9.293717, 15.502827], [-9.335471, 15.525668], [-9.350561, 15.67739], [-9.385339, 15.667623], [-9.426577, 15.623052], [-9.447712, 15.574864], [-9.440323, 15.511663], [-9.446937, 15.45823], [-9.577834, 15.437249], [-9.755084, 15.401489], [-9.941429, 15.373791], [-10.129557, 15.383712], [-10.193739, 15.396063], [-10.262081, 15.416036], [-10.411788, 15.437921], [-10.493152, 15.439807], [-10.586558, 15.434846], [-10.696577, 15.422676], [-10.731975, 15.394926], [-10.815097, 15.281755], [-10.895583, 15.150471], [-10.948241, 15.151143], [-11.00741, 15.222921], [-11.169313, 15.358649], [-11.365631, 15.536752], [-11.455238, 15.625403], [-11.502677, 15.636824], [-11.596728, 15.573262], [-11.675897, 15.512051], [-11.760181, 15.425545], [-11.798447, 15.342733], [-11.828756, 15.244858], [-11.842243, 15.129413], [-11.872836, 14.995157], [-11.940945, 14.886921], [-12.02156, 14.804936], [-12.081557, 14.76636], [-12.104708, 14.745354], [-12.280614, 14.809045]]}}, {"type": "Feature", "properties": {}, "geometry": {"type": "LineString", "coordinates": [[4.227629, 19.14276], [3.91018, 19.083745], [3.683476, 19.041629], [3.438736, 18.996153], [3.400857, 18.988428], [3.356467, 18.986645], [3.323446, 18.988402], [3.255957, 19.013258], [3.174205, 19.072893], [3.119686, 19.103175], [3.106095, 19.150098], [3.137876, 19.212161], [3.177253, 19.268178], [3.192343, 19.312077], [3.219628, 19.345383], [3.254406, 19.372616], [3.255853, 19.410934], [3.22707, 19.473566], [3.201645, 19.560408], [3.20273, 19.718306], [3.203402, 19.770757], [3.20366, 19.789697], [3.13028, 19.85021], [2.99251, 19.916588], [2.865696, 19.95594], [2.807922, 19.969453], [2.667776, 19.992914], [2.474196, 20.035031], [2.406189, 20.063866], [2.280822, 20.210317], [2.219327, 20.247808], [1.928803, 20.272691], [1.832374, 20.296849], [1.753206, 20.331602], [1.685407, 20.378369], [1.647373, 20.458855], [1.636004, 20.524355], [1.610631, 20.555593], [1.290237, 20.713594], [1.208846, 20.767312], [1.165748, 20.817438], [1.164095, 20.891335], [1.172776, 20.981975], [1.159134, 21.062487], [1.145543, 21.102226], [0.999402, 21.197776], [0.671928, 21.411872], [0.344455, 21.625993], [0.016981, 21.840114], [-0.310544, 22.05421], [-0.638018, 22.268331], [-0.965491, 22.482452], [-1.292965, 22.696548], [-1.620438, 22.910669], [-1.947912, 23.12479], [-2.275411, 23.338886], [-2.602911, 23.553007], [-2.930384, 23.767128], [-3.257858, 23.981224], [-3.585331, 24.195345], [-3.912805, 24.409466], [-4.240304, 24.623562], [-4.517006, 24.804507], [-4.82262, 24.995581]]}}, {"type": "Feature", "properties": {}, "geometry": {"type": "LineString", "coordinates": [[4.227629, 19.14276], [4.445755, 19.18454], [4.671322, 19.227767], [5.00138, 19.291071], [5.358722, 19.359542], [5.748363, 19.434215], [5.836626, 19.479147], [6.130665, 19.731974], [6.26337, 19.846153], [6.527075, 20.072961], [6.73068, 20.248067], [6.989372, 20.470534], [7.263361, 20.694499], [7.481745, 20.873093], [7.825187, 21.075561], [8.343036, 21.380866], [8.860886, 21.686144], [9.378684, 21.991423], [9.896533, 22.296727], [10.414383, 22.602006], [10.932181, 22.907284], [11.45003, 23.212589], [11.96788, 23.517867]]}}, {"type": "Feature", "properties": {}, "geometry": {"type": "LineString", "coordinates": [[9.518727, 30.229421], [9.457955, 30.465376], [9.406072, 30.666811], [9.363284, 30.832925], [9.28794, 31.125336], [9.224016, 31.373693], [9.160247, 31.621352], [9.102318, 31.846144], [9.044027, 32.072358], [9.018912, 32.105379], [8.844039, 32.212117], [8.682912, 32.310431], [8.515119, 32.422311], [8.333373, 32.543595], [8.304227, 32.696299], [8.2109, 32.926724], [8.112508, 33.055321], [8.075611, 33.08904], [7.877225, 33.17211], [7.762658, 33.233114], [7.731342, 33.268512], [7.709225, 33.362279], [7.627524, 33.54865], [7.534352, 33.717916], [7.500142, 33.832457], [7.495595, 33.976531], [7.513888, 34.080504], [7.554506, 34.124997], [7.748499, 34.254499], [7.838313, 34.410303], [7.949417, 34.468697], [8.045587, 34.512674], [8.123463, 34.563937], [8.192813, 34.646309], [8.245626, 34.734056], [8.254721, 34.828934], [8.276839, 34.979467], [8.312082, 35.084629], [8.394248, 35.203872], [8.359831, 35.299629], [8.316423, 35.403111], [8.329032, 35.582221], [8.318077, 35.65493], [8.282937, 35.719267], [8.247022, 35.801794], [8.24573, 35.870576], [8.280249, 36.050978], [8.306708, 36.188747], [8.348772, 36.367987], [8.333993, 36.418165], [8.30278, 36.45563], [8.208781, 36.495137], [8.207644, 36.518934], [8.230743, 36.545263], [8.369598, 36.632493], [8.444219, 36.760754], [8.506696, 36.787522], [8.601263, 36.833928], [8.597698, 36.883899], [8.576562, 36.937203]]}}, {"type": "Feature", "properties": {}, "geometry": {"type": "LineString", "coordinates": [[23.980325, 19.49664], [23.501233, 19.733214], [23.022192, 19.969789], [22.5431, 20.206364], [22.064008, 20.442939], [21.584915, 20.679513], [21.105823, 20.916088], [20.626731, 21.152663], [20.147639, 21.389237], [19.668547, 21.625812], [19.189454, 21.862387], [18.710414, 22.098961], [18.231322, 22.335536], [17.752229, 22.572111], [17.273189, 22.808686], [16.794097, 23.04526], [16.315005, 23.281835], [15.98412, 23.445236], [15.62714, 23.285737], [15.347467, 23.160705], [14.97829, 22.995883]]}}, {"type": "Feature", "properties": {}, "geometry": {"type": "LineString", "coordinates": [[24.980264, 21.995867], [24.980109, 21.497551], [24.979902, 20.999235], [24.979695, 20.50092], [24.97954, 20.002578], [24.976388, 20.000795], [24.973287, 19.999038], [24.970187, 19.997255], [24.967035, 19.995472], [24.720383, 19.995576], [24.47368, 19.995705], [24.226976, 19.995834], [23.980325, 19.995937], [23.980325, 19.871113], [23.980325, 19.746289], [23.980325, 19.621464], [23.980325, 19.49664]]}}, {"type": "Feature", "properties": {}, "geometry": {"type": "LineString", "coordinates": [[25.150486, 31.654967], [25.111987, 31.626907], [25.057262, 31.567169], [25.02269, 31.51402], [24.929983, 31.427488], [24.852675, 31.334832], [24.859909, 31.199181], [24.877583, 31.061257], [24.929466, 30.926485], [24.973959, 30.776571], [24.961402, 30.678541], [24.923006, 30.558032], [24.877583, 30.457547], [24.726429, 30.250609], [24.703226, 30.201077], [24.71165, 30.131546], [24.803685, 29.886057], [24.810817, 29.808723], [24.865904, 29.570263], [24.916133, 29.376295], [24.971737, 29.22385], [24.980264, 29.181888], [24.980264, 28.957328], [24.980264, 28.732768], [24.980264, 28.508209], [24.980264, 28.283649], [24.980264, 28.059089], [24.980264, 27.834529], [24.980264, 27.609943], [24.980264, 27.385383], [24.980264, 27.160823], [24.980264, 26.936237], [24.980264, 26.711677], [24.980264, 26.487117], [24.980264, 26.262557], [24.980264, 26.037998], [24.980264, 25.813438], [24.980264, 25.588878], [24.980264, 25.364318], [24.980264, 25.139758], [24.980264, 24.915198], [24.980264, 24.690638], [24.980264, 24.466078], [24.980264, 24.241518], [24.980264, 24.016932], [24.980264, 23.792372], [24.980264, 23.567812], [24.980264, 23.343227], [24.980264, 23.118667], [24.980264, 22.894107], [24.980264, 22.669547], [24.980264, 22.444987], [24.980264, 22.220427], [24.980264, 21.995867]]}}, {"type": "Feature", "properties": {}, "geometry": {"type": "LineString", "coordinates": [[22.860083, 10.91967], [22.894861, 11.028991], [22.937649, 11.19203], [22.942817, 11.267168], [22.922663, 11.344889], [22.849076, 11.403284], [22.783447, 11.40995], [22.753991, 11.439819], [22.697406, 11.482659], [22.641027, 11.515938], [22.591107, 11.579888], [22.556381, 11.669521], [22.580979, 11.990121], [22.564339, 12.032961], [22.489821, 12.044743], [22.472406, 12.067791], [22.475455, 12.12926], [22.435251, 12.31191], [22.390241, 12.463012], [22.414477, 12.546392], [22.35231, 12.660442], [22.233403, 12.709457], [22.121213, 12.694574], [22.000704, 12.671862], [21.928099, 12.678115], [21.878179, 12.69938], [21.843349, 12.741238], [21.825262, 12.790537], [21.841799, 12.864745], [21.907738, 13.000964], [21.990214, 13.113076], [22.157955, 13.215059], [22.202604, 13.26932], [22.228132, 13.329574], [22.232628, 13.398769], [22.221414, 13.471633], [22.202397, 13.538089], [22.152891, 13.62643], [22.107623, 13.730325], [22.106486, 13.799778], [22.12819, 13.850137], [22.173148, 13.910598], [22.262135, 13.978734], [22.283477, 13.992325], [22.339391, 14.02886], [22.388174, 14.055525], [22.509975, 14.127433], [22.538604, 14.161875], [22.528217, 14.203216], [22.498348, 14.237064], [22.449307, 14.284245], [22.439385, 14.342122], [22.424967, 14.441238], [22.399698, 14.50418], [22.381508, 14.550482], [22.416234, 14.585208], [22.467807, 14.633371], [22.532041, 14.662723], [22.631828, 14.68807], [22.670896, 14.722461], [22.682471, 14.788607], [22.679164, 14.851445], [22.714924, 14.898367], [22.763293, 14.998671], [22.802154, 15.044457], [22.867163, 15.096624], [22.932327, 15.162124], [22.961317, 15.23814], [22.969482, 15.31134], [22.933929, 15.533109], [23.00917, 15.625817], [23.105184, 15.702556], [23.24347, 15.697233], [23.458031, 15.713977], [23.604017, 15.746016], [23.708248, 15.744957], [23.94596, 15.703538], [23.965235, 15.713434], [23.970765, 15.721547], [23.983425, 15.780174], [23.98327, 15.92815], [23.982909, 16.374195], [23.982547, 16.820266], [23.982185, 17.266337], [23.981823, 17.712408], [23.981462, 18.158479], [23.9811, 18.604524], [23.980686, 19.050569], [23.980325, 19.49664]]}}, {"type": "Feature", "properties": {}, "geometry": {"type": "LineString", "coordinates": [[24.980264, 21.995867], [25.362308, 21.995815], [25.7443, 21.995738], [26.126344, 21.99566], [26.508387, 21.995609], [26.89038, 21.995557], [27.272424, 21.995505], [27.654467, 21.995454], [28.03646, 21.995376], [28.418503, 21.995299], [28.800547, 21.995247], [29.18254, 21.995195], [29.564583, 21.995144], [29.946627, 21.995092], [30.328619, 21.995014], [30.710663, 21.994937], [31.092707, 21.994885], [31.209134, 21.994885], [31.260656, 22.002275], [31.358531, 22.18862], [31.400285, 22.202418], [31.464261, 22.191488], [31.48612, 22.147796], [31.466431, 22.084647], [31.434495, 21.995867], [31.621667, 21.995867], [31.949761, 21.995919], [32.277854, 21.99597], [32.606, 21.996022], [32.934093, 21.996074], [33.262187, 21.996125], [33.590332, 21.996177], [33.918426, 21.996229], [34.24652, 21.99628], [34.574613, 21.996332], [34.902707, 21.996384], [35.230852, 21.996435], [35.558946, 21.996487], [35.88704, 21.996539], [36.215185, 21.99659], [36.543279, 21.996642], [36.871373, 21.99672]]}}, {"type": "Feature", "properties": {}, "geometry": {"type": "LineString", "coordinates": [[41.884038, 3.977742], [41.760945, 3.801629], [41.61346, 3.590479], [41.341746, 3.201665], [41.134988, 2.997078], [40.97877, 2.842411], [40.964404, 2.814661], [40.965076, 2.64232], [40.96673, 2.22095], [40.968383, 1.799555], [40.970037, 1.378159], [40.971639, 0.956789], [40.973241, 0.53542], [40.974895, 0.11405], [40.976548, -0.307319], [40.978202, -0.728741], [40.97877, -0.870282], [41.115816, -1.047429], [41.249813, -1.220545], [41.42696, -1.449472], [41.52189, -1.572255], [41.537599, -1.613183], [41.532742, -1.695348]]}}, {"type": "Feature", "properties": {}, "geometry": {"type": "LineString", "coordinates": [[42.922734, 10.999303], [42.906146, 10.960262], [42.862945, 10.903211], [42.809718, 10.846005], [42.763106, 10.786939], [42.659546, 10.621367], [42.656446, 10.600025], [42.669262, 10.567572], [42.725175, 10.491737], [42.783673, 10.369626], [42.816436, 10.257385], [42.841654, 10.203073], [42.912451, 10.140803], [43.014718, 10.012619], [43.068927, 9.926242], [43.181685, 9.879966], [43.218427, 9.770179], [43.303125, 9.609078], [43.394334, 9.480249], [43.482545, 9.379479], [43.58104, 9.340722], [43.620521, 9.337415], [43.826814, 9.150785], [43.983807, 9.00883], [44.022874, 8.986041], [44.306216, 8.893049], [44.632036, 8.786105], [44.89357, 8.700219], [45.226935, 8.590794], [45.555494, 8.482997], [45.86333, 8.379876], [46.296017, 8.234976], [46.644678, 8.118187], [46.919545, 8.026125], [46.978249, 7.997083], [47.305671, 7.997083], [47.637744, 7.997083], [47.978188, 7.997083]]}}, {"type": "Feature", "properties": {}, "geometry": {"type": "LineString", "coordinates": [[30.751126, -8.193608], [30.577907, -8.220015], [30.327483, -8.258204], [30.051375, -8.300268], [29.766225, -8.34378], [29.483761, -8.386878], [29.215612, -8.427806], [28.972216, -8.464961], [28.898112, -8.485425], [28.934493, -8.590276], [28.917801, -8.700606], [28.869535, -8.785872], [28.793519, -8.890982], [28.758741, -8.932633], [28.681278, -9.014695], [28.616476, -9.072262], [28.484288, -9.169414], [28.400675, -9.22476], [28.400158, -9.275041], [28.540512, -9.510065], [28.604229, -9.678789], [28.630118, -9.831286], [28.628878, -9.918722], [28.623504, -10.098866], [28.617148, -10.312962], [28.607381, -10.397401], [28.645518, -10.550208], [28.638903, -10.669271], [28.544232, -10.802389], [28.517981, -10.933182], [28.470283, -11.109606], [28.404189, -11.354397], [28.357267, -11.482968], [28.383363, -11.566736], [28.40698, -11.622804], [28.431784, -11.698355], [28.482531, -11.812095], [28.541545, -11.879171], [28.574618, -11.90811], [28.769438, -12.051305], [28.850053, -12.1205], [28.973405, -12.257856], [29.064356, -12.348858], [29.191221, -12.370201], [29.343718, -12.404772], [29.427537, -12.431282], [29.48557, -12.418415], [29.504897, -12.386169], [29.502262, -12.317594], [29.49203, -12.2669], [29.508153, -12.228194], [29.559726, -12.202407], [29.691966, -12.198325], [29.749637, -12.164012], [29.795164, -12.155485], [29.795319, -12.306174], [29.795474, -12.450609], [29.795629, -12.625896], [29.795835, -12.82702], [29.796042, -12.992127], [29.796249, -13.167516], [29.796456, -13.369675], [29.795319, -13.392722], [29.775165, -13.438094], [29.722662, -13.453804], [29.651762, -13.414323], [29.647627, -13.372982], [29.630264, -13.298568], [29.597191, -13.260534], [29.554196, -13.248958], [29.481436, -13.267975], [29.381804, -13.322856], [29.253698, -13.370811], [29.201866, -13.398355], [29.111639, -13.395151], [29.014229, -13.368848], [28.942296, -13.307146], [28.921729, -13.214594], [28.858787, -13.119457], [28.773159, -12.981895], [28.730061, -12.925464], [28.672958, -12.861334], [28.615391, -12.854047], [28.550847, -12.836167], [28.511263, -12.742219], [28.474366, -12.623364], [28.451473, -12.577475], [28.412871, -12.518047], [28.35768, -12.481977], [28.237274, -12.434538], [28.068861, -12.368185], [27.857452, -12.284883], [27.75689, -12.280852], [27.644287, -12.266796], [27.573852, -12.227005], [27.533441, -12.195328], [27.487036, -12.079727], [27.42368, -11.944542], [27.238059, -11.783518], [27.196408, -11.605028], [27.159149, -11.579241], [27.09538, -11.593762], [27.046081, -11.615931], [27.02665, -11.663732], [26.976834, -11.824653], [26.949549, -11.89886], [26.930894, -11.919376], [26.890483, -11.943508], [26.824079, -11.965212], [26.729718, -11.975961], [26.596392, -11.972034], [26.429736, -11.947849], [26.339664, -11.929917], [26.096423, -11.903201], [26.025936, -11.890178], [25.926511, -11.855297], [25.854887, -11.820105], [25.618829, -11.744192], [25.511859, -11.753391], [25.459976, -11.699802], [25.413364, -11.673499], [25.349388, -11.623011], [25.320656, -11.553506], [25.282623, -11.404988], [25.291821, -11.32551], [25.319313, -11.236885], [25.288772, -11.212442], [25.245984, -11.212442], [25.184851, -11.242983], [25.07602, -11.260036], [24.876859, -11.299155], [24.806373, -11.321169], [24.728134, -11.337757], [24.668293, -11.35295], [24.518535, -11.438526], [24.466548, -11.447673], [24.377923, -11.417132], [24.335135, -11.371295], [24.377923, -11.319309], [24.396268, -11.255178], [24.365728, -11.129863], [24.319891, -11.071779], [24.187185, -11.030024], [24.136491, -11.025942], [24.115097, -10.955662], [24.078407, -10.89148], [24.002752, -10.879129], [23.966475, -10.871791]]}}, {"type": "Feature", "properties": {}, "geometry": {"type": "LineString", "coordinates": [[23.380671, -17.640628], [23.181614, -17.474385], [22.955839, -17.285766], [22.721952, -17.075288], [22.545994, -16.910234], [22.459436, -16.815149], [22.305026, -16.689575], [22.193922, -16.62808], [22.150669, -16.597178], [22.040185, -16.26278], [21.979827, -15.955563], [21.979775, -15.724156], [21.979672, -15.403246], [21.979568, -15.082335], [21.979465, -14.761424], [21.979362, -14.440514], [21.979258, -14.119603], [21.979155, -13.798692], [21.979052, -13.477782], [21.979, -13.156819], [21.978897, -13.000963], [22.20958, -13.000963], [22.471011, -13.000963], [22.74438, -13.000963], [23.041519, -13.000963], [23.33871, -13.000963], [23.63585, -13.000963], [23.843175, -13.000963], [23.897487, -12.998224], [23.963013, -12.988458], [23.968026, -12.956935], [23.882398, -12.799012], [23.886532, -12.743253], [23.909321, -12.636128], [23.94472, -12.543782], [23.991332, -12.422136], [23.996499, -12.350667], [23.958879, -12.117813], [23.962341, -11.987847], [23.9734, -11.852971], [23.98389, -11.72502], [23.970971, -11.635827], [23.986784, -11.587251], [24.01469, -11.517695], [24.029314, -11.439198], [24.046677, -11.40535], [24.041406, -11.374137], [24.025542, -11.31564], [24.010039, -11.184743], [23.988335, -11.002791], [23.966475, -10.871791]]}}, {"type": "Feature", "properties": {}, "geometry": {"type": "LineString", "coordinates": [[33.903233, -1.002057], [33.899978, -0.831629], [33.924369, -0.397857], [33.921527, -0.017001], [33.943127, 0.173788], [34.03723, 0.294556], [34.080535, 0.382458], [34.111748, 0.505137], [34.160995, 0.605183], [34.272565, 0.686418], [34.292615, 0.731274], [34.410851, 0.867286], [34.481751, 1.042159], [34.535236, 1.101535], [34.602002, 1.156467], [34.649131, 1.185303], [34.726697, 1.214241], [34.787572, 1.230726], [34.798631, 1.244524], [34.803798, 1.272843], [34.783541, 1.38113], [34.809535, 1.416684], [34.850927, 1.489005], [34.898366, 1.556494], [34.941258, 1.599257], [34.965236, 1.643363], [34.976449, 1.719637], [34.978206, 1.773639], [34.977535, 1.861902], [34.964047, 2.062407], [34.913973, 2.2302], [34.883018, 2.417941], [34.905756, 2.479694], [34.866224, 2.589687], [34.846638, 2.595733], [34.814495, 2.619815], [34.773413, 2.723426], [34.742459, 2.818123], [34.723287, 2.841946], [34.589135, 2.924757], [34.522575, 3.119991], [34.447851, 3.163476], [34.407234, 3.357521], [34.39943, 3.412712], [34.441857, 3.60624], [34.437671, 3.650579], [34.392867, 3.691506], [34.267087, 3.733157], [34.165078, 3.812998], [34.178204, 3.840877], [34.185748, 3.869764], [34.132005, 3.889169], [33.976097, 4.220208]]}}, {"type": "Feature", "properties": {}, "geometry": {"type": "LineString", "coordinates": [[33.903233, -1.002057], [33.979404, -1.002057], [34.051545, -1.039885], [34.131591, -1.084585], [34.344757, -1.203595], [34.557922, -1.322555], [34.771087, -1.441565], [34.984253, -1.560576], [35.197418, -1.679587], [35.410583, -1.798598], [35.623697, -1.917609], [35.836862, -2.03662], [36.050027, -2.15563], [36.263141, -2.274641], [36.476306, -2.3936], [36.689471, -2.512611], [36.902637, -2.631622], [37.115802, -2.750581], [37.328967, -2.869592], [37.542133, -2.988603], [37.643883, -3.045447], [37.65918, -3.070045], [37.676853, -3.178462], [37.687963, -3.246158], [37.681866, -3.305741], [37.625332, -3.407234], [37.608692, -3.460254], [37.608175, -3.497047], [37.622024, -3.511517], [37.670135, -3.516788], [37.711011, -3.540817], [37.726152, -3.559782], [37.757468, -3.636108], [37.797207, -3.674452], [37.887279, -3.739255], [38.04081, -3.849791], [38.194289, -3.960326], [38.34782, -4.070862], [38.501351, -4.181398], [38.654881, -4.291934], [38.808412, -4.40247], [38.961891, -4.512954], [39.115422, -4.62349], [39.190146, -4.677285], [39.221772, -4.692375]]}}, {"type": "Feature", "properties": {}, "geometry": {"type": "LineString", "coordinates": [[11.328746, 2.167413], [11.096615, 2.167491], [10.790949, 2.167568], [10.502284, 2.167646], [10.307051, 2.167723], [9.979887, 2.167775], [9.870075, 2.213302], [9.83695, 2.242396], [9.830336, 2.275469], [9.826202, 2.297793], [9.800777, 2.304433]]}}, {"type": "Feature", "properties": {}, "geometry": {"type": "LineString", "coordinates": [[11.328746, 2.167413], [11.330037, 1.935903], [11.331174, 1.740204], [11.332363, 1.528382], [11.333603, 1.307621], [11.334688, 1.120759], [11.33536, 0.999681], [11.130618, 1.000404], [10.858903, 1.001283], [10.587189, 1.002161], [10.315474, 1.003092], [10.178945, 1.003557], [10.028463, 1.004022], [9.979784, 0.997717], [9.946711, 0.967125], [9.906765, 0.960097], [9.860308, 0.986245], [9.803877, 0.998751], [9.788633, 1.025674], [9.760573, 1.074715], [9.704555, 1.079986], [9.676495, 1.074715], [9.636187, 1.046706], [9.590867, 1.031979]]}}, {"type": "Feature", "properties": {}, "geometry": {"type": "LineString", "coordinates": [[25.2588, -17.793591], [25.21596, -17.787596], [24.909105, -17.821393], [24.792213, -17.864594], [24.530524, -18.052748], [24.474868, -18.028512], [24.412185, -17.989444], [24.358958, -17.97823], [24.243926, -18.023447], [24.129308, -18.077501], [24.002597, -18.154137], [23.898366, -18.229223], [23.864311, -18.269479], [23.700497, -18.424353], [23.647167, -18.449468], [23.599728, -18.459958], [23.580608, -18.452879], [23.560144, -18.386423], [23.459788, -18.231032], [23.298661, -18.027375], [23.251532, -18.007479], [23.219389, -17.999728], [23.099913, -18.009598], [22.752751, -18.067166], [22.460056, -18.11569], [22.011401, -18.19863], [21.529673, -18.265603], [21.232534, -18.306841], [20.9741, -18.31883], [20.974358, -18.520523], [20.974978, -18.928508], [20.975599, -19.336442], [20.976219, -19.744376], [20.976839, -20.15231], [20.977459, -20.560243], [20.978079, -20.968177], [20.978699, -21.376111], [20.979268, -21.784045], [20.979526, -21.961967], [20.970999, -22.000156], [20.82274, -22.000156], [20.487515, -22.000156], [20.205361, -22.000156], [19.977365, -22.000156], [19.977623, -22.242621], [19.977933, -22.529271], [19.978243, -22.81592], [19.978554, -23.102517], [19.978915, -23.389166], [19.979277, -23.675816], [19.979587, -23.962413], [19.979897, -24.249062], [19.980207, -24.535711], [19.980466, -24.751977]]}}, {"type": "Feature", "properties": {}, "geometry": {"type": "LineString", "coordinates": [[0.900493, 10.993257], [0.874758, 10.885744], [0.821842, 10.7526], [0.787477, 10.710277], [0.763344, 10.386653], [0.779984, 10.359575], [0.792179, 10.351539], [0.958319, 10.242037], [1.176187, 10.098402], [1.330028, 9.996987], [1.342843, 9.962958], [1.345066, 9.750206], [1.347081, 9.56753], [1.378914, 9.462989], [1.385735, 9.361651], [1.424286, 9.285015], [1.566292, 9.137246], [1.600192, 9.050042], [1.603809, 8.771015], [1.6066, 8.559271], [1.624583, 8.270994], [1.624583, 8.030208], [1.624583, 7.725885], [1.624687, 7.369189], [1.624687, 6.997299], [1.530946, 6.992442], [1.582002, 6.876997], [1.590787, 6.772274], [1.602931, 6.73809], [1.577558, 6.687396], [1.598538, 6.610217], [1.639311, 6.581562], [1.743129, 6.426249], [1.777907, 6.294655], [1.610889, 6.250833], [1.62262, 6.216778]]}}, {"type": "Feature", "properties": {}, "geometry": {"type": "LineString", "coordinates": [[42.799331, 16.371792], [42.986348, 16.50907], [43.03358, 16.550385], [43.06071, 16.586636], [43.10479, 16.664151], [43.165045, 16.689421], [43.186388, 16.771018], [43.184476, 16.811817], [43.145615, 16.846776], [43.116469, 16.941989], [43.126185, 17.062447], [43.1359, 17.112961], [43.15595, 17.205048], [43.221373, 17.239232], [43.236927, 17.26644], [43.186388, 17.324731], [43.190935, 17.35938], [43.302194, 17.45679], [43.346068, 17.486013], [43.418001, 17.516244], [43.474277, 17.515934], [43.539234, 17.498725], [43.597319, 17.471414], [43.653439, 17.421857], [43.71297, 17.365529], [43.804283, 17.344135], [43.866449, 17.349587], [43.916937, 17.324731], [43.959674, 17.338322], [44.00825, 17.367467], [44.085971, 17.365529], [44.155941, 17.398551], [44.35474, 17.414364], [44.54646, 17.404364], [44.746757, 17.431675], [44.946487, 17.429582], [45.148077, 17.427464], [45.192777, 17.423407], [45.23665, 17.406199], [45.406562, 17.31977], [45.53534, 17.302071], [45.794445, 17.278403], [46.070811, 17.253185], [46.310331, 17.2313], [46.51342, 17.251686], [46.68204, 17.268559], [46.72767, 17.265587], [46.77852, 17.212128], [46.879961, 17.07901], [46.975665, 16.953487], [47.143614, 16.946666], [47.251256, 16.993924], [47.369595, 17.06038], [47.441787, 17.111876], [47.525399, 17.316127], [47.579556, 17.448341], [47.703735, 17.596807], [47.807759, 17.721115], [47.945529, 17.885834], [48.0217, 17.976939], [48.172181, 18.156928], [48.315842, 18.227053], [48.592983, 18.36242], [48.864904, 18.495202], [49.041999, 18.581786], [49.192378, 18.621318], [49.445075, 18.655322], [49.742111, 18.695293], [50.038941, 18.735239], [50.355304, 18.777795], [50.708202, 18.825311], [50.949996, 18.857841], [51.258453, 18.899364], [51.514923, 18.933883], [51.74292, 18.964553], [51.977634, 18.996153]]}}, {"type": "Feature", "properties": {}, "geometry": {"type": "LineString", "coordinates": [[42.358996, 37.108588], [42.359048, 37.094997], [42.350108, 37.060581], [42.237298, 36.961155], [42.083974, 36.826021], [41.974058, 36.740807], [41.78854, 36.597146], [41.650151, 36.566399], [41.416831, 36.514645], [41.3542, 36.46439], [41.296012, 36.383361], [41.261802, 36.272463], [41.251725, 36.20301], [41.245576, 36.073406], [41.300198, 35.938969], [41.352649, 35.809985], [41.359367, 35.72459], [41.354096, 35.640409], [41.30335, 35.550621], [41.248315, 35.427502], [41.216379, 35.288182], [41.199584, 35.027371], [41.19917, 34.805318], [41.194675, 34.768989], [41.099021, 34.612306], [40.987039, 34.429036], [40.935052, 34.386584], [40.689486, 34.332013], [40.421543, 34.197732], [40.121975, 34.047638], [39.850002, 33.911367], [39.564438, 33.768353], [39.268384, 33.620015], [39.056717, 33.514027], [38.77353, 33.372201]]}}, {"type": "Feature", "properties": {}, "geometry": {"type": "LineString", "coordinates": [[35.787253, 32.734927], [35.89474, 32.713792], [35.956441, 32.666714], [36.059484, 32.533777], [36.219784, 32.495097], [36.284277, 32.457451], [36.372126, 32.386938], [36.4792, 32.361307], [36.818404, 32.317304], [37.08893, 32.465512], [37.317547, 32.590776], [37.577428, 32.733067], [37.754161, 32.829831], [38.055745, 32.99486], [38.254286, 33.099246], [38.515665, 33.236628], [38.77353, 33.372201]]}}, {"type": "Feature", "properties": {}, "geometry": {"type": "LineString", "coordinates": [[35.611243, 32.682062], [35.734439, 32.728881], [35.787253, 32.734927]]}}, {"type": "Feature", "properties": {}, "geometry": {"type": "LineString", "coordinates": [[39.145446, 32.124499], [39.292775, 32.24382], [39.247455, 32.350997], [39.140071, 32.331205], [39.041369, 32.305651], [38.98158, 32.472566], [39.057854, 32.493185], [38.987419, 32.710691], [38.914865, 32.934657], [38.84505, 33.150871], [38.77353, 33.372201]]}}, {"type": "Feature", "properties": {}, "geometry": {"type": "LineString", "coordinates": [[34.950818, 29.353532], [35.163776, 29.32095], [35.339166, 29.294078], [35.595275, 29.254855], [35.860375, 29.214238], [36.015456, 29.190467], [36.068476, 29.200544], [36.282778, 29.355366], [36.476099, 29.495125], [36.591855, 29.666097], [36.703889, 29.831668], [36.755256, 29.866033], [36.92708, 29.897064], [37.199466, 29.946312], [37.469217, 29.995069], [37.490715, 30.011708], [37.553605, 30.144569], [37.633548, 30.313292], [37.64993, 30.33094], [37.669722, 30.348122], [37.86294, 30.442638], [37.98009, 30.499999], [37.81302, 30.669291], [37.655511, 30.828945], [37.479036, 31.007772], [37.329432, 31.146833], [37.10526, 31.355167], [36.958551, 31.491515], [37.215641, 31.55611], [37.49335, 31.625874], [37.77385, 31.696334], [38.111452, 31.781161], [38.375518, 31.847462], [38.769655, 31.946474], [38.962356, 31.994895], [38.997083, 32.007452], [39.145446, 32.124499]]}}, {"type": "Feature", "properties": {}, "geometry": {"type": "LineString", "coordinates": [[46.531455, 29.09626], [46.356478, 29.063653], [45.949681, 29.095847], [45.498908, 29.131555], [45.050305, 29.167109], [44.716475, 29.193619], [44.690844, 29.202352], [44.360683, 29.435258], [44.099665, 29.619329], [43.773742, 29.849212], [43.440791, 30.084004], [43.103085, 30.322206], [42.857725, 30.495193], [42.559811, 30.717764], [42.288561, 30.920387], [42.074414, 31.080377], [41.799702, 31.220369], [41.58509, 31.329716], [41.272448, 31.489034], [41.022489, 31.616365], [40.808342, 31.725454], [40.478853, 31.893351], [40.369299, 31.938981], [40.027821, 31.994998], [39.704068, 32.042515], [39.368636, 32.091737], [39.145446, 32.124499]]}}, {"type": "Feature", "properties": {}, "geometry": {"type": "LineString", "coordinates": [[13.606333, 13.704616], [13.50577, 14.134435], [13.448203, 14.380647], [13.513625, 14.4555], [13.642403, 14.630787], [13.807096, 14.966089], [14.178184, 15.48474], [14.367992, 15.75015], [14.746728, 16.146612], [15.212126, 16.633895], [15.474332, 16.908374], [15.516707, 17.408473], [15.561562, 17.937252], [15.595514, 18.337072], [15.63763, 18.810842], [15.672925, 19.206787], [15.69866, 19.495193], [15.73504, 19.904057], [15.766252, 19.982553], [15.948825, 20.30318], [15.963191, 20.346174], [15.929343, 20.39984], [15.668481, 20.672382], [15.587142, 20.733308], [15.540323, 20.874876], [15.607347, 20.954406], [15.293672, 21.411536], [15.215847, 21.46745], [15.181844, 21.523389], [15.177865, 21.605813], [15.172284, 21.922073], [15.088929, 22.418348], [14.97891, 22.996271]]}}, {"type": "Feature", "properties": {}, "geometry": {"type": "LineString", "coordinates": [[11.96788, 23.517867], [12.488778, 23.401673], [12.983632, 23.29124], [13.481276, 23.180187], [13.598581, 23.119545], [13.862648, 22.902091], [14.200663, 22.623736], [14.215546, 22.619679], [14.230739, 22.618465], [14.555629, 22.782537], [14.97891, 22.996271]]}}, {"type": "Feature", "properties": {}, "geometry": {"type": "LineString", "coordinates": [[0.217486, 14.911493], [0.2287, 14.963686], [0.286241, 14.980197], [0.433028, 14.979008], [0.718644, 14.954901], [0.947415, 14.982109], [0.960076, 14.986941], [1.121307, 15.126105], [1.30021, 15.272272], [1.569135, 15.286457], [1.859401, 15.301728], [2.088173, 15.30935], [2.420814, 15.320383], [2.689686, 15.329891], [3.001037, 15.34095], [3.010494, 15.40831], [3.029407, 15.424847], [3.060103, 15.427198], [3.289081, 15.391102], [3.504262, 15.356324], [3.52054, 15.483086], [3.709572, 15.641681], [3.816543, 15.674031], [3.843001, 15.701703], [3.876901, 15.755292], [3.897985, 15.838], [3.907183, 15.896808], [3.947077, 15.945642], [3.976223, 16.035559], [4.014877, 16.192733], [4.121279, 16.35771], [4.182153, 16.581779], [4.191197, 16.7982], [4.202979, 16.962712], [4.234657, 16.996379], [4.233675, 17.288428], [4.232745, 17.582183], [4.231918, 17.830514], [4.230884, 18.139462], [4.230006, 18.410608], [4.229024, 18.704362], [4.228197, 18.968041], [4.227629, 19.14276]]}}, {"type": "Feature", "properties": {}, "geometry": {"type": "LineString", "coordinates": [[-0.068621, 11.115601], [-0.299459, 11.16689], [-0.312559, 11.118882], [-0.345736, 11.087928], [-0.395603, 11.085706], [-0.43033, 11.093277], [-0.453533, 11.056302], [-0.491722, 11.007597], [-0.545233, 10.983671], [-0.597658, 10.953673], [-0.627165, 10.927395], [-0.648534, 10.926775], [-0.701425, 10.988942], [-0.771601, 10.995272], [-0.902911, 10.984704], [-0.961822, 11.001706], [-1.042489, 11.010052], [-1.232607, 10.997236], [-1.536774, 11.022635], [-1.586487, 11.008889], [-1.599664, 10.997649], [-1.900628, 10.994678], [-2.231951, 10.991422], [-2.509169, 10.988735], [-2.751687, 10.986358], [-2.7521, 10.996978], [-2.829925, 10.998373], [-2.838555, 10.97747], [-2.907336, 10.727976], [-2.914881, 10.592325], [-2.878398, 10.507938], [-2.837211, 10.454659], [-2.791168, 10.432438], [-2.78662, 10.401898], [-2.823466, 10.362934], [-2.820313, 10.322833], [-2.777112, 10.281595], [-2.766518, 10.238161], [-2.788481, 10.192582], [-2.78321, 10.08308], [-2.750731, 9.909654], [-2.749827, 9.797232], [-2.780522, 9.74584], [-2.76595, 9.658067], [-2.706186, 9.53394], [-2.695851, 9.481334]]}}, {"type": "Feature", "properties": {}, "geometry": {"type": "LineString", "coordinates": [[-13.292697, 9.049215], [-13.234225, 9.070144], [-13.178363, 9.060868], [-13.129891, 9.047562], [-13.077284, 9.069628], [-13.028011, 9.103579], [-12.998607, 9.146936], [-12.958816, 9.263311], [-12.831098, 9.302223], [-12.755883, 9.373588], [-12.684414, 9.484176], [-12.651651, 9.561897], [-12.622144, 9.600655], [-12.603592, 9.634244], [-12.589846, 9.671141], [-12.557858, 9.704963], [-12.524372, 9.787207], [-12.501479, 9.862163], [-12.427996, 9.89813], [-12.277721, 9.929782], [-12.142328, 9.875392], [-11.922755, 9.922728], [-11.911076, 9.993034], [-11.710029, 9.994171], [-11.47193, 9.995463], [-11.273647, 9.996522], [-11.205641, 9.977738], [-11.180888, 9.925338], [-11.115673, 9.843146], [-11.04746, 9.786302], [-10.963072, 9.661633], [-10.864783, 9.516448], [-10.758588, 9.385345], [-10.690531, 9.314264], [-10.682702, 9.289356], [-10.687637, 9.26114], [-10.721226, 9.194478], [-10.749958, 9.122363], [-10.747013, 9.095285], [-10.726859, 9.081694], [-10.615961, 9.059189], [-10.605755, 8.978832], [-10.605626, 8.867599], [-10.551779, 8.763755], [-10.500542, 8.687558], [-10.503152, 8.660299], [-10.628467, 8.529996], [-10.677353, 8.400573], [-10.702158, 8.364193], [-10.71208, 8.335254], [-10.686965, 8.321663], [-10.652652, 8.330293], [-10.603998, 8.319467], [-10.557722, 8.315694], [-10.496434, 8.362126], [-10.394425, 8.480981], [-10.360034, 8.495528], [-10.283217, 8.485141]]}}, {"type": "Feature", "properties": {}, "geometry": {"type": "LineString", "coordinates": [[30.509952, -1.067273], [30.469903, -1.066033], [30.412335, -1.063036], [30.360245, -1.074611], [30.320506, -1.113058], [30.279837, -1.178791], [30.206973, -1.254238], [30.149974, -1.321108], [30.101553, -1.36865], [29.990501, -1.44694], [29.930091, -1.469936], [29.900015, -1.466318], [29.881618, -1.451797], [29.84684, -1.3517], [29.825446, -1.335577], [29.609645, -1.387098], [29.576934, -1.387874]]}}, {"type": "Feature", "properties": {}, "geometry": {"type": "LineString", "coordinates": [[30.509952, -1.067273], [30.477034, -1.082983], [30.470213, -1.131145], [30.508092, -1.208246], [30.63196, -1.367461], [30.710715, -1.396814], [30.762185, -1.458722], [30.812621, -1.563057], [30.827504, -1.693695], [30.80673, -1.850688], [30.819132, -1.967476], [30.864607, -2.044061], [30.876596, -2.143383], [30.854996, -2.265391], [30.828744, -2.338513], [30.797635, -2.362698], [30.762443, -2.37169], [30.714849, -2.363525], [30.65661, -2.373808], [30.593409, -2.396804], [30.553619, -2.400112]]}}, {"type": "Feature", "properties": {}, "geometry": {"type": "LineString", "coordinates": [[33.903233, -1.002057], [33.794041, -1.002057], [33.616274, -1.002057], [33.438507, -1.002057], [33.26074, -1.002057], [33.082973, -1.002057], [32.905206, -1.002057], [32.727439, -1.002057], [32.549672, -1.002057], [32.371906, -1.002057], [32.194139, -1.002057], [32.016372, -1.002057], [31.838605, -1.002057], [31.660838, -1.002057], [31.483071, -1.002057], [31.305304, -1.002057], [31.127537, -1.002057], [30.949718, -1.002057], [30.844764, -1.002057], [30.82368, -0.999008], [30.80921, -0.994926], [30.742031, -1.007535], [30.672784, -1.051357], [30.598732, -1.069702], [30.519874, -1.062519], [30.509952, -1.067273]]}}, {"type": "Feature", "properties": {}, "geometry": {"type": "LineString", "coordinates": [[34.591408, -11.971052], [34.553995, -11.982266], [34.541592, -12.018646], [34.580453, -12.065775], [34.621794, -12.066602], [34.641638, -12.013685], [34.624275, -11.984746], [34.591408, -11.971052], [34.591408, -11.971052], [34.591408, -11.971052], [34.591408, -11.971052], [34.591408, -11.971052], [34.591408, -11.971052], [34.591408, -11.971052], [34.591408, -11.971052], [34.591408, -11.971052], [34.591408, -11.971052], [34.591408, -11.971052], [34.591408, -11.971052], [34.591408, -11.971052], [34.591408, -11.971052], [34.591408, -11.971052], [34.591408, -11.971052], [34.591408, -11.971052], [34.591408, -11.971052]]}}, {"type": "Feature", "properties": {}, "geometry": {"type": "LineString", "coordinates": [[2.389188, 11.897052], [2.412649, 11.99932], [2.363298, 12.188429], [2.365985, 12.221942], [2.469338, 12.262818], [2.598426, 12.29434], [2.648449, 12.296769], [2.681366, 12.312815], [2.728547, 12.353639], [2.805235, 12.383844], [2.850193, 12.373664], [2.87815, 12.367721], [3.149555, 12.118072], [3.267377, 11.991878], [3.299106, 11.927128], [3.35993, 11.880464], [3.449847, 11.851938], [3.531702, 11.787446], [3.595419, 11.696289]]}}, {"type": "Feature", "properties": {}, "geometry": {"type": "LineString", "coordinates": [[18.610317, 3.478444], [18.622151, 3.304036], [18.547116, 3.087021], [18.490944, 2.924395], [18.34346, 2.65542], [18.211581, 2.414918], [18.07221, 2.013262], [18.07283, 1.719379], [18.057792, 1.534868], [18.011748, 1.42211], [17.902453, 1.118072], [17.885761, 0.856899], [17.925242, 0.53728], [17.887725, 0.234146], [17.773107, -0.0524], [17.724117, -0.277554], [17.75285, -0.549062], [17.542837, -0.774991], [17.27877, -0.999577], [17.107618, -1.064483], [16.974706, -1.13993], [16.879931, -1.22592], [16.84908, -1.27248], [16.780092, -1.376401], [16.622479, -1.698966], [16.540727, -1.840146], [16.433602, -1.960862], [16.273922, -2.108243], [16.215372, -2.1778], [16.19155, -2.279137], [16.201833, -2.464707], [16.217336, -3.030254], [16.190619, -3.19443], [16.146746, -3.464129], [15.990063, -3.766178], [15.872448, -3.934282], [15.754625, -3.985545], [15.600061, -4.030916], [15.526009, -4.087967], [15.480947, -4.171786], [15.394647, -4.24496], [15.267213, -4.307592], [15.106293, -4.461071], [14.912093, -4.705604], [14.779284, -4.84575], [14.707867, -4.881717], [14.63397, -4.885076], [14.557592, -4.855776], [14.493927, -4.851642], [14.461629, -4.864974], [14.440907, -4.854122], [14.410728, -4.831281], [14.411865, -4.775005], [14.402925, -4.681678], [14.365408, -4.585508], [14.409953, -4.508148], [14.449795, -4.449496], [14.442767, -4.419006], [14.402925, -4.369759], [14.358328, -4.299427], [14.31616, -4.30413], [14.227018, -4.35808], [14.133846, -4.400041], [14.046823, -4.417508], [13.978455, -4.461226], [13.940938, -4.484687], [13.882336, -4.484687], [13.84947, -4.458901], [13.778002, -4.433889], [13.739038, -4.442519], [13.717075, -4.454456], [13.707618, -4.543288], [13.699402, -4.618374], [13.685346, -4.688706], [13.659559, -4.72152], [13.551659, -4.756712], [13.478382, -4.804978], [13.414923, -4.837379], [13.375804, -4.829421], [13.297308, -4.765187], [13.219586, -4.705811], [13.176488, -4.655891], [13.152355, -4.620338], [13.136646, -4.604266], [13.087398, -4.601941], [13.072722, -4.634807]]}}, {"type": "Feature", "properties": {}, "geometry": {"type": "LineString", "coordinates": [[34.9595, -11.578104], [35.182638, -11.574849], [35.418231, -11.583169], [35.451408, -11.589525], [35.504428, -11.604821], [35.564321, -11.602341], [35.630983, -11.58198], [35.704725, -11.532164], [35.785444, -11.452944], [35.911328, -11.454649], [36.08217, -11.537332], [36.175498, -11.609265], [36.191311, -11.670657], [36.305671, -11.706314], [36.518681, -11.716235], [36.673814, -11.684299], [36.771069, -11.610402], [36.872716, -11.571283], [36.978859, -11.566942], [37.059165, -11.592212], [37.113838, -11.647144], [37.21838, -11.686521], [37.372892, -11.710448], [37.541719, -11.675101], [37.72486, -11.580636], [37.829299, -11.481935], [37.855033, -11.379098], [37.885367, -11.316673], [37.920197, -11.294762], [38.017297, -11.282102], [38.176564, -11.278691], [38.315109, -11.311092], [38.491739, -11.413308], [38.60336, -11.345354], [38.794769, -11.228927], [38.987522, -11.167277], [39.170974, -11.166863], [39.321559, -11.122577], [39.439174, -11.03452], [39.563456, -10.978554], [39.694404, -10.954783], [39.817084, -10.912357], [39.988702, -10.820838], [40.166262, -10.687461], [40.347439, -10.551552], [40.463556, -10.464322]]}}, {"type": "Feature", "properties": {}, "geometry": {"type": "LineString", "coordinates": [[34.959138, -11.577226], [34.952627, -11.54374], [34.93702, -11.463434], [34.890615, -11.393568], [34.850617, -11.351917], [34.800905, -11.34091], [34.773774, -11.341685], [34.752174, -11.309439], [34.726439, -11.238177], [34.688457, -11.177457], [34.638124, -11.127124], [34.607893, -11.080512], [34.597661, -11.037517], [34.605671, -10.990285], [34.652335, -10.872876], [34.667114, -10.792468], [34.661843, -10.710044], [34.636522, -10.625604], [34.583554, -10.525094], [34.589548, -10.496155], [34.571616, -10.427632], [34.569756, -10.379676], [34.579988, -10.319835], [34.569911, -10.24108], [34.524229, -10.073132], [34.524229, -10.030137], [34.475963, -9.948798], [34.327807, -9.756562], [34.320882, -9.73155], [34.088597, -9.537764], [33.995579, -9.495441], [33.962093, -9.531718], [33.949587, -9.565359], [33.959354, -9.627371], [33.953669, -9.65817], [33.943903, -9.672174], [33.888816, -9.670107]]}}, {"type": "Feature", "properties": {}, "geometry": {"type": "LineString", "coordinates": [[-1.275343, 32.088998], [-1.22594, 32.107239], [-1.22594, 32.164549], [-1.262114, 32.271131], [-1.240306, 32.337587], [-1.162585, 32.39916], [-1.065537, 32.468303], [-1.111012, 32.552277], [-1.188242, 32.608475], [-1.296375, 32.67568], [-1.352134, 32.703379], [-1.450009, 32.784821], [-1.510006, 32.877632], [-1.550727, 33.073589], [-1.625089, 33.18335], [-1.679194, 33.318664], [-1.631239, 33.566763], [-1.702965, 33.716857], [-1.714128, 33.781814], [-1.714696, 33.858192], [-1.692656, 33.990277], [-1.706919, 34.176054], [-1.791797, 34.367928], [-1.751851, 34.433247], [-1.733274, 34.467044], [-1.739449, 34.496086], [-1.816602, 34.55709], [-1.849649, 34.607319], [-1.832441, 34.654629], [-1.792211, 34.723204], [-1.795621, 34.751884], [-1.920885, 34.835574], [-2.131776, 34.970837], [-2.190765, 35.0298], [-2.219626, 35.104188]]}}, {"type": "Feature", "properties": {}, "geometry": {"type": "LineString", "coordinates": [[28.999553, 9.610163], [29.122336, 9.674655], [29.242432, 9.718089], [29.473168, 9.768603], [29.5574, 9.848288], [29.603961, 9.921384], [29.605511, 10.065071], [29.691036, 10.121941], [29.957893, 10.250253], [30.003058, 10.277409], [30.474657, 9.978952], [30.739344, 9.742687], [30.755363, 9.731215], [30.769161, 9.726797], [30.794896, 9.745865], [30.827039, 9.756278], [30.940313, 9.759379], [31.15446, 9.770928], [31.224895, 9.799247], [31.654895, 10.221159], [31.792044, 10.383165], [31.854263, 10.479051], [31.932966, 10.662476], [32.404152, 11.057775], [32.420791, 11.089117], [32.425442, 11.113947], [32.354232, 11.246937], [32.338833, 11.314503], [32.335784, 11.418554], [32.349891, 11.580405], [32.34493, 11.682698], [32.335319, 11.716029], [32.072286, 12.006735], [32.736741, 12.009655], [32.738291, 12.033736], [32.723099, 12.092906], [32.715812, 12.139259], [32.720153, 12.188817], [32.718913, 12.218841], [33.199297, 12.217291], [33.193096, 12.135022], [33.135063, 11.941597], [33.136097, 11.825583], [33.122506, 11.693137], [33.119095, 11.682414], [33.094652, 11.637507], [33.073, 11.591489], [33.172167, 10.850165], [33.164725, 10.819211], [33.138319, 10.77296], [33.131497, 10.757742], [33.140799, 10.737898], [33.360682, 10.657825], [33.379906, 10.646172], [33.459074, 10.550829], [33.892175, 10.198964], [33.907057, 10.181446], [33.951861, 10.070962], [33.958424, 10.027734], [33.957338, 10.007193], [33.946176, 9.940918], [33.949897, 9.911127], [33.957338, 9.891438], [33.962454, 9.855807], [33.894965, 9.717624], [33.873984, 9.626777], [33.867783, 9.550348], [33.871504, 9.506138], [33.890934, 9.462213], [34.076814, 9.461516]]}}, {"type": "Feature", "properties": {}, "geometry": {"type": "LineString", "coordinates": [[24.147403, 8.66564], [24.160417, 8.696265], [24.21354, 8.767811], [24.30015, 8.814243], [24.531919, 8.8869], [24.544838, 8.914857], [24.549386, 9.006789], [24.568299, 9.051722], [24.648036, 9.179078], [24.659405, 9.229928], [24.662919, 9.338138], [24.673667, 9.389298], [24.696715, 9.425678], [24.76038, 9.48893], [24.782601, 9.527326], [24.792213, 9.610318], [24.785237, 9.774649], [24.794926, 9.810241], [24.81769, 9.839606], [24.963831, 9.988848], [25.002898, 10.055278], [25.016179, 10.115223], [25.014835, 10.175865], [25.02362, 10.23581], [25.067028, 10.293791], [25.104029, 10.311826], [25.211722, 10.329912], [25.285206, 10.318492], [25.74939, 10.407366], [25.798043, 10.420501], [25.858195, 10.406497], [25.885221, 10.346087], [25.882793, 10.249607], [25.891474, 10.202711], [25.919121, 10.169354], [26.000615, 10.123413], [26.057046, 10.046803], [26.087018, 10.018459], [26.169545, 9.965904], [26.551331, 9.525827], [26.658714, 9.48415], [26.763204, 9.499214], [26.970478, 9.590629], [27.074244, 9.613832], [27.799782, 9.587891], [27.880799, 9.601598]]}}, {"type": "Feature", "properties": {}, "geometry": {"type": "LineString", "coordinates": [[27.880799, 9.601598], [27.99625, 9.3788], [28.048951, 9.328608], [28.844484, 9.326099], [28.829427, 9.388838], [28.839465, 9.459106], [28.932319, 9.549451], [28.999553, 9.610163]]}}, {"type": "Feature", "properties": {}, "geometry": {"type": "LineString", "coordinates": [[33.888816, -9.670107], [33.854192, -9.662976], [33.766239, -9.610886], [33.697664, -9.598122], [33.527494, -9.607475], [33.467756, -9.619723], [33.420937, -9.608044], [33.330917, -9.51916], [33.22529, -9.500453], [33.130516, -9.495906], [32.974039, -9.394982], [32.937297, -9.399684], [32.919882, -9.407384]]}}, {"type": "Feature", "properties": {}, "geometry": {"type": "LineString", "coordinates": [[34.07808, 9.460738], [34.079347, 9.513476], [34.120326, 9.729691], [34.159083, 9.853404], [34.185232, 9.918568], [34.291478, 10.124757], [34.311219, 10.190851], [34.314836, 10.251571], [34.275665, 10.528143], [34.343982, 10.658626], [34.431418, 10.787843], [34.508003, 10.842879], [34.571823, 10.880189], [34.601744, 10.864557], [34.674969, 10.804948], [34.771242, 10.746166], [34.816201, 10.759163], [34.882295, 10.810555], [34.931388, 10.864789], [34.924928, 10.962122], [34.969163, 11.161774], [34.960688, 11.27678], [35.00792, 11.419872], [35.059648, 11.621048], [35.082748, 11.748275], [35.112358, 11.816566], [35.252453, 11.957022], [35.372756, 12.155589], [35.449599, 12.300593], [35.596102, 12.537323], [35.670206, 12.623752], [35.730564, 12.661036], [35.820584, 12.684859], [35.987602, 12.706305], [36.107491, 12.726459], [36.125217, 12.757051], [36.135293, 12.805343], [36.13705, 12.911124], [36.160098, 13.09331], [36.21224, 13.271077], [36.273528, 13.405745], [36.306859, 13.466853], [36.346288, 13.526281], [36.390678, 13.626094], [36.447109, 13.842024], [36.443957, 13.988449], [36.524314, 14.256856]]}}, {"type": "Feature", "properties": {}, "geometry": {"type": "LineString", "coordinates": [[2.389188, 11.897052], [2.363246, 11.840104], [2.28723, 11.691276], [2.230851, 11.629161], [1.980376, 11.418425], [1.857644, 11.443333], [1.600037, 11.400648], [1.561383, 11.449146], [1.501335, 11.45558], [1.426714, 11.447105], [1.399739, 11.428708], [1.391523, 11.407986], [1.364806, 11.378892], [1.317367, 11.29528], [1.28047, 11.273989], [1.234685, 11.261018], [1.178667, 11.262724], [1.145801, 11.251923], [1.145491, 11.210401], [1.135569, 11.174357], [1.097535, 11.156374], [1.081516, 11.116014], [1.084565, 11.076378], [1.062292, 11.058188], [1.01382, 11.06811], [0.985036, 11.079014], [0.958009, 11.027803], [0.924626, 10.992818], [0.900493, 10.993257]]}}, {"type": "Feature", "properties": {}, "geometry": {"type": "LineString", "coordinates": [[27.332472, 5.18635], [27.40332, 5.109197], [27.439235, 5.039228], [27.491015, 4.967552], [27.664183, 4.846009], [27.71927, 4.778339], [27.761438, 4.703227], [27.788103, 4.644678], [27.841639, 4.597756], [27.916622, 4.567939], [27.980701, 4.532101], [28.01982, 4.479391], [28.078628, 4.424795], [28.192109, 4.350226], [28.247299, 4.348546], [28.311016, 4.33803], [28.36724, 4.318677], [28.427547, 4.324155], [28.524802, 4.37286], [28.639524, 4.454509], [28.727063, 4.504997], [28.93935, 4.487065], [29.057379, 4.44593], [29.15143, 4.388208], [29.224914, 4.391877], [29.384853, 4.498408], [29.469654, 4.611812], [29.552078, 4.636048], [29.676876, 4.586904], [29.779867, 4.480967], [29.870249, 4.327126], [29.934018, 4.268525], [30.021351, 4.177652], [30.194881, 3.981928], [30.420707, 3.883898], [30.508298, 3.835709], [30.536927, 3.787185], [30.553515, 3.722926], [30.559355, 3.652801], [30.586692, 3.624198], [30.64767, 3.634145], [30.699915, 3.644093], [30.757172, 3.624198], [30.796963, 3.573167], [30.81691, 3.533351], [30.838562, 3.490717]]}}, {"type": "Feature", "properties": {}, "geometry": {"type": "LineString", "coordinates": [[22.860083, 10.91967], [22.930725, 10.795336], [22.964366, 10.751799], [23.255873, 10.457786], [23.312355, 10.387945], [23.456636, 10.174263], [23.545054, 10.030086], [23.646288, 9.822915], [23.65621, 9.710364], [23.642774, 9.61391], [23.622672, 9.340619], [23.59611, 9.261916], [23.468263, 9.114767], [23.462785, 9.048466], [23.489089, 8.993327], [23.528001, 8.97059], [23.551875, 8.943201], [23.537303, 8.815793], [23.583191, 8.765822], [23.67931, 8.732491], [23.92193, 8.709701], [24.048176, 8.69133], [24.147403, 8.66564]]}}, {"type": "Feature", "properties": {}, "geometry": {"type": "MultiLineString", "coordinates": [[[44.783344, 39.684658], [44.817141, 39.650422], [44.838173, 39.62908], [45.000179, 39.423537], [45.071647, 39.362895], [45.113092, 39.311554], [45.141255, 39.254297], [45.190658, 39.215643], [45.255925, 39.194662], [45.335507, 39.139136], [45.389199, 39.095909], [45.479633, 39.00625], [45.575027, 38.972815], [45.92188, 38.90791], [46.114426, 38.877782], [46.114426, 38.877782]], [[46.49063, 38.906669], [46.49063, 38.906669], [46.554812, 38.904396], [46.783171, 39.087408], [46.852572, 39.148412], [46.988894, 39.180193], [47.065479, 39.252902], [47.188366, 39.340958], [47.338434, 39.423899], [47.476152, 39.498365], [47.581778, 39.543375], [47.772878, 39.648588], [47.89225, 39.685072], [47.995861, 39.683935], [48.151097, 39.560531], [48.281735, 39.448342], [48.322146, 39.399094], [48.257241, 39.354962], [48.136008, 39.312355], [48.112857, 39.281091], [48.104382, 39.241093], [48.109136, 39.202827], [48.125466, 39.171614], [48.274087, 39.099112], [48.291037, 39.05927], [48.292071, 39.018859], [48.275121, 38.993615], [48.241996, 38.978939], [48.13854, 38.95863], [48.05007, 38.934988], [48.019323, 38.911837], [47.992658, 38.884294], [47.996482, 38.853753], [48.02325, 38.819052], [48.204686, 38.724148], [48.225253, 38.689215], [48.261272, 38.642293], [48.305558, 38.613483], [48.381264, 38.605628], [48.417438, 38.58625], [48.592673, 38.411067], [48.635512, 38.398742], [48.840358, 38.437267], [48.868728, 38.43551]]]}}]}