{"type":"FeatureCollection","features":[{"type":"Feature","properties":{"name":"Kayes","pays":"Mali","iso3":"MLI"},"geometry":{"type":"Polygon","coordinates":[[[-9.136,15.497],[-9.329,15.497],[-9.333,15.566],[-9.309,15.689],[-9.331,15.699],[-9.446,15.6],[-9.402,15.434],[-9.707,15.422],[-9.765,15.439],[-9.903,15.438],[-9.954,15.42],[-9.983,15.443],[-10.005,15.434],[-10.147,15.465],[-10.203,15.456],[-10.258,15.474],[-10.348,15.428],[-10.495,15.438],[-10.64,15.416],[-10.721,15.439],[-10.716,15.367],[-10.737,15.333],[-10.825,15.283],[-10.837,15.212],[-10.873,15.182],[-10.879,15.128],[-10.898,15.105],[-10.953,15.157],[-11.002,15.238],[-11.202,15.393],[-11.253,15.416],[-11.359,15.529],[-11.358,15.553],[-11.411,15.633],[-11.518,15.636],[-11.493,15.607],[-11.547,15.592],[-11.583,15.544],[-11.642,15.522],[-11.711,15.538],[-11.709,15.489],[-11.748,15.45],[-11.765,15.346],[-11.808,15.266],[-11.81,15.209],[-11.84,15.172],[-11.813,15.131],[-11.847,15.093],[-11.831,15.066],[-11.842,15.033],[-11.811,15.042],[-11.791,15.023],[-11.818,14.937],[-11.801,14.894],[-11.825,14.891],[-11.845,14.854],[-11.896,14.822],[-11.931,14.817],[-11.945,14.773],[-12.042,14.765],[-12.053,14.719],[-12.11,14.748],[-12.122,14.77],[-12.239,14.761],[-12.234,14.735],[-12.21,14.725],[-12.213,14.701],[-12.16,14.684],[-12.176,14.659],[-12.144,14.644],[-12.15,14.617],[-12.173,14.607],[-12.187,14.552],[-12.216,14.543],[-12.222,14.494],[-12.199,14.476],[-12.207,14.456],[-12.19,14.435],[-12.2,14.403],[-12.156,14.381],[-12.126,14.39],[-12.118,14.364],[-12.098,14.37],[-12.101,14.341],[-12.088,14.332],[-12.103,14.325],[-12.09,14.321],[-12.101,14.307],[-12.03,14.286],[-11.974,14.181],[-11.989,14.119],[-11.976,14.098],[-11.997,14.082],[-12.016,14.023],[-12.006,13.978],[-11.934,13.919],[-11.95,13.805],[-12.008,13.748],[-12.073,13.715],[-12.041,13.661],[-12.038,13.619],[-11.998,13.585],[-11.971,13.533],[-11.869,13.456],[-11.886,13.379],[-11.844,13.346],[-11.83,13.305],[-11.799,13.307],[-11.771,13.333],[-11.744,13.403],[-11.727,13.412],[-11.702,13.409],[-11.688,13.387],[-11.626,13.389],[-11.633,13.358],[-11.597,13.362],[-11.588,13.305],[-11.545,13.284],[-11.526,13.254],[-11.538,13.197],[-11.5,13.185],[-11.518,13.147],[-11.476,13.097],[-11.425,13.076],[-11.434,13.051],[-11.398,13.003],[-11.415,12.997],[-11.415,12.967],[-11.387,12.964],[-11.384,12.991],[-11.357,12.978],[-11.348,12.932],[-11.399,12.925],[-11.387,12.902],[-11.41,12.845],[-11.4,12.825],[-11.384,12.831],[-11.384,12.775],[-11.402,12.77],[-11.368,12.734],[-11.421,12.722],[-11.423,12.695],[-11.441,12.694],[-11.447,12.667],[-11.412,12.645],[-11.424,12.606],[-11.403,12.589],[-11.447,12.542],[-11.433,12.546],[-11.417,12.52],[-11.41,12.541],[-11.388,12.535],[-11.383,12.49],[-11.373,12.483],[-11.364,12.507],[-11.35,12.461],[-11.373,12.45],[-11.367,12.392],[-11.435,12.379],[-11.446,12.351],[-11.43,12.285],[-11.449,12.274],[-11.449,12.249],[-11.485,12.226],[-11.495,12.184],[-11.457,12.134],[-11.368,12.105],[-11.356,12.059],[-11.314,12.023],[-11.236,11.993],[-11.204,12.015],[-11.185,12.01],[-11.142,12.048],[-11.141,12.094],[-11.111,12.094],[-11.102,12.124],[-11.053,12.161],[-11.043,12.216],[-10.99,12.21],[-10.972,12.226],[-10.934,12.227],[-10.892,12.203],[-10.858,12.139],[-10.791,12.11],[-10.785,12.064],[-10.801,12.037],[-10.764,11.962],[-10.773,11.936],[-10.672,11.894],[-10.634,11.91],[-10.615,11.97],[-10.568,11.988],[-10.581,12.019],[-10.524,12.037],[-10.514,12.121],[-10.447,12.12],[-10.411,12.142],[-10.415,12.173],[-10.379,12.166],[-10.36,12.174],[-10.363,12.192],[-10.332,12.191],[-10.341,12.221],[-10.311,12.217],[-10.298,12.188],[-10.286,12.209],[-10.251,12.213],[-10.244,12.194],[-10.194,12.2],[-10.14,12.17],[-10.092,12.181],[-10.096,12.147],[-10.012,12.133],[-9.971,12.097],[-9.914,12.097],[-9.904,12.07],[-9.872,12.051],[-9.817,12.06],[-9.781,12.031],[-9.698,12.025],[-9.674,12.08],[-9.675,12.13],[-9.636,12.17],[-9.536,12.19],[-9.474,12.254],[-9.342,12.244],[-9.349,12.255],[-9.323,12.272],[-9.325,12.314],[-9.299,12.356],[-9.34,12.375],[-9.382,12.444],[-9.408,12.453],[-9.361,12.498],[-9.334,12.477],[-9.315,12.502],[-9.286,12.484],[-9.252,12.504],[-9.158,12.488],[-9.045,12.426],[-8.909,12.525],[-8.901,12.515],[-8.871,12.6],[-8.839,12.608],[-8.788,12.589],[-8.737,12.643],[-8.739,12.658],[-8.69,12.687],[-8.662,12.733],[-8.613,12.768],[-8.61,12.805],[-8.657,12.86],[-8.621,12.883],[-8.632,12.926],[-8.592,12.944],[-8.581,12.984],[-8.574,13.039],[-8.598,13.099],[-8.571,13.13],[-8.585,13.157],[-8.576,13.2],[-8.526,13.269],[-8.521,13.283],[-8.54,13.297],[-8.517,13.313],[-8.522,13.337],[-8.502,13.336],[-8.513,13.369],[-8.451,13.407],[-8.462,13.406],[-8.453,13.433],[-8.47,13.485],[-8.559,13.57],[-8.542,13.575],[-8.557,13.675],[-8.547,13.707],[-8.493,13.745],[-8.498,13.78],[-8.455,13.815],[-8.461,13.861],[-8.435,13.866],[-8.461,13.887],[-8.452,13.905],[-8.481,13.952],[-8.508,13.942],[-8.533,13.959],[-8.59,13.926],[-8.571,13.904],[-8.602,13.861],[-8.573,13.861],[-8.602,13.834],[-8.631,13.829],[-8.664,13.856],[-8.704,13.841],[-8.716,13.869],[-8.739,13.877],[-8.74,13.916],[-8.771,13.898],[-8.787,13.935],[-8.816,13.942],[-8.824,13.965],[-8.848,13.962],[-8.862,13.999],[-8.833,14.015],[-8.843,14.03],[-8.814,14.043],[-8.825,14.109],[-8.768,14.092],[-8.748,14.104],[-8.762,14.145],[-8.755,14.198],[-8.78,14.212],[-8.792,14.261],[-8.82,14.268],[-8.799,14.29],[-8.722,14.285],[-8.65,14.311],[-8.571,14.41],[-8.472,14.298],[-8.162,14.317],[-8.132,14.337],[-8.16,14.431],[-8.15,14.485],[-8.237,14.517],[-8.361,14.622],[-8.471,14.677],[-8.485,14.73],[-8.475,14.873],[-8.507,14.96],[-8.677,14.979],[-8.725,15.004],[-8.788,15.14],[-8.804,15.242],[-8.849,15.29],[-8.989,15.359],[-9.136,15.497]]]}},{"type":"Feature","properties":{"name":"Koulikoro","pays":"Mali","iso3":"MLI"},"geometry":{"type":"Polygon","coordinates":[[[-9.045,12.426],[-9.012,12.413],[-9.005,12.387],[-8.933,12.319],[-8.993,12.213],[-8.979,12.215],[-8.964,12.18],[-8.917,12.196],[-8.886,12.153],[-8.912,12.089],[-8.909,12.04],[-8.865,12.018],[-8.85,12.039],[-8.84,12.029],[-8.827,12.04],[-8.773,11.971],[-8.79,11.857],[-8.832,11.794],[-8.819,11.778],[-8.849,11.651],[-8.771,11.619],[-8.76,11.627],[-8.746,11.604],[-8.701,11.64],[-8.64,11.545],[-8.659,11.533],[-8.654,11.516],[-8.614,11.468],[-8.565,11.456],[-8.516,11.493],[-8.525,11.512],[-8.509,11.534],[-8.521,11.554],[-8.504,11.57],[-8.514,11.576],[-8.494,11.596],[-8.475,11.584],[-8.442,11.617],[-8.457,11.635],[-8.397,11.655],[-8.333,11.653],[-8.242,11.684],[-8.216,11.711],[-8.175,11.682],[-8.091,11.684],[-8.035,11.704],[-7.968,11.782],[-7.937,11.784],[-7.724,11.914],[-7.689,11.954],[-7.61,11.948],[-7.52,12.029],[-7.516,12.075],[-7.529,12.077],[-7.502,12.143],[-7.464,12.161],[-7.458,12.179],[-7.427,12.179],[-7.429,12.193],[-7.324,12.224],[-7.308,12.259],[-7.296,12.253],[-7.276,12.324],[-7.238,12.353],[-7.195,12.355],[-7.181,12.398],[-7.124,12.448],[-7.144,12.38],[-7.121,12.333],[-7.132,12.314],[-7.088,12.271],[-7.12,12.214],[-7.076,12.197],[-7.071,12.171],[-7.139,12.132],[-7.129,12.109],[-7.095,12.116],[-7.098,12.089],[-7.164,12.055],[-7.153,12.032],[-7.117,12.037],[-7.092,12.015],[-7.112,11.969],[-6.972,11.974],[-6.949,11.952],[-6.947,11.859],[-6.871,11.859],[-6.841,11.822],[-6.71,11.768],[-6.691,11.789],[-6.662,11.787],[-6.565,11.75],[-6.547,11.731],[-6.558,11.693],[-6.542,11.677],[-6.547,11.638],[-6.501,11.644],[-6.486,11.664],[-6.467,11.753],[-6.44,11.775],[-6.413,11.847],[-6.357,11.925],[-6.379,12.023],[-6.331,12.085],[-6.3,12.107],[-6.237,12.109],[-6.198,12.068],[-6.168,12.067],[-6.152,12.08],[-6.158,12.126],[-6.134,12.154],[-5.968,12.162],[-5.964,12.232],[-5.994,12.254],[-5.996,12.282],[-5.982,12.282],[-5.99,12.317],[-6.018,12.329],[-6.045,12.313],[-6.044,12.293],[-6.065,12.302],[-6.08,12.289],[-6.125,12.31],[-6.129,12.341],[-6.171,12.398],[-6.267,12.395],[-6.267,12.416],[-6.238,12.422],[-6.235,12.436],[-6.27,12.473],[-6.275,12.502],[-6.254,12.495],[-6.248,12.532],[-6.297,12.579],[-6.348,12.562],[-6.386,12.59],[-6.42,12.669],[-6.409,12.702],[-6.422,12.718],[-6.478,12.722],[-6.501,12.692],[-6.567,12.802],[-6.792,12.784],[-6.808,12.821],[-6.852,12.823],[-6.887,12.795],[-6.893,12.835],[-7.037,12.882],[-7.037,12.962],[-7.081,13.013],[-7.021,13.143],[-7.051,13.231],[-7,13.261],[-6.974,13.309],[-6.933,13.339],[-6.877,13.357],[-6.839,13.346],[-6.824,13.399],[-6.759,13.466],[-6.775,13.522],[-6.862,13.624],[-6.841,13.688],[-6.9,13.746],[-6.936,13.822],[-6.9,13.995],[-6.617,14.467],[-6.582,14.477],[-6.459,14.443],[-6.429,14.462],[-6.382,14.533],[-6.381,14.599],[-6.436,14.778],[-6.545,14.941],[-6.528,14.995],[-6.405,15.165],[-6.309,15.496],[-9.136,15.497],[-8.989,15.359],[-8.849,15.29],[-8.804,15.242],[-8.788,15.14],[-8.725,15.004],[-8.677,14.979],[-8.507,14.96],[-8.475,14.873],[-8.485,14.73],[-8.471,14.677],[-8.361,14.622],[-8.237,14.517],[-8.164,14.5],[-8.15,14.485],[-8.16,14.431],[-8.132,14.337],[-8.162,14.317],[-8.272,14.302],[-8.326,14.313],[-8.472,14.298],[-8.571,14.41],[-8.65,14.311],[-8.722,14.285],[-8.799,14.29],[-8.82,14.268],[-8.792,14.261],[-8.78,14.212],[-8.755,14.198],[-8.762,14.145],[-8.748,14.104],[-8.768,14.092],[-8.825,14.109],[-8.814,14.043],[-8.843,14.03],[-8.833,14.015],[-8.862,13.999],[-8.848,13.962],[-8.824,13.965],[-8.816,13.942],[-8.787,13.935],[-8.771,13.898],[-8.74,13.916],[-8.739,13.877],[-8.716,13.869],[-8.704,13.841],[-8.664,13.856],[-8.631,13.829],[-8.602,13.834],[-8.573,13.861],[-8.602,13.861],[-8.571,13.904],[-8.59,13.926],[-8.533,13.959],[-8.508,13.942],[-8.481,13.952],[-8.452,13.905],[-8.461,13.887],[-8.435,13.866],[-8.461,13.861],[-8.449,13.827],[-8.498,13.78],[-8.496,13.741],[-8.547,13.707],[-8.558,13.654],[-8.542,13.575],[-8.559,13.57],[-8.47,13.485],[-8.453,13.433],[-8.462,13.406],[-8.451,13.407],[-8.513,13.369],[-8.502,13.336],[-8.522,13.337],[-8.517,13.313],[-8.54,13.297],[-8.521,13.283],[-8.526,13.269],[-8.576,13.2],[-8.585,13.157],[-8.571,13.13],[-8.598,13.099],[-8.574,13.039],[-8.581,12.984],[-8.592,12.944],[-8.632,12.926],[-8.621,12.883],[-8.657,12.86],[-8.61,12.805],[-8.613,12.768],[-8.662,12.733],[-8.69,12.687],[-8.739,12.658],[-8.737,12.643],[-8.788,12.589],[-8.839,12.608],[-8.871,12.6],[-8.901,12.515],[-8.909,12.525],[-9.045,12.426]],[[-8.017,12.676],[-7.982,12.68],[-7.943,12.711],[-7.936,12.688],[-7.914,12.679],[-7.912,12.603],[-7.927,12.587],[-7.919,12.516],[-7.935,12.503],[-7.988,12.524],[-8.009,12.575],[-8.037,12.596],[-8.042,12.568],[-8.08,12.565],[-8.045,12.68],[-8.032,12.66],[-8.017,12.676]]]}},{"type":"Feature","properties":{"name":"Sikasso","pays":"Mali","iso3":"MLI"},"geometry":{"type":"Polygon","coordinates":[[[-8.531,11.486],[-8.502,11.413],[-8.448,11.41],[-8.351,11.371],[-8.408,11.345],[-8.398,11.324],[-8.355,11.312],[-8.373,11.277],[-8.473,11.289],[-8.486,11.268],[-8.471,11.229],[-8.553,11.208],[-8.562,11.134],[-8.604,11.13],[-8.601,11.095],[-8.631,11.064],[-8.633,11.038],[-8.68,10.996],[-8.671,10.948],[-8.605,10.95],[-8.593,10.966],[-8.581,10.954],[-8.513,10.991],[-8.477,11.064],[-8.358,11.067],[-8.289,11.015],[-8.258,10.892],[-8.304,10.852],[-8.303,10.815],[-8.332,10.778],[-8.29,10.752],[-8.303,10.719],[-8.288,10.697],[-8.323,10.667],[-8.325,10.586],[-8.276,10.579],[-8.23,10.417],[-8.185,10.411],[-8.111,10.451],[-8.096,10.439],[-8.102,10.383],[-8.07,10.334],[-8.052,10.325],[-7.987,10.34],[-7.946,10.246],[-7.979,10.166],[-7.958,10.153],[-7.918,10.158],[-7.895,10.196],[-7.853,10.2],[-7.808,10.235],[-7.786,10.277],[-7.752,10.301],[-7.773,10.306],[-7.751,10.323],[-7.755,10.34],[-7.722,10.348],[-7.724,10.368],[-7.741,10.372],[-7.68,10.403],[-7.626,10.458],[-7.553,10.414],[-7.512,10.455],[-7.448,10.44],[-7.452,10.388],[-7.428,10.355],[-7.434,10.336],[-7.39,10.349],[-7.358,10.329],[-7.364,10.271],[-7.386,10.26],[-7.377,10.243],[-7.334,10.234],[-7.277,10.262],[-7.149,10.247],[-7.078,10.203],[-7.08,10.157],[-7.024,10.146],[-6.996,10.166],[-6.978,10.209],[-7.016,10.238],[-7.013,10.257],[-6.94,10.351],[-6.853,10.343],[-6.804,10.382],[-6.7,10.337],[-6.645,10.36],[-6.654,10.395],[-6.627,10.434],[-6.677,10.461],[-6.682,10.485],[-6.68,10.53],[-6.66,10.533],[-6.674,10.604],[-6.644,10.633],[-6.655,10.638],[-6.641,10.669],[-6.613,10.667],[-6.589,10.619],[-6.565,10.617],[-6.534,10.587],[-6.428,10.558],[-6.398,10.597],[-6.414,10.696],[-6.391,10.705],[-6.32,10.68],[-6.249,10.735],[-6.212,10.722],[-6.233,10.656],[-6.184,10.631],[-6.225,10.613],[-6.206,10.58],[-6.249,10.525],[-6.169,10.491],[-6.186,10.444],[-6.157,10.415],[-6.18,10.411],[-6.19,10.386],[-6.163,10.36],[-6.193,10.339],[-6.18,10.317],[-6.19,10.3],[-6.204,10.314],[-6.232,10.304],[-6.22,10.26],[-6.194,10.256],[-6.199,10.236],[-6.132,10.204],[-5.986,10.192],[-5.954,10.243],[-5.955,10.274],[-5.887,10.26],[-5.87,10.363],[-5.822,10.386],[-5.788,10.425],[-5.703,10.425],[-5.649,10.463],[-5.616,10.444],[-5.56,10.457],[-5.511,10.423],[-5.456,10.552],[-5.458,10.598],[-5.479,10.618],[-5.461,10.639],[-5.455,10.745],[-5.468,10.76],[-5.433,10.767],[-5.403,10.85],[-5.454,10.896],[-5.452,10.969],[-5.492,10.973],[-5.477,11.006],[-5.49,11.078],[-5.383,11.102],[-5.331,11.136],[-5.322,11.205],[-5.256,11.24],[-5.249,11.378],[-5.198,11.43],[-5.2,11.53],[-5.216,11.576],[-5.242,11.604],[-5.292,11.613],[-5.265,11.677],[-5.26,11.76],[-5.286,11.759],[-5.291,11.783],[-5.346,11.805],[-5.354,11.795],[-5.404,11.825],[-5.38,11.837],[-5.355,11.815],[-5.287,11.847],[-5.266,11.829],[-5.248,11.834],[-5.244,11.858],[-5.187,11.892],[-5.149,11.944],[-5.073,11.977],[-4.872,11.996],[-4.833,12.015],[-4.821,12.002],[-4.736,11.997],[-4.702,12.057],[-4.631,12.054],[-4.628,12.109],[-4.608,12.133],[-4.543,12.137],[-4.581,12.195],[-4.472,12.28],[-4.475,12.328],[-4.441,12.33],[-4.415,12.299],[-4.397,12.306],[-4.44,12.414],[-4.422,12.485],[-4.368,12.534],[-4.403,12.555],[-4.412,12.604],[-4.455,12.62],[-4.484,12.654],[-4.475,12.715],[-4.575,12.737],[-4.622,12.723],[-4.66,12.744],[-4.689,12.794],[-4.728,12.806],[-4.785,12.762],[-4.782,12.672],[-4.943,12.591],[-4.953,12.632],[-5.042,12.63],[-5.054,12.558],[-5.086,12.546],[-5.102,12.572],[-5.117,12.714],[-5.171,12.773],[-5.218,12.793],[-5.29,12.889],[-5.348,12.914],[-5.37,12.897],[-5.352,12.732],[-5.38,12.628],[-5.423,12.645],[-5.439,12.669],[-5.494,12.674],[-5.517,12.737],[-5.587,12.81],[-5.744,12.778],[-5.832,12.725],[-5.893,12.731],[-5.936,12.765],[-6.016,12.762],[-6.063,12.669],[-6.211,12.602],[-6.26,12.549],[-6.244,12.523],[-6.254,12.495],[-6.275,12.502],[-6.27,12.473],[-6.235,12.436],[-6.238,12.422],[-6.267,12.416],[-6.267,12.395],[-6.171,12.398],[-6.129,12.341],[-6.125,12.31],[-6.08,12.289],[-6.065,12.302],[-6.044,12.293],[-6.045,12.313],[-6.018,12.329],[-5.99,12.317],[-5.982,12.282],[-5.996,12.282],[-5.994,12.254],[-5.964,12.232],[-5.968,12.162],[-6.134,12.154],[-6.158,12.126],[-6.152,12.08],[-6.168,12.067],[-6.198,12.068],[-6.237,12.109],[-6.3,12.107],[-6.331,12.085],[-6.379,12.023],[-6.357,11.925],[-6.413,11.847],[-6.44,11.775],[-6.467,11.753],[-6.501,11.644],[-6.552,11.646],[-6.547,11.731],[-6.565,11.75],[-6.662,11.787],[-6.691,11.789],[-6.71,11.768],[-6.841,11.822],[-6.871,11.859],[-6.947,11.859],[-6.949,11.952],[-6.972,11.974],[-7.112,11.969],[-7.092,12.015],[-7.117,12.037],[-7.153,12.032],[-7.164,12.055],[-7.098,12.089],[-7.095,12.116],[-7.129,12.109],[-7.139,12.132],[-7.071,12.171],[-7.076,12.197],[-7.12,12.214],[-7.088,12.271],[-7.132,12.314],[-7.121,12.333],[-7.144,12.38],[-7.124,12.448],[-7.181,12.398],[-7.195,12.355],[-7.238,12.353],[-7.276,12.324],[-7.296,12.253],[-7.308,12.259],[-7.324,12.224],[-7.429,12.193],[-7.427,12.179],[-7.458,12.179],[-7.464,12.161],[-7.502,12.143],[-7.529,12.077],[-7.516,12.075],[-7.52,12.029],[-7.61,11.948],[-7.689,11.954],[-7.724,11.914],[-7.937,11.784],[-7.968,11.782],[-8.035,11.704],[-8.091,11.684],[-8.175,11.682],[-8.216,11.711],[-8.242,11.684],[-8.333,11.653],[-8.397,11.655],[-8.457,11.635],[-8.442,11.617],[-8.475,11.584],[-8.494,11.596],[-8.514,11.576],[-8.504,11.57],[-8.521,11.554],[-8.509,11.534],[-8.525,11.512],[-8.516,11.493],[-8.531,11.486]]]}},{"type":"Feature","properties":{"name":"Ségou","pays":"Mali","iso3":"MLI"},"geometry":{"type":"Polygon","coordinates":[[[-6.26,12.549],[-6.211,12.602],[-6.063,12.669],[-6.016,12.762],[-5.936,12.765],[-5.893,12.731],[-5.832,12.725],[-5.744,12.778],[-5.611,12.814],[-5.587,12.81],[-5.517,12.737],[-5.494,12.674],[-5.439,12.669],[-5.423,12.645],[-5.38,12.628],[-5.352,12.732],[-5.37,12.897],[-5.348,12.914],[-5.29,12.889],[-5.218,12.793],[-5.171,12.773],[-5.117,12.714],[-5.102,12.572],[-5.086,12.546],[-5.054,12.558],[-5.042,12.63],[-4.953,12.632],[-4.943,12.591],[-4.782,12.672],[-4.785,12.762],[-4.728,12.806],[-4.689,12.794],[-4.66,12.744],[-4.609,12.719],[-4.575,12.737],[-4.432,12.712],[-4.346,12.739],[-4.324,12.707],[-4.267,12.703],[-4.235,12.726],[-4.211,12.809],[-4.226,12.859],[-4.22,12.959],[-4.267,12.987],[-4.275,13.035],[-4.345,13.108],[-4.342,13.136],[-4.287,13.185],[-4.231,13.176],[-4.224,13.188],[-4.259,13.232],[-4.135,13.293],[-4.105,13.336],[-4.096,13.389],[-4.011,13.435],[-3.984,13.43],[-3.96,13.47],[-3.964,13.483],[-3.982,13.473],[-3.963,13.497],[-3.958,13.595],[-4.01,13.697],[-4.041,13.836],[-4.093,13.897],[-4.095,13.946],[-4.306,13.87],[-4.3,13.841],[-4.324,13.837],[-4.329,13.816],[-4.364,13.791],[-4.412,13.706],[-4.552,13.608],[-4.877,13.634],[-4.893,13.721],[-4.869,13.775],[-4.897,13.873],[-4.842,13.926],[-4.868,13.986],[-4.87,14.043],[-4.905,14.105],[-4.935,14.1],[-4.989,14.028],[-4.983,13.954],[-5.051,13.943],[-5.126,13.954],[-5.138,14.06],[-5.119,14.115],[-5.188,14.164],[-5.197,14.261],[-5.326,14.362],[-5.512,14.436],[-5.666,14.53],[-5.662,14.558],[-5.621,14.588],[-5.613,14.658],[-5.594,14.683],[-5.607,14.76],[-5.543,14.942],[-5.498,14.93],[-5.439,14.963],[-5.272,14.97],[-5.208,15.021],[-5.1,15.193],[-5.186,15.474],[-5.231,15.493],[-5.34,15.497],[-5.354,15.551],[-5.517,15.5],[-6.309,15.496],[-6.405,15.165],[-6.528,14.995],[-6.545,14.941],[-6.436,14.778],[-6.381,14.599],[-6.382,14.533],[-6.429,14.462],[-6.459,14.443],[-6.582,14.477],[-6.617,14.467],[-6.9,13.995],[-6.936,13.822],[-6.9,13.746],[-6.841,13.688],[-6.862,13.624],[-6.775,13.522],[-6.759,13.466],[-6.824,13.399],[-6.839,13.346],[-6.877,13.357],[-6.933,13.339],[-6.974,13.309],[-7,13.261],[-7.051,13.231],[-7.021,13.143],[-7.081,13.013],[-7.037,12.962],[-7.037,12.882],[-6.893,12.835],[-6.887,12.795],[-6.852,12.823],[-6.808,12.821],[-6.792,12.784],[-6.567,12.802],[-6.501,12.692],[-6.478,12.722],[-6.422,12.718],[-6.409,12.702],[-6.42,12.669],[-6.386,12.59],[-6.348,12.562],[-6.297,12.579],[-6.26,12.549]]]}},{"type":"Feature","properties":{"name":"Mopti","pays":"Mali","iso3":"MLI"},"geometry":{"type":"Polygon","coordinates":[[[-3.963,13.497],[-3.941,13.448],[-3.896,13.438],[-3.963,13.403],[-3.961,13.375],[-3.897,13.375],[-3.836,13.355],[-3.796,13.367],[-3.743,13.321],[-3.738,13.298],[-3.673,13.27],[-3.587,13.196],[-3.552,13.194],[-3.548,13.163],[-3.441,13.154],[-3.422,13.175],[-3.449,13.253],[-3.438,13.271],[-3.233,13.284],[-3.279,13.552],[-3.251,13.58],[-3.246,13.676],[-3.275,13.692],[-3.267,13.708],[-3.211,13.701],[-3.181,13.674],[-3.106,13.686],[-3.061,13.654],[-3.039,13.61],[-3.001,13.656],[-2.971,13.648],[-2.952,13.621],[-2.875,13.65],[-2.907,13.725],[-2.907,13.818],[-2.836,13.988],[-2.855,14.002],[-2.831,14.055],[-2.677,14.131],[-2.474,14.295],[-2.295,14.244],[-2.104,14.142],[-2.053,14.164],[-2.031,14.177],[-2.006,14.231],[-1.979,14.5],[-1.71,14.56],[-1.34,14.739],[-1.112,14.775],[-1.051,14.837],[-0.742,15.064],[-0.975,14.999],[-1.077,14.996],[-1.161,15.035],[-1.214,15.176],[-1.305,15.26],[-1.396,15.289],[-1.503,15.352],[-1.686,15.428],[-1.817,15.423],[-1.907,15.399],[-2.012,15.328],[-2.134,15.273],[-2.308,15.28],[-2.532,15.319],[-2.597,15.366],[-2.728,15.415],[-2.821,15.512],[-2.838,15.581],[-2.821,15.666],[-2.85,15.709],[-2.922,15.765],[-2.96,15.854],[-2.988,15.892],[-3.01,15.896],[-3.054,15.833],[-3.085,15.864],[-3.098,15.862],[-3.105,15.826],[-3.187,15.818],[-3.191,15.857],[-3.246,15.859],[-3.276,15.896],[-3.294,15.895],[-3.296,15.869],[-3.274,15.854],[-3.324,15.791],[-3.301,15.777],[-3.297,15.724],[-3.334,15.723],[-3.368,15.699],[-3.425,15.727],[-3.482,15.73],[-3.597,15.536],[-3.658,15.484],[-3.863,15.506],[-3.873,15.53],[-3.836,15.575],[-3.874,15.616],[-3.895,15.669],[-4.024,15.734],[-4.054,15.817],[-4.214,15.777],[-4.35,15.65],[-4.396,15.695],[-4.427,15.692],[-4.455,15.627],[-4.537,15.589],[-4.688,15.578],[-4.884,15.598],[-4.911,15.583],[-4.994,15.604],[-5.124,15.591],[-5.226,15.675],[-5.354,15.551],[-5.34,15.497],[-5.231,15.493],[-5.186,15.474],[-5.1,15.193],[-5.208,15.021],[-5.272,14.97],[-5.439,14.963],[-5.498,14.93],[-5.543,14.942],[-5.607,14.76],[-5.594,14.683],[-5.613,14.658],[-5.621,14.588],[-5.662,14.558],[-5.666,14.53],[-5.512,14.436],[-5.326,14.362],[-5.197,14.261],[-5.188,14.164],[-5.119,14.115],[-5.138,14.06],[-5.126,13.954],[-5.051,13.943],[-4.983,13.954],[-4.989,14.028],[-4.935,14.1],[-4.905,14.105],[-4.87,14.043],[-4.868,13.986],[-4.842,13.926],[-4.897,13.873],[-4.869,13.775],[-4.893,13.721],[-4.877,13.634],[-4.552,13.608],[-4.412,13.706],[-4.364,13.791],[-4.329,13.816],[-4.324,13.837],[-4.3,13.841],[-4.306,13.87],[-4.095,13.946],[-4.093,13.897],[-4.041,13.836],[-4.01,13.697],[-3.958,13.595],[-3.963,13.497]]]}},{"type":"Feature","properties":{"name":"Tombouctou","pays":"Mali","iso3":"MLI"},"geometry":{"type":"Polygon","coordinates":[[[-5.354,15.551],[-5.226,15.675],[-5.124,15.591],[-4.994,15.604],[-4.911,15.583],[-4.884,15.598],[-4.688,15.578],[-4.537,15.589],[-4.455,15.627],[-4.427,15.692],[-4.396,15.695],[-4.35,15.65],[-4.214,15.777],[-4.054,15.817],[-4.024,15.734],[-3.895,15.669],[-3.874,15.616],[-3.836,15.575],[-3.873,15.53],[-3.863,15.506],[-3.658,15.484],[-3.597,15.536],[-3.482,15.73],[-3.425,15.727],[-3.368,15.699],[-3.334,15.723],[-3.297,15.724],[-3.301,15.777],[-3.324,15.791],[-3.274,15.854],[-3.296,15.869],[-3.294,15.895],[-3.276,15.896],[-3.246,15.859],[-3.191,15.857],[-3.187,15.818],[-3.105,15.826],[-3.098,15.862],[-3.085,15.864],[-3.054,15.833],[-3.01,15.896],[-2.988,15.892],[-2.96,15.854],[-2.922,15.765],[-2.85,15.709],[-2.821,15.666],[-2.838,15.581],[-2.821,15.512],[-2.728,15.415],[-2.597,15.366],[-2.532,15.319],[-2.308,15.28],[-2.134,15.273],[-2.012,15.328],[-1.907,15.399],[-1.817,15.423],[-1.686,15.428],[-1.503,15.352],[-1.396,15.289],[-1.305,15.26],[-1.214,15.176],[-1.161,15.035],[-1.077,14.996],[-0.975,14.999],[-0.701,15.08],[-0.739,15.221],[-0.702,15.294],[-0.707,15.35],[-0.808,15.363],[-0.856,15.398],[-0.862,15.459],[-0.756,15.563],[-0.707,15.686],[-0.692,15.818],[-0.753,15.953],[-0.869,16.077],[-0.904,16.191],[-0.758,16.356],[-0.687,16.735],[-0.71,16.86],[-0.771,16.902],[-1.559,16.964],[-1.605,17.012],[-1.583,17.044],[-1.609,17.122],[-1.572,17.187],[-1.488,17.262],[-1.471,17.338],[-1.592,17.598],[-1.524,17.879],[-1.124,17.89],[-0.944,18],[-0.888,19.037],[-1.125,19.074],[-1.982,19.77],[-2.056,19.999],[-1.292,20.387],[-0.238,21.23],[-0.014,21.907],[-1.668,22.995],[-4.833,25],[-6.566,24.998],[-5.608,16.495],[-5.333,16.329],[-5.517,15.5],[-5.354,15.551]]]}},{"type":"Feature","properties":{"name":"Gao","pays":"Mali","iso3":"MLI"},"geometry":{"type":"Polygon","coordinates":[[[-0.701,15.08],[-0.445,15.079],[-0.385,14.999],[-0.242,15.074],[0.05,14.973],[0.156,14.974],[0.228,14.993],[0.397,14.96],[0.52,14.994],[0.702,14.941],[0.75,14.958],[0.967,14.976],[1.311,15.274],[1.362,15.341],[1.394,15.593],[1.47,15.797],[1.453,15.811],[1.474,15.818],[1.474,15.839],[1.506,15.848],[1.516,15.872],[1.606,15.921],[1.603,15.963],[1.626,16.029],[1.721,16.097],[1.738,16.185],[1.767,16.229],[1.77,16.313],[1.798,16.309],[1.748,16.564],[1.764,16.816],[1.727,16.853],[1.675,16.872],[1.436,16.804],[1.324,16.906],[1.731,17.727],[1.67,17.743],[1.178,17.7],[0.977,17.845],[0.705,17.957],[0.463,17.952],[0.376,18.056],[0.471,18.147],[0.276,18.416],[0.072,18.807],[-0.888,19.037],[-0.944,18],[-1.124,17.89],[-1.524,17.879],[-1.592,17.598],[-1.471,17.338],[-1.488,17.262],[-1.572,17.187],[-1.609,17.122],[-1.583,17.044],[-1.605,17.012],[-1.559,16.964],[-0.771,16.902],[-0.71,16.86],[-0.687,16.735],[-0.758,16.356],[-0.904,16.191],[-0.869,16.077],[-0.753,15.953],[-0.692,15.818],[-0.707,15.686],[-0.756,15.563],[-0.862,15.459],[-0.856,15.398],[-0.808,15.363],[-0.707,15.35],[-0.702,15.294],[-0.739,15.221],[-0.701,15.08]]]}},{"type":"Feature","properties":{"name":"Kidal","pays":"Mali","iso3":"MLI"},"geometry":{"type":"Polygon","coordinates":[[[-0.888,19.037],[0.072,18.807],[0.276,18.416],[0.471,18.147],[0.376,18.056],[0.463,17.952],[0.705,17.957],[0.977,17.845],[1.178,17.7],[1.67,17.743],[1.731,17.727],[1.933,17.756],[1.979,18.061],[2.247,18.06],[2.432,17.967],[3.217,18.005],[4.243,18.006],[4.242,19.14],[3.357,18.965],[3.33,18.993],[3.295,18.999],[3.238,19.06],[3.125,19.123],[3.114,19.154],[3.124,19.186],[3.208,19.256],[3.241,19.331],[3.288,19.355],[3.298,19.376],[3.248,19.495],[3.266,19.524],[3.23,19.582],[3.249,19.629],[3.23,19.683],[3.253,19.833],[3.146,19.855],[3.079,19.901],[3.033,19.913],[2.972,19.966],[2.876,19.972],[2.731,20.011],[2.683,20.115],[2.663,20.07],[2.632,20.058],[2.619,20.069],[2.587,20.046],[2.549,20.053],[2.515,20.109],[2.476,20.1],[2.464,20.113],[2.404,20.089],[2.39,20.053],[2.369,20.043],[2.369,20.106],[2.394,20.136],[2.385,20.162],[2.357,20.168],[2.34,20.219],[2.31,20.232],[2.302,20.288],[2.206,20.335],[2.182,20.329],[2.18,20.294],[2.128,20.275],[2.11,20.252],[2.024,20.283],[1.987,20.253],[1.98,20.264],[1.947,20.256],[1.926,20.221],[1.899,20.242],[1.886,20.294],[1.8,20.295],[1.766,20.348],[1.74,20.351],[1.673,20.402],[1.669,20.528],[1.594,20.597],[1.44,20.65],[1.384,20.655],[1.315,20.74],[1.233,20.721],[1.17,20.73],[1.167,20.793],[1.195,20.943],[1.195,21.038],[1.17,21.122],[0.886,21.296],[0.245,21.746],[-0.014,21.907],[-0.238,21.23],[-1.292,20.387],[-2.056,19.999],[-1.982,19.77],[-1.125,19.074],[-0.888,19.037]]]}},{"type":"Feature","properties":{"name":"Bamako","pays":"Mali","iso3":"MLI"},"geometry":{"type":"Polygon","coordinates":[[[-8.017,12.676],[-8.032,12.66],[-8.045,12.68],[-8.08,12.565],[-8.042,12.568],[-8.037,12.596],[-8.009,12.575],[-7.988,12.524],[-7.935,12.503],[-7.919,12.516],[-7.927,12.587],[-7.912,12.603],[-7.914,12.679],[-7.936,12.688],[-7.943,12.711],[-7.982,12.68],[-8.017,12.676]]]}},{"type":"Feature","properties":{"name":"Ménaka","pays":"Mali","iso3":"MLI"},"geometry":{"type":"Polygon","coordinates":[[[1.311,15.274],[2.595,15.341],[3.018,15.333],[3.029,15.424],[3.495,15.353],[3.535,15.395],[3.537,15.482],[3.6,15.522],[3.705,15.646],[3.856,15.681],[3.901,15.745],[3.942,15.933],[3.991,15.97],[3.987,16.079],[4.064,16.222],[4.099,16.325],[4.2,16.393],[4.196,16.808],[4.214,16.998],[4.245,16.998],[4.243,18.006],[3.217,18.005],[2.432,17.967],[2.247,18.06],[1.979,18.061],[1.933,17.756],[1.731,17.727],[1.324,16.906],[1.436,16.804],[1.675,16.872],[1.727,16.853],[1.764,16.816],[1.748,16.564],[1.798,16.309],[1.77,16.313],[1.767,16.229],[1.738,16.185],[1.721,16.097],[1.626,16.029],[1.603,15.963],[1.606,15.921],[1.516,15.872],[1.506,15.848],[1.474,15.839],[1.474,15.818],[1.453,15.811],[1.47,15.797],[1.394,15.593],[1.362,15.341],[1.311,15.274]]]}},{"type":"Feature","properties":{"name":"Agadez","pays":"Niger","iso3":"NER"},"geometry":{"type":"Polygon","coordinates":[[[7.331,15.326],[7.479,15.575],[7.981,15.507],[8.133,15.554],[8.286,15.55],[8.482,15.604],[8.991,15.856],[9.354,15.977],[10.997,17.102],[11.04,17.066],[11.318,17.233],[11.692,17.391],[12.001,17.496],[12.184,17.584],[12.182,17.663],[13.006,17.997],[15.559,18.006],[15.594,18.732],[15.746,19.911],[15.754,19.948],[15.996,20.348],[15.865,20.462],[15.746,20.63],[15.59,20.774],[15.546,20.88],[15.561,20.91],[15.626,20.963],[15.289,21.432],[15.198,21.491],[15.192,21.99],[14.996,23.002],[14.189,22.644],[13.68,23.072],[13.481,23.186],[13.398,23.218],[12,23.515],[11.989,23.533],[9.516,22.094],[7.446,20.842],[7.147,20.607],[5.817,19.438],[4.243,19.137],[4.243,18.676],[4.871,18.679],[4.838,18.583],[4.768,18.513],[4.777,18.432],[4.739,18.355],[4.725,18.284],[4.748,18.26],[4.763,18.165],[4.725,18.018],[4.744,17.956],[4.882,17.941],[4.896,17.822],[5.158,17.627],[5.224,17.475],[5.548,17.304],[5.978,16.996],[6.081,16.78],[6.129,16.728],[6.324,16.609],[6.381,16.48],[6.495,16.399],[6.604,16.285],[6.671,16.128],[6.752,16.019],[6.724,15.428],[7.028,15.438],[7.331,15.326]]]}},{"type":"Feature","properties":{"name":"Diffa","pays":"Niger","iso3":"NER"},"geometry":{"type":"Polygon","coordinates":[[[12.001,17.496],[12.004,15.994],[12.021,15.821],[12.016,14.615],[11.922,14.568],[11.911,14.534],[11.933,14.453],[11.997,14.424],[11.883,14.372],[11.794,14.374],[11.564,14.199],[11.335,14.154],[11.25,14.185],[11.076,14.081],[11.023,13.99],[10.831,13.825],[10.813,13.71],[10.609,13.515],[10.646,13.422],[10.655,13.354],[11.213,13.376],[11.522,13.353],[11.696,13.287],[11.885,13.247],[12.104,13.093],[12.149,13.097],[12.151,13.109],[12.177,13.098],[12.188,13.107],[12.179,13.125],[12.234,13.107],[12.257,13.114],[12.278,13.081],[12.307,13.096],[12.337,13.072],[12.366,13.09],[12.37,13.077],[12.477,13.062],[12.481,13.084],[12.497,13.084],[12.495,13.129],[12.559,13.158],[12.565,13.193],[12.544,13.192],[12.536,13.212],[12.553,13.204],[12.579,13.268],[12.626,13.272],[12.647,13.301],[12.674,13.273],[12.693,13.313],[12.722,13.307],[12.715,13.317],[12.738,13.321],[12.753,13.354],[12.787,13.361],[12.822,13.406],[12.832,13.398],[12.832,13.417],[12.815,13.423],[12.838,13.429],[12.838,13.443],[12.861,13.437],[12.862,13.466],[12.849,13.47],[12.878,13.47],[12.877,13.497],[12.924,13.483],[12.954,13.51],[12.961,13.497],[12.971,13.515],[13.047,13.524],[13.049,13.543],[13.065,13.547],[13.081,13.546],[13.067,13.527],[13.091,13.515],[13.106,13.535],[13.127,13.519],[13.124,13.54],[13.148,13.548],[13.143,13.515],[13.184,13.532],[13.199,13.51],[13.214,13.55],[13.241,13.564],[13.236,13.585],[13.265,13.594],[13.248,13.613],[13.354,13.714],[13.635,13.711],[13.48,14.38],[13.475,14.452],[13.493,14.475],[13.572,14.506],[13.633,14.51],[13.696,14.551],[13.693,14.613],[13.677,14.637],[13.746,14.698],[13.769,14.692],[13.812,14.727],[13.79,14.863],[13.862,15.031],[13.97,15.157],[14.385,15.732],[15.506,16.898],[15.559,18.006],[13.006,17.997],[12.182,17.663],[12.184,17.584],[12.001,17.496]]]}},{"type":"Feature","properties":{"name":"Dosso","pays":"Niger","iso3":"NER"},"geometry":{"type":"Polygon","coordinates":[[[2.826,12.405],[2.873,12.388],[2.963,12.288],[3.014,12.266],[3.072,12.184],[3.125,12.158],[3.127,12.14],[3.27,12.015],[3.259,11.99],[3.321,11.882],[3.384,11.886],[3.481,11.861],[3.521,11.815],[3.523,11.788],[3.565,11.773],[3.556,11.724],[3.605,11.697],[3.679,11.758],[3.666,11.81],[3.627,11.839],[3.618,11.917],[3.669,11.978],[3.631,12.117],[3.657,12.268],[3.643,12.52],[3.939,12.762],[4.096,12.996],[4.13,13.148],[4.134,13.472],[4.197,13.473],[4.461,13.7],[4.601,13.732],[4.549,13.895],[4.484,13.978],[4.452,14.096],[4.418,14.255],[4.438,14.43],[4.344,14.596],[4.26,14.63],[4.255,14.525],[4.171,14.492],[4.168,14.435],[3.94,14.386],[3.877,14.337],[3.776,14.205],[3.724,14.001],[3.49,13.797],[3.328,13.737],[3.167,13.801],[3.135,13.732],[3.11,13.599],[3.032,13.599],[2.998,13.625],[2.917,13.518],[2.881,13.516],[2.847,13.454],[2.853,13.365],[2.831,13.334],[2.808,13.346],[2.802,13.336],[2.817,13.314],[2.811,13.275],[2.695,13.249],[2.632,13.185],[2.512,13.206],[2.474,13.179],[2.455,13.118],[2.492,13.085],[2.519,13.015],[2.585,12.963],[2.694,12.945],[2.696,12.907],[2.616,12.872],[2.585,12.793],[2.623,12.698],[2.613,12.624],[2.64,12.551],[2.636,12.523],[2.644,12.513],[2.667,12.526],[2.675,12.505],[2.709,12.574],[2.742,12.506],[2.737,12.462],[2.826,12.405]]]}},{"type":"Feature","properties":{"name":"Maradi","pays":"Niger","iso3":"NER"},"geometry":{"type":"Polygon","coordinates":[[[6.724,15.428],[6.633,15.262],[6.567,15.005],[6.558,14.822],[6.48,14.477],[6.5,14.31],[6.524,14.279],[6.542,14.279],[6.544,14.135],[6.524,14.132],[6.533,14.04],[6.428,14.005],[6.342,13.923],[6.344,13.839],[6.366,13.801],[6.289,13.766],[6.276,13.744],[6.293,13.676],[6.283,13.667],[6.434,13.592],[6.678,13.355],[6.819,13.118],[6.928,12.99],[7.01,12.992],[7.136,13.023],[7.228,13.111],[7.371,13.099],[7.426,13.11],[7.816,13.339],[8.068,13.302],[8.256,13.208],[8.307,13.271],[8.339,13.287],[8.344,13.314],[8.325,13.308],[8.328,13.341],[8.357,13.365],[8.331,13.52],[8.35,13.583],[8.229,13.666],[8.23,13.711],[8.381,13.832],[8.494,13.843],[8.526,13.871],[8.549,14],[8.519,14.06],[8.522,14.145],[8.424,14.187],[8.397,14.255],[8.264,14.383],[8.192,14.39],[8.169,14.422],[8.017,14.463],[8.003,14.521],[7.959,14.524],[7.83,14.417],[7.769,14.421],[7.696,14.471],[7.706,14.643],[7.535,14.711],[7.547,14.777],[7.51,14.82],[7.483,15.01],[7.405,15.146],[7.42,15.292],[7.028,15.438],[6.724,15.428]]]}},{"type":"Feature","properties":{"name":"Tahoua","pays":"Niger","iso3":"NER"},"geometry":{"type":"Polygon","coordinates":[[[4.243,18.676],[4.241,16.988],[4.077,16.912],[4.076,16.32],[3.988,16.061],[4.004,15.986],[3.947,15.942],[3.93,15.91],[3.877,15.697],[4.119,15.161],[4.133,15.036],[4.129,14.774],[4.26,14.63],[4.344,14.596],[4.438,14.43],[4.418,14.255],[4.452,14.096],[4.484,13.978],[4.549,13.895],[4.601,13.732],[4.871,13.782],[4.898,13.754],[4.984,13.743],[5.271,13.746],[5.355,13.844],[5.527,13.892],[5.753,13.794],[6.085,13.68],[6.149,13.643],[6.283,13.667],[6.293,13.676],[6.276,13.744],[6.289,13.766],[6.366,13.801],[6.344,13.839],[6.342,13.923],[6.428,14.005],[6.533,14.04],[6.524,14.132],[6.544,14.135],[6.542,14.279],[6.524,14.279],[6.5,14.31],[6.48,14.477],[6.558,14.822],[6.567,15.005],[6.633,15.262],[6.724,15.419],[6.752,16.019],[6.671,16.128],[6.604,16.285],[6.495,16.399],[6.381,16.48],[6.324,16.609],[6.129,16.728],[6.081,16.78],[5.978,16.996],[5.548,17.304],[5.224,17.475],[5.158,17.627],[4.896,17.822],[4.882,17.941],[4.744,17.956],[4.725,18.018],[4.763,18.165],[4.748,18.26],[4.725,18.284],[4.739,18.355],[4.777,18.432],[4.768,18.513],[4.838,18.583],[4.871,18.679],[4.243,18.676]]]}},{"type":"Feature","properties":{"name":"Tillabéri","pays":"Niger","iso3":"NER"},"geometry":{"type":"Polygon","coordinates":[[[4.26,14.63],[4.129,14.774],[4.133,15.036],[4.119,15.161],[3.877,15.697],[3.822,15.663],[3.706,15.639],[3.608,15.526],[3.533,15.483],[3.528,15.341],[3.098,15.342],[2.629,15.367],[1.324,15.265],[0.973,14.979],[0.719,14.959],[0.703,14.946],[0.538,14.981],[0.512,15.001],[0.402,14.97],[0.229,14.99],[0.236,14.886],[0.202,14.839],[0.236,14.749],[0.166,14.533],[0.192,14.461],[0.275,14.378],[0.323,14.362],[0.37,14.308],[0.391,14.244],[0.358,14.138],[0.395,14.086],[0.384,14.071],[0.399,14.028],[0.45,13.978],[0.455,13.95],[0.481,13.966],[0.476,13.91],[0.521,13.874],[0.53,13.841],[0.578,13.813],[0.589,13.788],[0.62,13.787],[0.626,13.765],[0.6,13.73],[0.605,13.71],[0.636,13.693],[0.773,13.693],[0.797,13.677],[0.778,13.664],[0.782,13.643],[0.827,13.619],[0.907,13.619],[0.99,13.576],[1.015,13.531],[1.014,13.487],[1.088,13.461],[1.137,13.414],[1.241,13.391],[1.281,13.359],[1.236,13.333],[1.202,13.374],[1.183,13.317],[1.053,13.369],[0.992,13.371],[0.993,13.059],[1.066,13.048],[1.576,12.633],[1.874,12.618],[1.925,12.705],[1.949,12.697],[1.984,12.736],[2.083,12.721],[2.104,12.731],[2.111,12.707],[2.161,12.688],[2.152,12.649],[2.196,12.624],[2.226,12.583],[2.228,12.522],[2.268,12.475],[2.274,12.428],[2.253,12.415],[2.236,12.426],[2.216,12.414],[2.155,12.42],[2.107,12.379],[2.082,12.394],[2.066,12.351],[2.405,11.902],[2.392,11.931],[2.408,11.954],[2.437,11.953],[2.435,11.971],[2.465,11.98],[2.391,12.112],[2.381,12.25],[2.44,12.264],[2.464,12.253],[2.474,12.273],[2.505,12.266],[2.522,12.295],[2.542,12.274],[2.58,12.278],[2.599,12.303],[2.673,12.305],[2.695,12.282],[2.737,12.365],[2.763,12.352],[2.787,12.386],[2.839,12.396],[2.737,12.462],[2.742,12.506],[2.709,12.574],[2.675,12.505],[2.667,12.526],[2.644,12.513],[2.636,12.523],[2.64,12.551],[2.613,12.624],[2.623,12.698],[2.585,12.793],[2.616,12.872],[2.696,12.907],[2.694,12.945],[2.585,12.963],[2.519,13.015],[2.492,13.085],[2.455,13.118],[2.474,13.179],[2.512,13.206],[2.632,13.185],[2.695,13.249],[2.811,13.275],[2.817,13.314],[2.802,13.336],[2.808,13.346],[2.831,13.334],[2.853,13.365],[2.847,13.454],[2.881,13.516],[2.917,13.518],[2.998,13.625],[3.032,13.599],[3.11,13.599],[3.135,13.732],[3.167,13.801],[3.328,13.737],[3.49,13.797],[3.724,14.001],[3.776,14.205],[3.877,14.337],[3.94,14.386],[4.168,14.435],[4.171,14.492],[4.255,14.525],[4.26,14.63]],[[2.024,13.529],[2,13.574],[1.973,13.588],[2.005,13.594],[2.034,13.647],[2.097,13.618],[2.177,13.62],[2.172,13.635],[2.252,13.631],[2.215,13.516],[2.225,13.469],[2.203,13.453],[2.136,13.448],[2.125,13.41],[2.073,13.425],[2.012,13.402],[1.972,13.43],[1.968,13.476],[2.014,13.486],[2.007,13.504],[2.024,13.529]]]}},{"type":"Feature","properties":{"name":"Zinder","pays":"Niger","iso3":"NER"},"geometry":{"type":"Polygon","coordinates":[[[7.331,15.326],[7.42,15.292],[7.405,15.146],[7.483,15.01],[7.51,14.82],[7.547,14.777],[7.535,14.711],[7.706,14.643],[7.696,14.471],[7.769,14.421],[7.83,14.417],[7.959,14.524],[8.003,14.521],[8.017,14.463],[8.169,14.422],[8.192,14.39],[8.264,14.383],[8.397,14.255],[8.424,14.187],[8.522,14.145],[8.519,14.06],[8.549,14],[8.526,13.871],[8.494,13.843],[8.381,13.832],[8.23,13.711],[8.229,13.666],[8.35,13.583],[8.331,13.52],[8.357,13.365],[8.328,13.341],[8.325,13.308],[8.344,13.314],[8.339,13.287],[8.307,13.271],[8.256,13.208],[8.288,13.172],[8.416,13.055],[8.486,13.07],[8.565,13.038],[8.632,12.977],[8.648,12.939],[8.97,12.833],[9.65,12.804],[9.982,13.15],[10.061,13.203],[10.207,13.268],[10.466,13.283],[10.655,13.354],[10.646,13.422],[10.609,13.515],[10.813,13.71],[10.831,13.825],[11.023,13.99],[11.076,14.081],[11.25,14.185],[11.335,14.154],[11.564,14.199],[11.794,14.374],[11.883,14.372],[11.997,14.424],[11.933,14.453],[11.911,14.534],[11.922,14.568],[12.016,14.615],[12.021,15.821],[12.004,15.994],[12.001,17.496],[11.692,17.391],[11.318,17.233],[11.04,17.066],[10.997,17.102],[9.354,15.977],[8.991,15.856],[8.482,15.604],[8.286,15.55],[8.133,15.554],[7.981,15.507],[7.479,15.575],[7.331,15.326]]]}},{"type":"Feature","properties":{"name":"Niamey","pays":"Niger","iso3":"NER"},"geometry":{"type":"Polygon","coordinates":[[[2.024,13.529],[2.007,13.504],[2.014,13.486],[1.968,13.476],[1.972,13.43],[2.012,13.402],[2.073,13.425],[2.125,13.41],[2.136,13.448],[2.203,13.453],[2.225,13.469],[2.215,13.516],[2.252,13.631],[2.172,13.635],[2.177,13.62],[2.097,13.618],[2.034,13.647],[2.005,13.594],[1.973,13.588],[2,13.574],[2.024,13.529]]]}},{"type":"Feature","properties":{"name":"Centre","pays":"Burkina Faso","iso3":"BFA"},"geometry":{"type":"Polygon","coordinates":[[[-1.828,12.16],[-1.801,12.108],[-1.769,12.113],[-1.752,12.092],[-1.725,12.093],[-1.689,12.048],[-1.649,12.049],[-1.606,12.116],[-1.537,12.153],[-1.528,12.199],[-1.482,12.235],[-1.458,12.21],[-1.484,12.194],[-1.427,12.184],[-1.435,12.169],[-1.415,12.152],[-1.405,12.107],[-1.345,12.169],[-1.293,12.156],[-1.281,12.139],[-1.252,12.161],[-1.197,12.152],[-1.156,12.163],[-1.125,12.143],[-1.11,12.153],[-1.109,12.186],[-1.074,12.185],[-1.063,12.202],[-1.071,12.225],[-1.094,12.231],[-1.097,12.268],[-1.141,12.26],[-1.172,12.305],[-1.192,12.296],[-1.22,12.335],[-1.196,12.352],[-1.207,12.367],[-1.183,12.373],[-1.198,12.422],[-1.238,12.459],[-1.254,12.498],[-1.318,12.51],[-1.366,12.501],[-1.39,12.475],[-1.45,12.466],[-1.455,12.548],[-1.487,12.574],[-1.512,12.569],[-1.517,12.591],[-1.543,12.567],[-1.573,12.568],[-1.572,12.606],[-1.552,12.628],[-1.56,12.658],[-1.605,12.672],[-1.625,12.612],[-1.675,12.606],[-1.73,12.577],[-1.721,12.504],[-1.693,12.476],[-1.683,12.425],[-1.751,12.409],[-1.782,12.379],[-1.814,12.372],[-1.795,12.349],[-1.819,12.321],[-1.813,12.264],[-1.788,12.264],[-1.778,12.24],[-1.823,12.22],[-1.828,12.16]]]}},{"type":"Feature","properties":{"name":"Boucle du Mouhoun","pays":"Burkina Faso","iso3":"BFA"},"geometry":{"type":"Polygon","coordinates":[[[-2.807,11.24],[-2.803,11.284],[-2.741,11.351],[-2.7,11.324],[-2.687,11.333],[-2.695,11.358],[-2.658,11.36],[-2.657,11.344],[-2.628,11.329],[-2.62,11.373],[-2.558,11.371],[-2.515,11.41],[-2.672,11.502],[-2.672,11.578],[-2.709,11.609],[-2.722,11.693],[-2.746,11.694],[-2.762,11.736],[-2.798,11.762],[-2.874,11.753],[-2.92,11.789],[-2.919,11.814],[-2.847,11.829],[-2.821,11.878],[-2.88,11.934],[-2.848,11.973],[-2.85,11.993],[-2.932,12.058],[-2.904,12.09],[-2.871,12.101],[-2.811,12.064],[-2.792,12.12],[-2.818,12.154],[-2.834,12.223],[-2.887,12.274],[-2.871,12.32],[-2.853,12.34],[-2.826,12.342],[-2.831,12.377],[-2.85,12.388],[-2.778,12.44],[-2.723,12.511],[-2.77,12.616],[-2.717,12.683],[-2.689,12.692],[-2.684,12.763],[-2.668,12.778],[-2.73,12.8],[-2.733,12.937],[-2.701,12.98],[-2.714,13.104],[-2.697,13.123],[-2.581,13.113],[-2.445,13.282],[-2.521,13.317],[-2.536,13.281],[-2.609,13.312],[-2.625,13.358],[-2.647,13.372],[-2.649,13.434],[-2.674,13.452],[-2.676,13.479],[-2.707,13.493],[-2.711,13.518],[-2.865,13.548],[-2.97,13.653],[-3.012,13.653],[-3.039,13.614],[-3.057,13.629],[-3.058,13.655],[-3.111,13.69],[-3.181,13.677],[-3.212,13.705],[-3.264,13.713],[-3.275,13.695],[-3.247,13.68],[-3.25,13.583],[-3.278,13.556],[-3.233,13.287],[-3.437,13.275],[-3.448,13.257],[-3.422,13.175],[-3.439,13.159],[-3.548,13.167],[-3.551,13.197],[-3.612,13.213],[-3.673,13.273],[-3.733,13.299],[-3.798,13.371],[-3.838,13.359],[-3.854,13.372],[-3.96,13.379],[-3.962,13.406],[-3.895,13.441],[-3.939,13.451],[-3.948,13.493],[-3.965,13.504],[-3.982,13.477],[-3.964,13.489],[-3.959,13.473],[-3.984,13.434],[-4.015,13.437],[-4.094,13.394],[-4.105,13.337],[-4.141,13.292],[-4.259,13.234],[-4.229,13.182],[-4.289,13.188],[-4.34,13.141],[-4.347,13.113],[-4.273,13.036],[-4.266,12.989],[-4.219,12.96],[-4.226,12.861],[-4.211,12.814],[-4.234,12.729],[-4.302,12.701],[-4.346,12.742],[-4.432,12.715],[-4.479,12.727],[-4.47,12.691],[-4.482,12.656],[-4.453,12.623],[-4.412,12.607],[-4.403,12.558],[-4.367,12.533],[-4.422,12.487],[-4.438,12.42],[-4.396,12.309],[-4.415,12.303],[-4.441,12.333],[-4.474,12.33],[-4.471,12.283],[-4.58,12.2],[-4.542,12.141],[-4.606,12.137],[-4.629,12.112],[-4.632,12.057],[-4.536,12.075],[-4.497,12.109],[-4.462,12.072],[-4.479,12.005],[-4.428,11.998],[-4.456,11.929],[-4.44,11.92],[-4.457,11.816],[-4.492,11.795],[-4.483,11.742],[-4.442,11.708],[-4.407,11.751],[-4.361,11.748],[-4.338,11.725],[-4.295,11.748],[-4.288,11.778],[-4.265,11.766],[-4.239,11.795],[-4.267,11.818],[-4.239,11.929],[-4.119,11.94],[-4.091,11.961],[-3.975,11.939],[-4.004,11.911],[-3.997,11.889],[-4.018,11.889],[-4.007,11.872],[-4.023,11.822],[-3.962,11.783],[-3.854,11.773],[-3.785,11.735],[-3.726,11.729],[-3.679,11.78],[-3.626,11.767],[-3.568,11.774],[-3.522,11.734],[-3.371,11.699],[-3.417,11.612],[-3.385,11.573],[-3.296,11.564],[-3.307,11.508],[-3.284,11.485],[-3.226,11.503],[-3.195,11.496],[-3.127,11.523],[-3.051,11.584],[-3.013,11.568],[-3.018,11.545],[-2.988,11.53],[-2.964,11.552],[-2.943,11.545],[-2.945,11.559],[-2.903,11.526],[-2.887,11.529],[-2.89,11.55],[-2.847,11.539],[-2.831,11.517],[-2.857,11.475],[-2.832,11.462],[-2.84,11.31],[-2.882,11.255],[-2.807,11.24]]]}},{"type":"Feature","properties":{"name":"Cascades","pays":"Burkina Faso","iso3":"BFA"},"geometry":{"type":"Polygon","coordinates":[[[-5.478,11.021],[-5.49,10.975],[-5.462,10.983],[-5.452,10.972],[-5.452,10.901],[-5.402,10.851],[-5.431,10.774],[-5.467,10.765],[-5.454,10.749],[-5.46,10.64],[-5.477,10.621],[-5.458,10.602],[-5.454,10.557],[-5.502,10.469],[-5.509,10.423],[-5.437,10.322],[-5.363,10.282],[-5.349,10.305],[-5.322,10.291],[-5.289,10.32],[-5.211,10.306],[-5.198,10.322],[-5.187,10.288],[-5.111,10.308],[-5.12,10.283],[-5.098,10.273],[-5.119,10.257],[-5.106,10.237],[-5.122,10.204],[-5.083,10.224],[-5.08,10.194],[-5.104,10.175],[-5.06,10.18],[-5.07,10.139],[-5.037,10.122],[-5.069,10.124],[-5.073,10.111],[-5.039,10.109],[-5.054,10.082],[-4.999,10.107],[-5.015,10.073],[-4.962,10.026],[-4.964,10.006],[-4.985,10.013],[-4.987,9.988],[-4.94,9.953],[-4.964,9.946],[-4.967,9.893],[-4.929,9.868],[-4.912,9.891],[-4.874,9.87],[-4.839,9.872],[-4.824,9.848],[-4.786,9.836],[-4.784,9.782],[-4.817,9.784],[-4.778,9.739],[-4.762,9.756],[-4.738,9.75],[-4.687,9.677],[-4.656,9.687],[-4.645,9.713],[-4.621,9.703],[-4.612,9.725],[-4.58,9.692],[-4.562,9.693],[-4.543,9.718],[-4.554,9.742],[-4.514,9.751],[-4.503,9.726],[-4.521,9.676],[-4.505,9.647],[-4.43,9.664],[-4.39,9.596],[-4.374,9.592],[-4.369,9.618],[-4.342,9.625],[-4.313,9.597],[-4.284,9.641],[-4.281,9.696],[-4.258,9.735],[-4.277,9.741],[-4.266,9.76],[-4.193,9.774],[-4.128,9.848],[-4.051,9.803],[-4.032,9.835],[-3.984,9.83],[-3.966,9.842],[-3.968,9.872],[-4.043,9.932],[-3.947,9.955],[-3.922,9.98],[-3.953,9.988],[-4.001,10.041],[-3.977,10.107],[-3.9,10.098],[-3.858,10.111],[-3.858,10.147],[-3.835,10.161],[-3.797,10.153],[-3.785,10.18],[-3.823,10.183],[-3.825,10.199],[-3.761,10.207],[-3.759,10.245],[-3.74,10.254],[-3.756,10.327],[-3.783,10.347],[-3.714,10.409],[-3.694,10.476],[-3.73,10.515],[-3.703,10.54],[-3.713,10.615],[-3.703,10.643],[-3.719,10.694],[-3.773,10.7],[-3.793,10.727],[-3.778,10.753],[-3.719,10.745],[-3.673,10.768],[-3.71,10.837],[-3.75,10.832],[-3.754,10.85],[-3.78,10.852],[-3.796,10.84],[-3.822,10.771],[-3.845,10.761],[-3.836,10.727],[-3.851,10.731],[-3.863,10.699],[-3.915,10.689],[-3.922,10.67],[-3.95,10.715],[-3.987,10.714],[-4.053,10.748],[-4.087,10.794],[-4.089,10.833],[-4.104,10.826],[-4.106,10.779],[-4.14,10.756],[-4.242,10.784],[-4.235,10.745],[-4.212,10.746],[-4.204,10.766],[-4.185,10.746],[-4.251,10.698],[-4.277,10.709],[-4.288,10.738],[-4.333,10.741],[-4.326,10.762],[-4.385,10.736],[-4.451,10.874],[-4.473,10.88],[-4.58,10.85],[-4.584,10.811],[-4.621,10.807],[-4.667,10.777],[-4.739,10.81],[-4.764,10.874],[-4.926,10.876],[-4.958,10.892],[-4.994,10.858],[-4.993,10.834],[-5.111,10.824],[-5.192,10.789],[-5.223,10.864],[-5.26,10.854],[-5.275,10.922],[-5.371,10.975],[-5.417,11.02],[-5.478,11.021]]]}},{"type":"Feature","properties":{"name":"Centre-Est","pays":"Burkina Faso","iso3":"BFA"},"geometry":{"type":"Polygon","coordinates":[[[-0.683,11],[-0.681,10.982],[-0.654,10.987],[-0.671,10.958],[-0.653,10.963],[-0.626,10.939],[-0.613,10.896],[-0.565,10.995],[-0.542,10.976],[-0.526,10.999],[-0.51,10.99],[-0.474,11.037],[-0.44,11.037],[-0.436,11.104],[-0.418,11.122],[-0.371,11.126],[-0.362,11.069],[-0.336,11.107],[-0.271,11.127],[-0.289,11.147],[-0.281,11.17],[0.423,11.027],[0.455,11.112],[0.487,11.107],[0.521,11.068],[0.521,11.136],[0.581,11.198],[0.574,11.251],[0.533,11.342],[0.589,11.37],[0.533,11.501],[0.532,11.548],[0.509,11.531],[0.468,11.59],[0.393,11.62],[0.403,11.644],[0.373,11.667],[0.368,11.707],[0.225,11.813],[0.192,11.805],[0.184,11.787],[0.157,11.799],[0.11,11.79],[0.098,11.806],[0.119,11.828],[0.076,11.833],[0.045,11.789],[0.048,11.761],[0.015,11.749],[-0.001,11.854],[-0.03,11.848],[-0.016,11.87],[-0.03,11.882],[-0.103,11.881],[-0.091,11.895],[-0.14,11.952],[-0.127,12.071],[-0.096,12.086],[-0.062,12.075],[-0.005,12.117],[-0.025,12.153],[-0.047,12.157],[-0.063,12.211],[-0.106,12.221],[-0.11,12.258],[-0.159,12.292],[-0.162,12.307],[-0.141,12.318],[-0.171,12.368],[-0.147,12.4],[-0.193,12.436],[-0.257,12.443],[-0.256,12.538],[-0.308,12.557],[-0.34,12.589],[-0.356,12.575],[-0.335,12.538],[-0.409,12.48],[-0.59,12.531],[-0.633,12.528],[-0.653,12.557],[-0.671,12.55],[-0.61,12.477],[-0.551,12.472],[-0.581,12.44],[-0.551,12.436],[-0.55,12.409],[-0.517,12.409],[-0.538,12.329],[-0.521,12.333],[-0.525,12.29],[-0.497,12.277],[-0.484,12.201],[-0.429,12.198],[-0.418,12.155],[-0.432,12.114],[-0.413,12.094],[-0.462,12.004],[-0.538,11.992],[-0.583,11.949],[-0.647,11.937],[-0.734,11.871],[-0.749,11.883],[-0.827,11.876],[-0.835,11.858],[-0.821,11.84],[-0.845,11.798],[-0.899,11.779],[-0.904,11.693],[-0.79,11.68],[-0.75,11.627],[-0.773,11.577],[-0.735,11.546],[-0.657,11.544],[-0.559,11.48],[-0.597,11.441],[-0.581,11.413],[-0.605,11.402],[-0.622,11.417],[-0.638,11.386],[-0.646,11.399],[-0.646,11.379],[-0.682,11.362],[-0.694,11.32],[-0.723,11.307],[-0.737,11.23],[-0.766,11.21],[-0.758,11.163],[-0.724,11.149],[-0.743,11.118],[-0.697,11.093],[-0.698,11.069],[-0.684,11.063],[-0.708,11.016],[-0.683,11]]]}},{"type":"Feature","properties":{"name":"Centre-Nord","pays":"Burkina Faso","iso3":"BFA"},"geometry":{"type":"MultiPolygon","coordinates":[[[[-0.771,12.551],[-0.76,12.559],[-0.769,12.571],[-0.78,12.562],[-0.771,12.551]]],[[[-0.266,12.552],[-0.223,12.586],[-0.229,12.638],[-0.207,12.715],[-0.241,12.737],[-0.237,12.775],[-0.207,12.806],[-0.283,12.846],[-0.313,12.9],[-0.346,12.9],[-0.365,12.93],[-0.356,13.038],[-0.389,12.993],[-0.391,13.025],[-0.363,13.126],[-0.288,13.188],[-0.316,13.208],[-0.344,13.313],[-0.326,13.326],[-0.316,13.317],[-0.303,13.33],[-0.315,13.352],[-0.274,13.37],[-0.322,13.408],[-0.304,13.444],[-0.236,13.474],[-0.232,13.505],[-0.2,13.54],[-0.226,13.581],[-0.241,13.58],[-0.217,13.612],[-0.22,13.645],[-0.251,13.667],[-0.281,13.624],[-0.32,13.641],[-0.34,13.671],[-0.367,13.647],[-0.396,13.657],[-0.417,13.705],[-0.405,13.742],[-0.448,13.731],[-0.461,13.741],[-0.442,13.758],[-0.476,13.79],[-0.463,13.811],[-0.547,13.842],[-0.531,13.888],[-0.572,13.927],[-0.625,13.94],[-0.608,14],[-0.686,13.996],[-0.704,13.945],[-0.75,13.95],[-0.758,13.93],[-0.825,13.906],[-0.854,13.866],[-1.022,13.868],[-1.011,13.829],[-1.064,13.812],[-1.095,13.77],[-1.123,13.784],[-1.139,13.773],[-1.197,13.784],[-1.31,13.749],[-1.465,13.769],[-1.499,13.797],[-1.548,13.891],[-1.624,13.878],[-1.678,13.888],[-1.76,13.764],[-1.73,13.72],[-1.74,13.699],[-1.84,13.664],[-1.906,13.616],[-1.897,13.573],[-1.857,13.548],[-1.861,13.44],[-1.835,13.358],[-1.842,13.34],[-1.815,13.329],[-1.796,13.289],[-1.761,13.304],[-1.762,13.261],[-1.733,13.241],[-1.732,13.168],[-1.748,13.147],[-1.7,13.079],[-1.607,13.066],[-1.596,13.017],[-1.553,12.998],[-1.537,12.926],[-1.497,12.915],[-1.469,12.884],[-1.436,12.887],[-1.41,12.839],[-1.382,12.827],[-1.371,12.844],[-1.341,12.847],[-1.293,12.821],[-1.247,12.826],[-1.189,12.772],[-1.154,12.689],[-1.126,12.69],[-1.115,12.71],[-1.014,12.666],[-0.998,12.68],[-0.974,12.637],[-0.903,12.588],[-0.905,12.563],[-0.87,12.561],[-0.872,12.54],[-0.771,12.61],[-0.787,12.637],[-0.773,12.644],[-0.819,12.707],[-0.803,12.722],[-0.774,12.692],[-0.708,12.706],[-0.656,12.679],[-0.632,12.637],[-0.642,12.617],[-0.612,12.586],[-0.612,12.548],[-0.638,12.543],[-0.633,12.528],[-0.59,12.531],[-0.409,12.48],[-0.331,12.545],[-0.354,12.564],[-0.353,12.587],[-0.328,12.586],[-0.289,12.547],[-0.266,12.552]]]]}},{"type":"Feature","properties":{"name":"Centre-Ouest","pays":"Burkina Faso","iso3":"BFA"},"geometry":{"type":"Polygon","coordinates":[[[-1.814,12.372],[-1.938,12.352],[-1.96,12.317],[-2.006,12.308],[-2.011,12.291],[-2.082,12.313],[-2.001,12.471],[-1.921,12.482],[-1.867,12.448],[-1.786,12.489],[-1.845,12.614],[-1.94,12.652],[-1.924,12.678],[-1.989,12.672],[-1.988,12.708],[-2.065,12.708],[-2.081,12.686],[-2.102,12.686],[-2.156,12.731],[-2.156,12.701],[-2.226,12.704],[-2.301,12.667],[-2.318,12.637],[-2.326,12.658],[-2.459,12.622],[-2.461,12.606],[-2.48,12.602],[-2.485,12.669],[-2.441,12.677],[-2.434,12.702],[-2.529,12.695],[-2.531,12.755],[-2.491,12.776],[-2.513,12.827],[-2.549,12.842],[-2.61,12.779],[-2.633,12.787],[-2.641,12.753],[-2.668,12.778],[-2.684,12.763],[-2.689,12.692],[-2.717,12.683],[-2.77,12.616],[-2.723,12.511],[-2.778,12.44],[-2.85,12.388],[-2.831,12.377],[-2.826,12.342],[-2.853,12.34],[-2.871,12.32],[-2.887,12.274],[-2.826,12.21],[-2.818,12.154],[-2.792,12.124],[-2.805,12.07],[-2.819,12.063],[-2.871,12.101],[-2.904,12.09],[-2.932,12.058],[-2.85,11.993],[-2.848,11.973],[-2.88,11.934],[-2.821,11.878],[-2.847,11.829],[-2.919,11.814],[-2.92,11.789],[-2.874,11.753],[-2.798,11.762],[-2.762,11.736],[-2.746,11.694],[-2.722,11.693],[-2.709,11.609],[-2.672,11.578],[-2.672,11.502],[-2.515,11.41],[-2.558,11.371],[-2.62,11.373],[-2.628,11.329],[-2.657,11.344],[-2.658,11.36],[-2.695,11.358],[-2.687,11.333],[-2.7,11.324],[-2.741,11.351],[-2.803,11.284],[-2.786,11.14],[-2.731,11.161],[-2.737,11.193],[-2.699,11.224],[-2.653,11.154],[-2.612,11.159],[-2.622,11.059],[-2.681,11.053],[-2.716,11.004],[-1.702,10.977],[-1.655,10.998],[-1.584,10.991],[-1.585,11.021],[-1.426,11.021],[-1.418,11.056],[-1.438,11.04],[-1.456,11.048],[-1.485,11.076],[-1.478,11.094],[-1.536,11.089],[-1.546,11.111],[-1.569,11.108],[-1.567,11.13],[-1.598,11.122],[-1.636,11.164],[-1.662,11.164],[-1.665,11.259],[-1.599,11.292],[-1.588,11.393],[-1.556,11.405],[-1.514,11.394],[-1.492,11.429],[-1.311,11.548],[-1.356,11.601],[-1.394,11.597],[-1.394,11.616],[-1.456,11.644],[-1.462,11.692],[-1.489,11.683],[-1.499,11.713],[-1.531,11.71],[-1.537,11.729],[-1.554,11.728],[-1.559,11.753],[-1.619,11.789],[-1.652,11.785],[-1.664,11.818],[-1.69,11.828],[-1.697,11.857],[-1.729,11.887],[-1.772,11.909],[-1.781,11.947],[-1.8,11.96],[-1.844,11.959],[-1.89,11.916],[-1.93,11.939],[-1.967,11.924],[-2.001,11.969],[-2.021,11.969],[-2.025,11.987],[-2.054,12],[-1.956,12.075],[-1.984,12.123],[-1.938,12.135],[-1.922,12.159],[-1.828,12.16],[-1.823,12.22],[-1.778,12.24],[-1.788,12.264],[-1.813,12.264],[-1.819,12.321],[-1.795,12.349],[-1.814,12.372]]]}},{"type":"Feature","properties":{"name":"Centre-Sud","pays":"Burkina Faso","iso3":"BFA"},"geometry":{"type":"Polygon","coordinates":[[[-1.828,12.16],[-1.922,12.159],[-1.938,12.135],[-1.984,12.123],[-1.956,12.075],[-2.054,12],[-2.025,11.987],[-2.021,11.969],[-2.001,11.969],[-1.967,11.924],[-1.93,11.939],[-1.89,11.916],[-1.844,11.959],[-1.8,11.96],[-1.781,11.947],[-1.772,11.909],[-1.729,11.887],[-1.697,11.857],[-1.69,11.828],[-1.664,11.818],[-1.652,11.785],[-1.619,11.789],[-1.559,11.753],[-1.554,11.728],[-1.537,11.729],[-1.531,11.71],[-1.499,11.713],[-1.489,11.683],[-1.462,11.692],[-1.456,11.644],[-1.394,11.616],[-1.394,11.597],[-1.356,11.601],[-1.311,11.548],[-1.492,11.429],[-1.514,11.394],[-1.556,11.405],[-1.593,11.388],[-1.599,11.292],[-1.665,11.259],[-1.662,11.164],[-1.636,11.164],[-1.598,11.122],[-1.567,11.13],[-1.569,11.108],[-1.546,11.111],[-1.536,11.089],[-1.478,11.094],[-1.485,11.076],[-1.456,11.048],[-1.438,11.04],[-1.418,11.056],[-1.432,11.028],[-1.385,10.993],[-1.116,10.986],[-1.113,11.006],[-0.917,11.001],[-0.89,10.965],[-0.835,11.009],[-0.683,11],[-0.708,11.016],[-0.684,11.063],[-0.698,11.069],[-0.697,11.093],[-0.743,11.118],[-0.724,11.149],[-0.758,11.163],[-0.766,11.21],[-0.737,11.23],[-0.723,11.307],[-0.694,11.32],[-0.682,11.362],[-0.646,11.379],[-0.646,11.399],[-0.638,11.386],[-0.622,11.417],[-0.605,11.402],[-0.581,11.413],[-0.597,11.441],[-0.559,11.48],[-0.657,11.544],[-0.735,11.546],[-0.773,11.577],[-0.75,11.627],[-0.79,11.68],[-0.904,11.693],[-0.899,11.779],[-0.845,11.798],[-0.821,11.84],[-0.835,11.858],[-0.827,11.876],[-0.895,11.897],[-0.899,11.962],[-0.973,12.015],[-1.023,12.085],[-1.035,12.16],[-1.091,12.189],[-1.109,12.186],[-1.11,12.153],[-1.125,12.143],[-1.156,12.163],[-1.197,12.152],[-1.252,12.161],[-1.281,12.139],[-1.293,12.156],[-1.345,12.169],[-1.405,12.107],[-1.415,12.152],[-1.435,12.169],[-1.427,12.184],[-1.484,12.194],[-1.458,12.21],[-1.482,12.235],[-1.528,12.199],[-1.537,12.153],[-1.606,12.116],[-1.649,12.049],[-1.689,12.048],[-1.725,12.093],[-1.752,12.092],[-1.769,12.113],[-1.801,12.108],[-1.828,12.16]]]}},{"type":"Feature","properties":{"name":"Est","pays":"Burkina Faso","iso3":"BFA"},"geometry":{"type":"Polygon","coordinates":[[[0.423,11.027],[0.505,11.009],[0.498,10.989],[0.517,10.971],[0.501,10.933],[0.661,11.001],[0.912,11.001],[0.888,10.914],[0.936,10.898],[0.941,10.919],[0.918,10.949],[0.924,10.986],[0.947,10.959],[0.98,10.982],[0.945,11.026],[0.974,11.056],[0.977,11.088],[1.013,11.087],[1.027,11.053],[1.071,11.062],[1.114,11.032],[1.087,11.121],[1.05,11.131],[1.055,11.147],[1.1,11.153],[1.117,11.177],[1.165,11.17],[1.151,11.193],[1.156,11.236],[1.129,11.248],[1.149,11.281],[1.262,11.25],[1.284,11.266],[1.259,11.303],[1.268,11.327],[1.303,11.295],[1.351,11.306],[1.325,11.364],[1.351,11.368],[1.359,11.396],[1.385,11.392],[1.396,11.453],[1.424,11.454],[1.448,11.481],[1.485,11.453],[1.506,11.479],[1.501,11.46],[1.531,11.451],[1.554,11.478],[1.584,11.448],[1.589,11.408],[1.624,11.393],[1.643,11.407],[1.666,11.399],[1.686,11.419],[1.699,11.409],[1.714,11.434],[1.755,11.419],[1.878,11.453],[1.913,11.43],[1.917,11.408],[2,11.418],[2.187,11.596],[2.312,11.681],[2.305,11.735],[2.341,11.784],[2.375,11.791],[2.368,11.816],[2.385,11.827],[2.381,11.857],[2.404,11.875],[2.407,11.899],[2.067,12.353],[2.085,12.393],[2.112,12.382],[2.177,12.424],[2.219,12.412],[2.278,12.425],[2.274,12.465],[2.23,12.522],[2.227,12.586],[2.199,12.623],[2.152,12.649],[2.162,12.686],[2.115,12.704],[2.103,12.731],[2.086,12.721],[1.98,12.737],[1.95,12.692],[1.929,12.693],[1.869,12.605],[0.992,13.103],[0.992,13.084],[0.931,13.082],[0.886,13.057],[0.875,13.034],[0.846,13.04],[0.846,13.016],[0.826,13.005],[0.777,13.023],[0.769,12.979],[0.74,12.995],[0.702,12.983],[0.69,13.006],[0.667,12.981],[0.642,13.005],[0.586,12.977],[0.572,13.058],[0.543,13.057],[0.537,13.043],[0.51,13.055],[0.496,13.103],[0.439,13.131],[0.424,13.176],[0.349,13.203],[0.342,13.234],[0.281,13.256],[0.271,13.286],[0.23,13.287],[0.175,13.339],[0.193,13.405],[0.132,13.453],[0.112,13.502],[0.143,13.542],[0.116,13.538],[0.102,13.554],[0.112,13.596],[0.033,13.577],[0.012,13.6],[0.023,13.611],[0,13.605],[-0.048,13.566],[-0.048,13.545],[-0.073,13.54],[-0.099,13.567],[-0.129,13.57],[-0.142,13.615],[-0.187,13.575],[-0.236,13.474],[-0.284,13.459],[-0.321,13.415],[-0.274,13.37],[-0.315,13.352],[-0.303,13.33],[-0.316,13.317],[-0.326,13.326],[-0.344,13.313],[-0.332,13.284],[-0.343,13.273],[-0.316,13.208],[-0.288,13.188],[-0.363,13.126],[-0.389,12.993],[-0.356,13.038],[-0.365,12.93],[-0.354,12.912],[-0.313,12.9],[-0.283,12.846],[-0.207,12.806],[-0.237,12.775],[-0.241,12.737],[-0.207,12.715],[-0.229,12.638],[-0.223,12.586],[-0.266,12.552],[-0.255,12.514],[-0.265,12.456],[-0.245,12.435],[-0.193,12.436],[-0.147,12.4],[-0.171,12.368],[-0.141,12.318],[-0.162,12.307],[-0.159,12.292],[-0.11,12.258],[-0.106,12.221],[-0.063,12.211],[-0.047,12.157],[-0.025,12.153],[-0.005,12.117],[-0.062,12.075],[-0.096,12.086],[-0.127,12.071],[-0.14,11.952],[-0.091,11.895],[-0.103,11.881],[-0.03,11.882],[-0.016,11.87],[-0.03,11.848],[-0.001,11.854],[0.015,11.749],[0.048,11.761],[0.045,11.789],[0.076,11.833],[0.119,11.828],[0.098,11.806],[0.11,11.79],[0.157,11.799],[0.184,11.787],[0.192,11.805],[0.225,11.813],[0.368,11.707],[0.373,11.667],[0.403,11.644],[0.393,11.62],[0.468,11.59],[0.509,11.531],[0.532,11.548],[0.533,11.501],[0.589,11.37],[0.533,11.342],[0.574,11.251],[0.581,11.198],[0.521,11.136],[0.521,11.068],[0.487,11.107],[0.455,11.112],[0.423,11.027]]]}},{"type":"Feature","properties":{"name":"Hauts-Bassins","pays":"Burkina Faso","iso3":"BFA"},"geometry":{"type":"Polygon","coordinates":[[[-4.632,12.057],[-4.701,12.062],[-4.74,11.999],[-4.832,12.017],[-4.868,12],[-4.934,12.004],[-4.99,11.983],[-5.076,11.98],[-5.147,11.949],[-5.186,11.897],[-5.245,11.86],[-5.247,11.837],[-5.265,11.832],[-5.285,11.85],[-5.301,11.833],[-5.321,11.844],[-5.352,11.818],[-5.38,11.84],[-5.403,11.827],[-5.353,11.798],[-5.347,11.809],[-5.29,11.786],[-5.285,11.762],[-5.261,11.765],[-5.264,11.681],[-5.292,11.616],[-5.238,11.605],[-5.215,11.578],[-5.199,11.53],[-5.209,11.459],[-5.198,11.431],[-5.242,11.395],[-5.256,11.349],[-5.252,11.253],[-5.321,11.209],[-5.328,11.142],[-5.381,11.106],[-5.489,11.081],[-5.488,11.05],[-5.478,11.021],[-5.417,11.02],[-5.371,10.975],[-5.275,10.922],[-5.26,10.854],[-5.223,10.864],[-5.192,10.789],[-5.111,10.824],[-4.993,10.834],[-4.994,10.858],[-4.958,10.892],[-4.926,10.876],[-4.764,10.874],[-4.739,10.81],[-4.667,10.777],[-4.621,10.807],[-4.584,10.811],[-4.58,10.85],[-4.473,10.88],[-4.451,10.874],[-4.385,10.736],[-4.326,10.762],[-4.333,10.741],[-4.288,10.738],[-4.277,10.709],[-4.251,10.698],[-4.185,10.746],[-4.204,10.766],[-4.212,10.746],[-4.235,10.745],[-4.242,10.784],[-4.14,10.756],[-4.106,10.779],[-4.104,10.826],[-4.089,10.833],[-4.087,10.794],[-4.053,10.748],[-3.987,10.714],[-3.95,10.715],[-3.922,10.67],[-3.915,10.689],[-3.863,10.699],[-3.851,10.731],[-3.836,10.727],[-3.845,10.761],[-3.822,10.771],[-3.796,10.84],[-3.757,10.851],[-3.736,10.831],[-3.714,10.842],[-3.735,10.865],[-3.718,10.872],[-3.721,10.887],[-3.703,10.873],[-3.691,10.895],[-3.675,10.879],[-3.672,10.891],[-3.649,10.887],[-3.651,10.918],[-3.661,10.91],[-3.668,10.925],[-3.657,10.924],[-3.65,10.965],[-3.62,10.957],[-3.606,10.974],[-3.61,11],[-3.582,11.027],[-3.606,11.043],[-3.573,11.058],[-3.58,11.071],[-3.56,11.089],[-3.552,11.063],[-3.497,11.158],[-3.454,11.153],[-3.446,11.211],[-3.44,11.182],[-3.408,11.179],[-3.348,11.222],[-3.316,11.192],[-3.291,11.201],[-3.288,11.259],[-3.219,11.348],[-3.146,11.369],[-3.116,11.335],[-3.05,11.349],[-3.03,11.321],[-2.984,11.347],[-2.883,11.299],[-2.84,11.31],[-2.832,11.462],[-2.857,11.475],[-2.831,11.517],[-2.847,11.539],[-2.89,11.55],[-2.887,11.529],[-2.903,11.526],[-2.945,11.559],[-2.943,11.545],[-2.964,11.552],[-2.988,11.53],[-3.018,11.545],[-3.013,11.568],[-3.051,11.584],[-3.127,11.523],[-3.195,11.496],[-3.226,11.503],[-3.284,11.485],[-3.307,11.508],[-3.296,11.564],[-3.385,11.573],[-3.417,11.612],[-3.371,11.699],[-3.522,11.734],[-3.568,11.774],[-3.626,11.767],[-3.679,11.78],[-3.726,11.729],[-3.785,11.735],[-3.854,11.773],[-3.962,11.783],[-4.023,11.822],[-4.007,11.872],[-4.018,11.889],[-3.997,11.889],[-4.004,11.911],[-3.975,11.939],[-4.05,11.959],[-4.239,11.929],[-4.267,11.818],[-4.239,11.795],[-4.265,11.766],[-4.288,11.778],[-4.295,11.748],[-4.338,11.725],[-4.361,11.748],[-4.407,11.751],[-4.442,11.708],[-4.483,11.742],[-4.492,11.785],[-4.457,11.816],[-4.44,11.92],[-4.456,11.929],[-4.428,11.998],[-4.479,12.005],[-4.465,12.078],[-4.497,12.109],[-4.536,12.075],[-4.632,12.057]]]}},{"type":"Feature","properties":{"name":"Nord","pays":"Burkina Faso","iso3":"BFA"},"geometry":{"type":"Polygon","coordinates":[[[-2.668,12.778],[-2.641,12.753],[-2.633,12.787],[-2.61,12.779],[-2.551,12.841],[-2.513,12.827],[-2.491,12.776],[-2.531,12.755],[-2.529,12.695],[-2.434,12.702],[-2.441,12.677],[-2.485,12.669],[-2.48,12.602],[-2.461,12.606],[-2.459,12.622],[-2.326,12.658],[-2.318,12.637],[-2.301,12.667],[-2.226,12.704],[-2.156,12.701],[-2.156,12.731],[-2.102,12.686],[-2.081,12.686],[-2.065,12.708],[-1.988,12.708],[-1.989,12.672],[-1.95,12.675],[-1.943,12.695],[-1.977,12.722],[-1.977,12.748],[-1.932,12.816],[-1.876,12.816],[-1.88,12.853],[-1.865,12.875],[-1.807,12.896],[-1.746,12.895],[-1.675,12.933],[-1.65,12.917],[-1.607,12.933],[-1.548,12.886],[-1.533,12.948],[-1.553,12.998],[-1.596,13.017],[-1.607,13.066],[-1.7,13.079],[-1.75,13.151],[-1.732,13.168],[-1.73,13.225],[-1.737,13.249],[-1.762,13.261],[-1.761,13.304],[-1.796,13.289],[-1.815,13.329],[-1.842,13.34],[-1.835,13.358],[-1.861,13.44],[-1.857,13.548],[-1.897,13.573],[-1.906,13.616],[-1.84,13.664],[-1.74,13.699],[-1.73,13.72],[-1.887,13.886],[-1.899,13.932],[-1.869,13.986],[-1.876,14.025],[-1.86,14.042],[-1.903,14.07],[-1.913,14.042],[-1.948,14.024],[-2.08,14.138],[-2.18,14.193],[-2.298,14.248],[-2.474,14.298],[-2.677,14.134],[-2.84,14.053],[-2.856,14.005],[-2.835,13.993],[-2.905,13.823],[-2.906,13.726],[-2.875,13.653],[-2.951,13.624],[-2.861,13.546],[-2.711,13.518],[-2.707,13.493],[-2.676,13.479],[-2.674,13.452],[-2.649,13.434],[-2.647,13.372],[-2.625,13.358],[-2.609,13.312],[-2.536,13.281],[-2.521,13.317],[-2.445,13.282],[-2.581,13.113],[-2.697,13.123],[-2.711,13.111],[-2.701,12.98],[-2.733,12.937],[-2.73,12.8],[-2.668,12.778]]]}},{"type":"Feature","properties":{"name":"Plateau-Central","pays":"Burkina Faso","iso3":"BFA"},"geometry":{"type":"Polygon","coordinates":[[[-1.074,12.185],[-1.035,12.16],[-1.023,12.085],[-0.978,12.021],[-0.899,11.962],[-0.895,11.897],[-0.865,11.878],[-0.749,11.883],[-0.734,11.871],[-0.647,11.937],[-0.583,11.949],[-0.538,11.992],[-0.462,12.004],[-0.413,12.094],[-0.432,12.114],[-0.418,12.155],[-0.429,12.198],[-0.484,12.201],[-0.497,12.277],[-0.525,12.29],[-0.521,12.333],[-0.538,12.329],[-0.517,12.409],[-0.55,12.409],[-0.551,12.436],[-0.581,12.44],[-0.551,12.472],[-0.61,12.477],[-0.671,12.55],[-0.612,12.548],[-0.612,12.586],[-0.642,12.617],[-0.632,12.637],[-0.679,12.702],[-0.774,12.692],[-0.812,12.719],[-0.816,12.699],[-0.773,12.644],[-0.787,12.637],[-0.771,12.61],[-0.872,12.54],[-0.87,12.561],[-0.905,12.563],[-0.903,12.588],[-0.974,12.637],[-0.998,12.68],[-1.014,12.666],[-1.115,12.71],[-1.126,12.69],[-1.154,12.689],[-1.189,12.772],[-1.247,12.826],[-1.293,12.821],[-1.341,12.847],[-1.371,12.844],[-1.382,12.827],[-1.41,12.839],[-1.436,12.887],[-1.469,12.884],[-1.497,12.915],[-1.537,12.926],[-1.548,12.886],[-1.607,12.933],[-1.65,12.917],[-1.675,12.933],[-1.746,12.895],[-1.833,12.89],[-1.876,12.864],[-1.876,12.816],[-1.938,12.811],[-1.977,12.748],[-1.977,12.722],[-1.943,12.695],[-1.95,12.675],[-1.924,12.678],[-1.94,12.652],[-1.845,12.614],[-1.786,12.489],[-1.867,12.448],[-1.921,12.482],[-2.001,12.471],[-2.082,12.313],[-2.011,12.291],[-2.006,12.308],[-1.96,12.317],[-1.938,12.352],[-1.782,12.379],[-1.751,12.409],[-1.683,12.425],[-1.693,12.476],[-1.721,12.504],[-1.73,12.577],[-1.675,12.606],[-1.625,12.612],[-1.608,12.671],[-1.575,12.672],[-1.552,12.628],[-1.572,12.606],[-1.573,12.568],[-1.543,12.567],[-1.517,12.591],[-1.512,12.569],[-1.474,12.567],[-1.448,12.537],[-1.462,12.5],[-1.45,12.466],[-1.39,12.475],[-1.366,12.501],[-1.318,12.51],[-1.254,12.498],[-1.238,12.459],[-1.198,12.422],[-1.183,12.373],[-1.207,12.367],[-1.196,12.352],[-1.22,12.335],[-1.192,12.296],[-1.172,12.305],[-1.141,12.26],[-1.097,12.268],[-1.094,12.231],[-1.071,12.225],[-1.063,12.202],[-1.074,12.185]],[[-0.771,12.551],[-0.78,12.562],[-0.769,12.571],[-0.76,12.559],[-0.771,12.551]]]}},{"type":"Feature","properties":{"name":"Sahel","pays":"Burkina Faso","iso3":"BFA"},"geometry":{"type":"Polygon","coordinates":[[[-0.2,13.54],[-0.187,13.575],[-0.142,13.615],[-0.129,13.57],[-0.099,13.567],[-0.073,13.54],[-0.048,13.545],[-0.048,13.566],[0,13.605],[0.023,13.611],[0.012,13.6],[0.033,13.577],[0.112,13.596],[0.102,13.554],[0.116,13.538],[0.143,13.542],[0.112,13.502],[0.132,13.453],[0.193,13.405],[0.175,13.339],[0.23,13.287],[0.271,13.286],[0.281,13.256],[0.342,13.234],[0.349,13.203],[0.424,13.176],[0.439,13.131],[0.496,13.103],[0.51,13.055],[0.537,13.043],[0.543,13.057],[0.572,13.058],[0.586,12.977],[0.642,13.005],[0.667,12.981],[0.69,13.006],[0.702,12.983],[0.74,12.995],[0.769,12.979],[0.777,13.023],[0.826,13.005],[0.846,13.016],[0.846,13.04],[0.875,13.034],[0.92,13.077],[0.992,13.084],[0.992,13.375],[1.055,13.369],[1.118,13.333],[1.187,13.321],[1.203,13.333],[1.212,13.38],[1.242,13.339],[1.285,13.355],[1.244,13.391],[1.137,13.413],[1.087,13.46],[1.01,13.489],[0.994,13.576],[0.908,13.617],[0.796,13.631],[0.789,13.653],[0.804,13.666],[0.773,13.69],[0.648,13.682],[0.621,13.698],[0.608,13.736],[0.627,13.774],[0.599,13.782],[0.48,13.907],[0.468,13.952],[0.443,13.951],[0.448,13.965],[0.414,14.002],[0.41,14.028],[0.382,14.045],[0.162,14.534],[0.171,14.632],[0.236,14.751],[0.177,14.846],[0.243,14.913],[-0.246,15.078],[-0.389,15.006],[-0.415,15.006],[-0.444,15.083],[-0.725,15.083],[-1.073,14.784],[-1.319,14.729],[-1.679,14.501],[-1.778,14.481],[-1.907,14.489],[-1.981,14.475],[-1.997,14.191],[-2.097,14.148],[-1.948,14.024],[-1.913,14.042],[-1.903,14.07],[-1.86,14.042],[-1.876,14.025],[-1.869,13.986],[-1.899,13.932],[-1.887,13.886],[-1.76,13.764],[-1.678,13.888],[-1.624,13.878],[-1.55,13.892],[-1.499,13.797],[-1.465,13.769],[-1.31,13.749],[-1.197,13.784],[-1.139,13.773],[-1.123,13.784],[-1.095,13.77],[-1.064,13.812],[-1.011,13.829],[-1.022,13.868],[-0.854,13.866],[-0.825,13.906],[-0.758,13.93],[-0.75,13.95],[-0.704,13.945],[-0.686,13.996],[-0.608,14],[-0.625,13.94],[-0.572,13.927],[-0.531,13.888],[-0.547,13.842],[-0.463,13.811],[-0.476,13.79],[-0.442,13.758],[-0.461,13.741],[-0.448,13.731],[-0.405,13.742],[-0.417,13.705],[-0.396,13.657],[-0.367,13.647],[-0.34,13.671],[-0.32,13.641],[-0.281,13.624],[-0.26,13.663],[-0.242,13.666],[-0.22,13.645],[-0.217,13.612],[-0.241,13.58],[-0.226,13.581],[-0.2,13.54]]]}},{"type":"Feature","properties":{"name":"Sud-Ouest","pays":"Burkina Faso","iso3":"BFA"},"geometry":{"type":"Polygon","coordinates":[[[-2.848,11.298],[-2.883,11.299],[-2.984,11.347],[-3.03,11.321],[-3.05,11.349],[-3.116,11.335],[-3.146,11.369],[-3.193,11.358],[-3.227,11.341],[-3.288,11.259],[-3.291,11.201],[-3.316,11.192],[-3.348,11.222],[-3.408,11.179],[-3.44,11.182],[-3.446,11.211],[-3.454,11.153],[-3.497,11.158],[-3.552,11.063],[-3.56,11.089],[-3.58,11.071],[-3.573,11.058],[-3.598,11.054],[-3.605,11.039],[-3.587,11.042],[-3.582,11.027],[-3.61,11],[-3.606,10.974],[-3.62,10.957],[-3.65,10.965],[-3.657,10.924],[-3.668,10.925],[-3.661,10.91],[-3.651,10.918],[-3.649,10.887],[-3.672,10.891],[-3.675,10.879],[-3.691,10.895],[-3.7,10.873],[-3.721,10.887],[-3.718,10.872],[-3.735,10.865],[-3.673,10.768],[-3.719,10.745],[-3.778,10.753],[-3.793,10.727],[-3.773,10.7],[-3.719,10.694],[-3.703,10.643],[-3.713,10.615],[-3.703,10.54],[-3.73,10.515],[-3.694,10.476],[-3.714,10.409],[-3.783,10.347],[-3.756,10.327],[-3.74,10.254],[-3.759,10.245],[-3.761,10.207],[-3.825,10.199],[-3.823,10.183],[-3.785,10.18],[-3.797,10.153],[-3.835,10.161],[-3.858,10.147],[-3.858,10.111],[-3.9,10.098],[-3.977,10.107],[-4.001,10.041],[-3.953,9.988],[-3.922,9.98],[-3.947,9.955],[-4.043,9.932],[-4.006,9.914],[-3.988,9.882],[-3.932,9.874],[-3.895,9.907],[-3.803,9.894],[-3.778,9.927],[-3.667,9.93],[-3.622,9.96],[-3.6,9.938],[-3.475,9.937],[-3.431,9.92],[-3.407,9.931],[-3.347,9.902],[-3.311,9.911],[-3.315,9.87],[-3.272,9.846],[-3.19,9.935],[-3.184,9.838],[-3.149,9.853],[-3.104,9.822],[-3.092,9.768],[-3.063,9.73],[-3.006,9.742],[-2.935,9.579],[-2.828,9.456],[-2.769,9.415],[-2.689,9.494],[-2.769,9.57],[-2.772,9.599],[-2.746,9.642],[-2.756,9.678],[-2.787,9.696],[-2.789,9.747],[-2.726,9.827],[-2.762,9.885],[-2.743,9.96],[-2.782,10.027],[-2.791,10.08],[-2.798,10.191],[-2.756,10.247],[-2.85,10.319],[-2.831,10.388],[-2.773,10.423],[-2.867,10.456],[-2.94,10.611],[-2.941,10.637],[-2.906,10.684],[-2.94,10.71],[-2.895,10.765],[-2.864,10.888],[-2.838,10.893],[-2.818,10.923],[-2.841,10.966],[-2.833,11.008],[-2.716,11.004],[-2.681,11.053],[-2.625,11.055],[-2.607,11.113],[-2.612,11.159],[-2.653,11.154],[-2.699,11.224],[-2.737,11.193],[-2.731,11.161],[-2.786,11.14],[-2.803,11.237],[-2.882,11.255],[-2.848,11.298]]]}},{"type":"Feature","properties":{"name":"Abia","pays":"Nigeria","iso3":"NGA"},"geometry":{"type":"Polygon","coordinates":[[[7.489,4.822],[7.499,4.859],[7.477,4.909],[7.491,4.959],[7.463,4.973],[7.471,4.996],[7.529,5.039],[7.519,5.053],[7.547,5.088],[7.528,5.156],[7.553,5.276],[7.534,5.301],[7.572,5.324],[7.649,5.325],[7.665,5.344],[7.678,5.381],[7.624,5.382],[7.657,5.446],[7.7,5.432],[7.696,5.518],[7.757,5.51],[7.793,5.44],[7.865,5.418],[7.876,5.369],[7.988,5.363],[7.908,5.536],[7.902,5.597],[7.918,5.65],[7.804,5.745],[7.786,5.805],[7.567,5.844],[7.533,5.838],[7.526,5.88],[7.498,5.908],[7.54,5.907],[7.553,5.981],[7.537,6.008],[7.511,6.021],[7.416,6.006],[7.397,6.034],[7.339,6.042],[7.318,5.999],[7.264,5.991],[7.256,5.951],[7.269,5.92],[7.396,5.908],[7.386,5.861],[7.4,5.71],[7.382,5.706],[7.41,5.674],[7.432,5.609],[7.404,5.529],[7.336,5.432],[7.292,5.328],[7.264,5.216],[7.283,5.185],[7.265,5.152],[7.279,5.117],[7.256,5.077],[7.241,4.994],[7.235,4.981],[7.185,4.982],[7.195,4.953],[7.169,4.945],[7.14,4.901],[7.215,4.857],[7.32,4.88],[7.416,4.867],[7.489,4.822]]]}},{"type":"Feature","properties":{"name":"Adamawa","pays":"Nigeria","iso3":"NGA"},"geometry":{"type":"Polygon","coordinates":[[[11.854,7.379],[11.956,7.493],[12.04,7.523],[12.019,7.652],[12.042,7.73],[12.097,7.838],[12.155,7.889],[12.221,7.988],[12.206,8.09],[12.259,8.179],[12.226,8.378],[12.241,8.435],[12.312,8.467],[12.387,8.451],[12.433,8.516],[12.472,8.616],[12.585,8.596],[12.646,8.643],[12.677,8.643],[12.712,8.689],[12.722,8.748],[12.79,8.759],[12.809,8.79],[12.788,8.852],[12.802,8.885],[12.79,8.917],[12.833,8.954],[12.878,9.03],[12.892,9.117],[12.882,9.187],[12.905,9.234],[12.903,9.352],[12.857,9.363],[12.856,9.384],[13.047,9.51],[13.177,9.523],[13.22,9.542],[13.235,9.569],[13.265,9.751],[13.297,9.797],[13.289,9.818],[13.239,9.843],[13.227,9.87],[13.231,9.9],[13.27,9.928],[13.285,9.972],[13.247,10.014],[13.329,10.111],[13.428,10.124],[13.471,10.213],[13.486,10.218],[13.525,10.455],[13.554,10.5],[13.531,10.585],[13.542,10.646],[13.588,10.693],[13.611,10.774],[13.672,10.854],[13.692,10.946],[13.577,10.948],[13.502,10.888],[13.45,10.872],[13.381,10.899],[13.358,10.929],[13.341,10.926],[13.319,10.737],[13.237,10.585],[13.243,10.505],[13.205,10.415],[13.053,10.46],[12.997,10.525],[12.94,10.555],[12.875,10.574],[12.745,10.58],[12.652,10.439],[12.613,10.449],[12.606,10.468],[12.565,10.453],[12.56,10.377],[12.538,10.359],[12.444,10.317],[12.295,10.308],[12.249,10.22],[12.195,10.195],[12.109,10.115],[12.09,10.052],[12.014,10.053],[11.999,10.025],[11.843,10.045],[11.855,9.927],[11.836,9.858],[11.857,9.793],[11.773,9.706],[11.655,9.637],[11.599,9.61],[11.474,9.601],[11.43,9.55],[11.526,9.408],[11.557,9.381],[11.596,9.379],[11.648,9.305],[11.7,9.21],[11.695,9.107],[11.707,9.074],[11.792,9.02],[11.856,9.003],[11.893,8.945],[11.903,8.87],[11.784,8.63],[11.796,8.546],[11.786,8.522],[11.651,8.426],[11.523,8.215],[11.38,8.083],[11.342,8.019],[11.49,7.8],[11.514,7.816],[11.545,7.897],[11.578,7.906],[11.636,7.876],[11.688,7.796],[11.748,7.744],[11.772,7.665],[11.772,7.488],[11.854,7.379]]]}},{"type":"Feature","properties":{"name":"Akwa Ibom","pays":"Nigeria","iso3":"NGA"},"geometry":{"type":"MultiPolygon","coordinates":[[[[7.489,4.822],[7.521,4.789],[7.524,4.753],[7.547,4.726],[7.518,4.677],[7.52,4.631],[7.545,4.58],[7.524,4.551],[7.587,4.495],[7.597,4.465],[7.697,4.503],[7.93,4.537],[8.176,4.546],[8.28,4.533],[8.298,4.572],[8.229,4.567],[8.278,4.582],[8.251,4.586],[8.262,4.603],[8.231,4.606],[8.265,4.604],[8.263,4.592],[8.294,4.577],[8.307,4.606],[8.285,4.613],[8.318,4.613],[8.329,4.641],[8.296,4.681],[8.27,4.647],[8.298,4.677],[8.267,4.682],[8.274,4.667],[8.26,4.681],[8.224,4.659],[8.226,4.641],[8.226,4.665],[8.201,4.664],[8.212,4.683],[8.223,4.672],[8.223,4.687],[8.239,4.664],[8.283,4.69],[8.324,4.664],[8.318,4.715],[8.278,4.716],[8.311,4.716],[8.297,4.745],[8.314,4.723],[8.318,4.748],[8.252,4.814],[8.269,4.829],[8.23,4.86],[8.207,4.908],[8.149,4.939],[8.128,4.969],[8.1,5.033],[8.099,5.107],[8.065,5.146],[8.074,5.177],[8.055,5.217],[8.017,5.247],[7.993,5.207],[7.976,5.208],[7.913,5.304],[7.858,5.319],[7.842,5.341],[7.904,5.339],[7.876,5.369],[7.865,5.418],[7.793,5.44],[7.749,5.516],[7.696,5.518],[7.7,5.432],[7.66,5.447],[7.636,5.425],[7.624,5.38],[7.678,5.381],[7.649,5.325],[7.572,5.324],[7.535,5.304],[7.553,5.276],[7.528,5.156],[7.547,5.088],[7.519,5.053],[7.529,5.039],[7.51,5.035],[7.506,5.013],[7.471,4.996],[7.463,4.973],[7.491,4.959],[7.477,4.909],[7.499,4.859],[7.489,4.822]]],[[[8.345,4.604],[8.332,4.637],[8.309,4.609],[8.322,4.586],[8.345,4.604]]]]}},{"type":"Feature","properties":{"name":"Anambra","pays":"Nigeria","iso3":"NGA"},"geometry":{"type":"Polygon","coordinates":[[[7.339,6.042],[7.269,6.061],[7.255,6.105],[7.22,6.123],[7.224,6.191],[7.2,6.235],[7.151,6.233],[7.143,6.289],[7.162,6.305],[7.128,6.387],[7.089,6.43],[7.027,6.444],[7.036,6.474],[7.05,6.474],[7.055,6.545],[7.109,6.593],[7.133,6.652],[7.058,6.697],[7.051,6.683],[6.991,6.713],[6.932,6.699],[6.931,6.788],[6.912,6.801],[6.8,6.693],[6.808,6.58],[6.665,6.532],[6.731,6.239],[6.769,6.168],[6.755,6.121],[6.709,6.078],[6.725,6.012],[6.704,5.927],[6.661,5.857],[6.655,5.772],[6.626,5.724],[6.632,5.711],[6.67,5.696],[6.802,5.779],[6.884,5.744],[6.887,5.83],[6.916,5.824],[6.978,5.902],[6.995,5.897],[7.056,5.931],[7.101,5.933],[7.173,5.907],[7.215,5.93],[7.257,5.93],[7.264,5.991],[7.318,5.999],[7.339,6.042]]]}},{"type":"Feature","properties":{"name":"Bauchi","pays":"Nigeria","iso3":"NGA"},"geometry":{"type":"Polygon","coordinates":[[[8.824,10.383],[8.87,10.358],[8.936,10.349],[8.955,10.309],[8.93,10.215],[8.978,10.18],[8.957,10.023],[8.992,10.009],[9.202,10.048],[9.247,10.032],[9.287,9.928],[9.287,9.88],[9.254,9.809],[9.15,9.748],[9.24,9.682],[9.271,9.717],[9.294,9.673],[9.285,9.636],[9.32,9.618],[9.32,9.582],[9.389,9.552],[9.404,9.508],[9.464,9.475],[9.483,9.476],[9.491,9.528],[9.509,9.54],[9.551,9.505],[9.687,9.521],[9.778,9.551],[9.817,9.593],[9.854,9.607],[9.954,9.611],[9.935,9.722],[9.966,9.774],[10.095,9.744],[10.13,9.722],[10.15,9.682],[10.256,9.688],[10.373,9.603],[10.489,9.553],[10.512,9.511],[10.589,9.564],[10.684,9.542],[10.784,9.611],[10.888,9.616],[10.975,9.593],[10.95,9.695],[10.96,9.775],[10.928,9.91],[10.812,9.979],[10.685,10.081],[10.701,10.112],[10.797,10.11],[10.815,10.129],[10.82,10.181],[10.857,10.236],[10.826,10.294],[10.835,10.402],[10.766,10.478],[10.617,10.508],[10.589,10.528],[10.559,10.561],[10.542,10.629],[10.479,10.688],[10.551,10.793],[10.576,10.886],[10.594,10.889],[10.618,10.858],[10.643,10.861],[10.603,10.962],[10.619,10.994],[10.67,11.019],[10.762,11.117],[10.794,11.114],[10.837,11.078],[10.867,11.089],[10.904,11.146],[11,11.236],[11.023,11.285],[10.934,11.31],[10.85,11.358],[10.914,11.394],[10.936,11.475],[10.917,11.757],[10.901,11.819],[10.819,11.86],[10.829,11.893],[10.8,11.953],[10.813,12.019],[10.801,12.165],[10.775,12.236],[10.751,12.461],[10.61,12.521],[10.451,12.424],[10.425,12.471],[10.286,12.45],[10.196,12.34],[10.201,12.3],[10.168,12.249],[10.145,12.149],[10.164,12.073],[10.154,12.04],[9.965,11.963],[9.875,11.947],[9.83,11.89],[9.724,11.857],[9.689,11.873],[9.674,11.787],[9.633,11.781],[9.63,11.749],[9.649,11.732],[9.714,11.721],[9.776,11.738],[9.811,11.721],[9.803,11.701],[9.821,11.688],[9.825,11.593],[9.778,11.53],[9.789,11.462],[9.821,11.455],[9.84,11.476],[9.878,11.454],[9.879,11.365],[9.991,11.252],[10.049,11.263],[10.176,11.224],[10.366,11.206],[10.365,11.179],[10.328,11.129],[10.307,11.131],[10.26,11.094],[10.199,11.101],[10.169,11.067],[10.142,11.014],[10.195,10.964],[10.191,10.948],[10.134,10.948],[10.079,10.989],[9.966,10.96],[9.866,10.999],[9.854,11.109],[9.893,11.159],[9.869,11.18],[9.823,11.283],[9.629,11.252],[9.582,11.26],[9.572,11.322],[9.542,11.34],[9.447,11.308],[9.313,11.369],[9.225,11.366],[9.143,11.332],[9.033,11.256],[8.896,11.102],[8.875,11.089],[8.821,11.099],[8.796,11.068],[8.778,11.011],[8.79,10.948],[8.765,10.865],[8.769,10.829],[8.822,10.769],[8.854,10.697],[8.822,10.613],[8.779,10.563],[8.77,10.476],[8.729,10.451],[8.74,10.429],[8.797,10.417],[8.824,10.383]]]}},{"type":"Feature","properties":{"name":"Bayelsa","pays":"Nigeria","iso3":"NGA"},"geometry":{"type":"Polygon","coordinates":[[[5.39,5.134],[5.39,5.086],[5.44,5],[5.464,4.891],[5.531,4.76],[5.565,4.737],[5.563,4.723],[5.545,4.737],[5.573,4.686],[5.708,4.515],[5.847,4.402],[5.967,4.338],[5.976,4.314],[6.1,4.273],[6.214,4.281],[6.236,4.301],[6.42,4.306],[6.413,4.317],[6.431,4.329],[6.469,4.315],[6.602,4.335],[6.561,4.376],[6.547,4.428],[6.599,4.534],[6.603,4.562],[6.561,4.652],[6.598,4.73],[6.568,4.737],[6.553,4.759],[6.461,4.713],[6.402,4.827],[6.398,4.864],[6.441,4.943],[6.412,5.005],[6.478,5.137],[6.477,5.173],[6.559,5.198],[6.549,5.213],[6.567,5.237],[6.531,5.285],[6.563,5.32],[6.562,5.379],[6.485,5.379],[6.503,5.339],[6.49,5.324],[6.45,5.328],[6.409,5.305],[6.339,5.32],[6.306,5.303],[6.284,5.275],[6.29,5.234],[6.213,5.239],[6.194,5.217],[6.191,5.159],[6.166,5.161],[6.13,5.129],[6.086,5.151],[6.055,5.097],[6.005,5.104],[5.961,5.157],[5.933,5.165],[5.915,5.108],[5.881,5.11],[5.868,5.068],[5.791,5.086],[5.779,5.058],[5.736,5.057],[5.71,5.024],[5.667,5.028],[5.662,5.013],[5.585,5.055],[5.533,5.063],[5.503,5.092],[5.471,5.093],[5.47,5.123],[5.436,5.141],[5.39,5.134]]]}},{"type":"Feature","properties":{"name":"Benue","pays":"Nigeria","iso3":"NGA"},"geometry":{"type":"Polygon","coordinates":[[[8.295,6.679],[8.361,6.693],[8.42,6.757],[8.469,6.746],[8.621,6.781],[8.642,6.819],[8.606,6.859],[8.665,6.868],[8.704,6.896],[8.777,6.888],[8.848,6.866],[8.995,6.777],[9.007,6.758],[8.968,6.697],[8.992,6.692],[9.035,6.647],[9.07,6.642],[9.136,6.68],[9.3,6.72],[9.471,6.525],[9.468,6.451],[9.543,6.443],[9.586,6.475],[9.603,6.538],[9.646,6.739],[9.646,6.895],[9.732,7.067],[9.766,7.066],[9.82,7.109],[9.835,7.199],[9.825,7.255],[9.868,7.341],[9.907,7.497],[9.925,7.51],[9.905,7.572],[9.912,7.638],[9.764,7.766],[9.57,7.899],[9.459,7.88],[9.396,7.845],[9.12,7.793],[9.124,7.827],[9.183,7.896],[9.131,7.931],[9.057,8.078],[9.025,8.063],[8.911,8.056],[8.697,8.096],[8.622,8.12],[8.588,8.156],[8.504,8.158],[8.391,8.078],[8.363,8.017],[8.365,7.92],[8.405,7.861],[8.393,7.82],[8.412,7.776],[8.403,7.766],[8.183,7.853],[8.102,7.867],[8.144,7.904],[8.092,7.905],[8.063,7.927],[7.88,7.985],[7.677,8.014],[7.665,7.94],[7.697,7.936],[7.664,7.906],[7.753,7.744],[7.74,7.538],[7.779,7.483],[7.818,7.497],[7.836,7.485],[7.836,7.465],[7.794,7.415],[7.798,7.359],[7.775,7.301],[7.819,7.287],[7.783,7.206],[7.692,7.199],[7.605,7.145],[7.583,7.06],[7.531,7.032],[7.564,6.952],[7.62,6.919],[7.675,6.856],[7.827,6.892],[7.883,6.858],[7.897,6.864],[7.886,6.794],[7.903,6.781],[7.855,6.743],[7.805,6.64],[7.832,6.638],[7.856,6.581],[7.932,6.532],[7.963,6.544],[7.965,6.591],[7.988,6.618],[7.988,6.688],[8.022,6.724],[8.051,6.709],[8.128,6.712],[8.164,6.765],[8.22,6.779],[8.229,6.8],[8.266,6.742],[8.252,6.736],[8.286,6.71],[8.279,6.698],[8.295,6.679]]]}},{"type":"Feature","properties":{"name":"Borno","pays":"Nigeria","iso3":"NGA"},"geometry":{"type":"Polygon","coordinates":[[[13.692,10.946],[13.799,11.014],[13.825,11.069],[13.886,11.124],[13.88,11.142],[13.91,11.17],[13.976,11.305],[13.991,11.313],[14.063,11.287],[14.092,11.256],[14.176,11.232],[14.202,11.272],[14.43,11.415],[14.454,11.462],[14.52,11.475],[14.625,11.536],[14.647,11.602],[14.64,11.639],[14.559,11.705],[14.554,11.726],[14.61,11.78],[14.607,11.868],[14.641,11.905],[14.658,11.956],[14.623,12.036],[14.652,12.061],[14.64,12.089],[14.678,12.165],[14.659,12.195],[14.625,12.178],[14.602,12.191],[14.598,12.22],[14.555,12.23],[14.561,12.255],[14.514,12.296],[14.523,12.317],[14.488,12.348],[14.33,12.37],[14.303,12.356],[14.295,12.367],[14.293,12.349],[14.274,12.369],[14.226,12.359],[14.174,12.405],[14.198,12.442],[14.181,12.445],[14.175,12.469],[14.197,12.51],[14.178,12.551],[14.083,13.082],[13.632,13.712],[13.355,13.714],[13.274,13.648],[13.249,13.614],[13.264,13.59],[13.238,13.585],[13.242,13.566],[13.214,13.55],[13.199,13.51],[13.177,13.532],[13.145,13.516],[13.15,13.545],[13.125,13.539],[13.127,13.519],[13.105,13.535],[13.092,13.514],[13.068,13.53],[13.081,13.546],[13.064,13.547],[13.046,13.525],[12.971,13.515],[12.961,13.498],[12.953,13.509],[12.925,13.483],[12.874,13.495],[12.878,13.471],[12.85,13.47],[12.863,13.439],[12.841,13.443],[12.816,13.425],[12.833,13.415],[12.831,13.397],[12.823,13.406],[12.783,13.358],[12.753,13.353],[12.741,13.323],[12.714,13.316],[12.721,13.305],[12.692,13.312],[12.674,13.273],[12.643,13.3],[12.627,13.272],[12.579,13.269],[12.551,13.201],[12.536,13.211],[12.542,13.193],[12.562,13.197],[12.559,13.157],[12.5,13.135],[12.498,13.084],[12.48,13.083],[12.48,13.064],[12.394,13.077],[12.405,12.986],[12.378,12.877],[12.446,12.787],[12.494,12.687],[12.479,12.633],[12.431,12.603],[12.434,12.581],[12.389,12.508],[12.261,12.423],[12.304,12.314],[12.303,12.219],[12.25,12.005],[12.252,11.816],[12.178,11.658],[12.224,11.633],[12.275,11.694],[12.301,11.645],[12.3,11.609],[12.374,11.55],[12.316,11.453],[12.245,11.414],[12.187,11.302],[12.102,11.246],[12.115,11.156],[12.15,11.081],[12.139,11.062],[12.089,11.051],[12.029,11.062],[11.937,10.967],[11.686,10.887],[11.681,10.87],[11.719,10.84],[11.74,10.792],[11.721,10.745],[11.751,10.722],[11.768,10.68],[11.704,10.629],[11.64,10.609],[11.65,10.529],[11.635,10.395],[11.533,10.305],[11.565,10.287],[11.601,10.208],[11.74,10.164],[11.839,10.045],[11.999,10.025],[12.014,10.053],[12.078,10.048],[12.101,10.062],[12.101,10.098],[12.131,10.14],[12.249,10.22],[12.295,10.308],[12.444,10.317],[12.538,10.359],[12.56,10.377],[12.565,10.453],[12.606,10.468],[12.613,10.449],[12.652,10.439],[12.745,10.58],[12.875,10.574],[12.94,10.555],[12.997,10.525],[13.053,10.46],[13.205,10.415],[13.243,10.505],[13.237,10.585],[13.319,10.737],[13.341,10.926],[13.358,10.929],[13.381,10.899],[13.45,10.872],[13.502,10.888],[13.577,10.948],[13.692,10.946]]]}},{"type":"Feature","properties":{"name":"Cross River","pays":"Nigeria","iso3":"NGA"},"geometry":{"type":"MultiPolygon","coordinates":[[[[8.286,4.8],[8.3,4.792],[8.306,4.804],[8.28,4.83],[8.286,4.8]]],[[[7.88,5.367],[7.902,5.336],[7.841,5.337],[7.863,5.315],[7.913,5.304],[7.976,5.208],[7.993,5.207],[8.017,5.247],[8.055,5.217],[8.074,5.177],[8.065,5.146],[8.099,5.107],[8.103,5.024],[8.149,4.939],[8.207,4.908],[8.23,4.86],[8.269,4.829],[8.31,4.838],[8.345,4.818],[8.366,4.839],[8.348,4.817],[8.337,4.824],[8.334,4.804],[8.367,4.778],[8.396,4.781],[8.412,4.839],[8.399,4.773],[8.434,4.771],[8.434,4.791],[8.441,4.773],[8.411,4.777],[8.386,4.753],[8.391,4.741],[8.426,4.728],[8.449,4.737],[8.485,4.784],[8.462,4.753],[8.484,4.732],[8.505,4.749],[8.497,4.77],[8.507,4.746],[8.469,4.728],[8.455,4.7],[8.48,4.689],[8.509,4.694],[8.501,4.714],[8.531,4.709],[8.52,4.746],[8.538,4.801],[8.564,4.82],[8.592,4.807],[8.627,4.823],[8.621,4.843],[8.632,4.844],[8.606,4.872],[8.609,4.889],[8.652,4.916],[8.649,4.942],[8.698,4.987],[8.685,5.001],[8.725,5.043],[8.727,5.074],[8.801,5.154],[8.807,5.297],[8.896,5.585],[8.886,5.621],[8.814,5.707],[8.851,5.742],[8.859,5.778],[8.844,5.828],[8.902,5.862],[8.912,5.903],[8.972,5.936],[9.114,6.075],[9.276,6.158],[9.346,6.29],[9.341,6.334],[9.41,6.317],[9.442,6.349],[9.471,6.525],[9.3,6.72],[9.136,6.68],[9.07,6.642],[9.035,6.647],[8.992,6.692],[8.968,6.697],[9.007,6.758],[8.995,6.777],[8.848,6.866],[8.76,6.891],[8.704,6.896],[8.665,6.868],[8.601,6.856],[8.642,6.819],[8.621,6.781],[8.469,6.746],[8.42,6.757],[8.361,6.693],[8.295,6.679],[8.325,6.626],[8.314,6.612],[8.325,6.589],[8.374,6.564],[8.371,6.548],[8.391,6.55],[8.391,6.523],[8.419,6.515],[8.406,6.485],[8.439,6.447],[8.432,6.433],[8.457,6.428],[8.445,6.386],[8.407,6.375],[8.399,6.354],[8.392,6.307],[8.417,6.26],[8.368,6.198],[8.33,6.19],[8.317,6.172],[8.315,6.118],[8.274,5.999],[8.245,6.018],[8.215,6.012],[8.114,5.938],[8.104,5.961],[8.052,5.954],[8.049,6],[7.98,5.975],[7.982,5.927],[8.005,5.9],[7.934,5.822],[7.97,5.768],[7.921,5.76],[7.887,5.7],[7.918,5.65],[7.902,5.597],[7.908,5.536],[7.988,5.363],[7.88,5.367]]],[[[8.554,4.805],[8.572,4.804],[8.564,4.816],[8.554,4.805]]],[[[8.575,4.805],[8.589,4.806],[8.571,4.816],[8.575,4.805]]]]}},{"type":"Feature","properties":{"name":"Delta","pays":"Nigeria","iso3":"NGA"},"geometry":{"type":"Polygon","coordinates":[[[6.669,6.501],[6.523,6.488],[6.413,6.396],[6.282,6.357],[6.213,6.279],[6.168,6.331],[6.127,6.356],[6.113,6.349],[6.077,6.279],[6.112,6.241],[6.12,6.158],[6.193,6.056],[6.257,6.017],[6.201,5.897],[6.121,5.84],[6.094,5.794],[5.982,5.748],[5.925,5.748],[5.906,5.77],[5.894,5.799],[5.921,5.877],[5.833,5.941],[5.812,5.984],[5.795,5.98],[5.669,6.052],[5.657,6.033],[5.605,6.023],[5.546,5.985],[5.497,6.042],[5.456,6.022],[5.442,6.041],[5.426,6.006],[5.4,6.022],[5.334,6.021],[5.327,5.983],[5.359,5.97],[5.275,5.909],[5.248,5.987],[5.27,6.054],[5.233,6.066],[5.223,6.149],[5.184,6.147],[5.169,6.164],[5.146,6.142],[5.127,6.164],[4.984,5.898],[5.049,5.789],[5.085,5.769],[5.082,5.737],[5.131,5.638],[5.193,5.58],[5.165,5.538],[5.224,5.462],[5.325,5.406],[5.356,5.18],[5.39,5.134],[5.436,5.141],[5.47,5.123],[5.471,5.093],[5.503,5.092],[5.533,5.063],[5.585,5.055],[5.662,5.013],[5.667,5.028],[5.71,5.024],[5.736,5.057],[5.779,5.058],[5.791,5.086],[5.868,5.068],[5.881,5.11],[5.915,5.108],[5.933,5.165],[5.961,5.157],[6.005,5.104],[6.055,5.097],[6.086,5.151],[6.13,5.129],[6.166,5.161],[6.191,5.159],[6.194,5.217],[6.213,5.239],[6.29,5.234],[6.285,5.279],[6.334,5.318],[6.409,5.305],[6.45,5.328],[6.494,5.326],[6.503,5.339],[6.477,5.404],[6.483,5.421],[6.525,5.439],[6.538,5.476],[6.531,5.532],[6.585,5.562],[6.618,5.632],[6.613,5.702],[6.655,5.772],[6.661,5.857],[6.704,5.927],[6.725,6.012],[6.709,6.078],[6.755,6.121],[6.769,6.168],[6.731,6.239],[6.669,6.501]]]}},{"type":"Feature","properties":{"name":"Ebonyi","pays":"Nigeria","iso3":"NGA"},"geometry":{"type":"Polygon","coordinates":[[[7.89,5.685],[7.921,5.76],[7.97,5.768],[7.934,5.822],[8.005,5.9],[7.982,5.927],[7.986,5.982],[8.055,5.998],[8.052,5.954],[8.104,5.961],[8.114,5.938],[8.215,6.012],[8.245,6.018],[8.274,5.999],[8.315,6.118],[8.317,6.172],[8.33,6.19],[8.368,6.198],[8.417,6.26],[8.392,6.307],[8.399,6.354],[8.407,6.375],[8.445,6.386],[8.457,6.428],[8.432,6.433],[8.439,6.447],[8.423,6.478],[8.409,6.478],[8.416,6.519],[8.391,6.523],[8.391,6.55],[8.371,6.548],[8.374,6.564],[8.34,6.575],[8.314,6.607],[8.322,6.634],[8.279,6.698],[8.286,6.71],[8.252,6.736],[8.266,6.742],[8.234,6.799],[8.22,6.779],[8.164,6.765],[8.128,6.712],[8.051,6.709],[8.022,6.724],[8.001,6.713],[7.982,6.664],[7.987,6.613],[7.965,6.591],[7.972,6.571],[7.949,6.532],[7.89,6.551],[7.856,6.581],[7.832,6.638],[7.808,6.634],[7.789,6.585],[7.737,6.634],[7.699,6.631],[7.731,6.56],[7.751,6.386],[7.708,6.298],[7.739,6.17],[7.726,6.115],[7.714,6.084],[7.668,6.061],[7.676,6.011],[7.715,5.946],[7.705,5.929],[7.664,5.93],[7.573,5.969],[7.547,5.995],[7.54,5.907],[7.498,5.908],[7.5,5.892],[7.526,5.88],[7.535,5.837],[7.567,5.844],[7.786,5.805],[7.804,5.745],[7.89,5.685]]]}},{"type":"Feature","properties":{"name":"Edo","pays":"Nigeria","iso3":"NGA"},"geometry":{"type":"Polygon","coordinates":[[[6.665,6.532],[6.66,6.609],[6.618,6.705],[6.632,6.769],[6.611,6.822],[6.673,6.936],[6.677,7.034],[6.716,7.121],[6.693,7.217],[6.638,7.295],[6.608,7.278],[6.511,7.267],[6.497,7.333],[6.467,7.365],[6.436,7.36],[6.427,7.415],[6.378,7.398],[6.357,7.411],[6.293,7.499],[6.227,7.471],[6.183,7.429],[6.159,7.448],[6.112,7.449],[6.108,7.491],[6.167,7.545],[6.134,7.552],[6.119,7.591],[6.049,7.58],[6.013,7.533],[5.954,7.515],[5.948,7.487],[5.987,7.448],[5.968,7.415],[5.987,7.355],[5.956,7.338],[5.979,7.316],[5.907,7.275],[5.903,7.217],[5.884,7.2],[5.894,7.183],[5.843,7.118],[5.855,7.096],[5.816,7.072],[5.793,7.022],[5.786,6.968],[5.8,6.921],[5.767,6.792],[5.703,6.736],[5.667,6.728],[5.629,6.746],[5.577,6.704],[5.544,6.813],[5.571,6.845],[5.555,6.883],[5.255,6.883],[5.202,6.78],[5.151,6.746],[5.118,6.684],[5.114,6.621],[5.164,6.554],[5.153,6.498],[5.103,6.442],[5.104,6.402],[5.029,6.364],[5.035,6.328],[5.013,6.302],[5.073,6.24],[5.089,6.201],[5.122,6.206],[5.143,6.143],[5.161,6.143],[5.169,6.164],[5.184,6.147],[5.223,6.149],[5.233,6.066],[5.27,6.054],[5.248,5.987],[5.275,5.909],[5.359,5.97],[5.327,5.983],[5.334,6.021],[5.4,6.022],[5.426,6.006],[5.442,6.041],[5.456,6.022],[5.497,6.042],[5.546,5.985],[5.605,6.023],[5.657,6.033],[5.669,6.052],[5.795,5.98],[5.812,5.984],[5.833,5.941],[5.921,5.877],[5.894,5.799],[5.906,5.77],[5.925,5.748],[5.982,5.748],[6.094,5.794],[6.121,5.84],[6.201,5.897],[6.257,6.017],[6.193,6.056],[6.12,6.158],[6.112,6.241],[6.077,6.279],[6.113,6.349],[6.127,6.356],[6.168,6.331],[6.213,6.279],[6.29,6.362],[6.413,6.396],[6.523,6.488],[6.609,6.5],[6.646,6.489],[6.669,6.501],[6.665,6.532]]]}},{"type":"Feature","properties":{"name":"Ekiti","pays":"Nigeria","iso3":"NGA"},"geometry":{"type":"Polygon","coordinates":[[[5.006,7.414],[5.065,7.46],[5.217,7.434],[5.315,7.443],[5.347,7.381],[5.358,7.296],[5.388,7.283],[5.526,7.341],[5.599,7.45],[5.608,7.557],[5.628,7.596],[5.62,7.624],[5.649,7.637],[5.681,7.624],[5.699,7.683],[5.768,7.737],[5.792,7.782],[5.729,7.828],[5.643,7.829],[5.623,7.843],[5.599,7.958],[5.645,7.963],[5.668,8.002],[5.64,8.054],[5.656,8.075],[5.577,8.071],[5.509,8.018],[5.514,8.111],[5.371,8.096],[5.361,8.039],[5.332,8.01],[5.196,8.018],[5.142,8.062],[5.118,8.063],[5.084,8.024],[5.058,8.039],[5.016,7.955],[4.942,7.9],[4.911,7.85],[4.914,7.783],[4.864,7.623],[4.902,7.576],[4.952,7.448],[5.006,7.414]]]}},{"type":"Feature","properties":{"name":"Enugu","pays":"Nigeria","iso3":"NGA"},"geometry":{"type":"Polygon","coordinates":[[[7.547,5.995],[7.573,5.969],[7.664,5.93],[7.705,5.929],[7.715,5.946],[7.676,6.011],[7.668,6.061],[7.714,6.084],[7.726,6.115],[7.739,6.17],[7.708,6.298],[7.751,6.386],[7.731,6.56],[7.699,6.631],[7.737,6.634],[7.768,6.594],[7.792,6.588],[7.855,6.743],[7.903,6.781],[7.886,6.794],[7.897,6.864],[7.883,6.858],[7.827,6.892],[7.675,6.856],[7.62,6.919],[7.571,6.94],[7.526,7.058],[7.466,7.112],[7.43,7.118],[7.386,7.109],[7.367,7.04],[7.328,7.024],[7.33,7],[7.241,6.971],[7.235,6.911],[7.156,6.883],[7.081,6.8],[7.042,6.783],[6.991,6.785],[6.987,6.844],[6.963,6.844],[6.932,6.768],[6.932,6.699],[6.991,6.713],[7.051,6.683],[7.058,6.697],[7.133,6.652],[7.109,6.593],[7.055,6.545],[7.05,6.474],[7.036,6.474],[7.027,6.444],[7.089,6.43],[7.128,6.387],[7.162,6.305],[7.143,6.289],[7.151,6.233],[7.2,6.235],[7.224,6.191],[7.22,6.123],[7.255,6.105],[7.269,6.061],[7.397,6.034],[7.416,6.006],[7.511,6.021],[7.547,5.995]]]}},{"type":"Feature","properties":{"name":"Federal Capital Territory","pays":"Nigeria","iso3":"NGA"},"geometry":{"type":"Polygon","coordinates":[[[6.984,8.459],[7.117,8.466],[7.356,8.512],[7.496,8.654],[7.592,8.835],[7.589,9.129],[7.668,9.304],[7.73,9.332],[7.672,9.411],[7.59,9.432],[7.51,9.361],[7.418,9.367],[7.388,9.35],[7.219,9.102],[7.044,9.232],[6.8,9.225],[6.779,8.454],[6.984,8.459]]]}},{"type":"Feature","properties":{"name":"Gombe","pays":"Nigeria","iso3":"NGA"},"geometry":{"type":"Polygon","coordinates":[[[11.843,10.045],[11.74,10.164],[11.601,10.208],[11.565,10.287],[11.533,10.305],[11.635,10.395],[11.65,10.529],[11.64,10.609],[11.517,10.57],[11.517,10.732],[11.539,10.851],[11.53,10.935],[11.471,11.022],[11.365,11.127],[11.304,11.249],[11.238,11.243],[11.079,11.312],[11.013,11.299],[11.023,11.285],[11,11.236],[10.904,11.146],[10.867,11.089],[10.837,11.078],[10.794,11.114],[10.762,11.117],[10.67,11.019],[10.641,11.014],[10.61,10.984],[10.603,10.962],[10.643,10.861],[10.618,10.858],[10.594,10.889],[10.576,10.886],[10.551,10.793],[10.479,10.688],[10.542,10.629],[10.559,10.561],[10.589,10.528],[10.617,10.508],[10.766,10.478],[10.835,10.402],[10.826,10.294],[10.857,10.236],[10.82,10.181],[10.815,10.129],[10.797,10.11],[10.701,10.112],[10.685,10.081],[10.812,9.979],[10.928,9.91],[10.961,9.766],[10.952,9.684],[10.992,9.559],[11.161,9.551],[11.227,9.569],[11.278,9.547],[11.42,9.546],[11.474,9.601],[11.599,9.61],[11.655,9.637],[11.773,9.706],[11.857,9.793],[11.836,9.858],[11.855,9.927],[11.843,10.045]]]}},{"type":"Feature","properties":{"name":"Imo","pays":"Nigeria","iso3":"NGA"},"geometry":{"type":"Polygon","coordinates":[[[7.261,5.939],[7.173,5.907],[7.101,5.933],[6.978,5.902],[6.916,5.824],[6.887,5.83],[6.884,5.744],[6.802,5.779],[6.67,5.696],[6.639,5.493],[6.737,5.494],[6.75,5.437],[6.777,5.429],[6.762,5.412],[6.756,5.323],[6.827,5.252],[6.925,5.226],[7.04,5.25],[7.094,5.225],[7.121,5.246],[7.157,5.235],[7.166,5.212],[7.225,5.195],[7.264,5.216],[7.323,5.408],[7.404,5.529],[7.432,5.609],[7.41,5.674],[7.382,5.706],[7.4,5.71],[7.386,5.861],[7.396,5.908],[7.269,5.92],[7.261,5.939]]]}},{"type":"Feature","properties":{"name":"Jigawa","pays":"Nigeria","iso3":"NGA"},"geometry":{"type":"Polygon","coordinates":[[[10.594,12.52],[10.597,12.715],[10.574,12.754],[10.575,12.812],[10.517,12.828],[10.461,12.822],[10.367,12.862],[10.252,12.844],[10.249,12.857],[10.276,12.869],[10.282,12.95],[10.255,13.012],[10.205,13.021],[10.151,12.988],[10.107,12.994],[9.953,12.949],[9.893,12.852],[9.82,12.818],[9.654,12.804],[9.429,12.822],[9.312,12.811],[9.045,12.837],[9.045,12.816],[8.97,12.81],[8.957,12.756],[8.914,12.705],[8.856,12.682],[8.818,12.692],[8.797,12.676],[8.776,12.688],[8.739,12.676],[8.702,12.703],[8.694,12.691],[8.651,12.73],[8.612,12.733],[8.591,12.812],[8.557,12.83],[8.489,12.836],[8.434,12.816],[8.33,12.844],[8.187,12.839],[8.162,12.819],[8.175,12.766],[8.142,12.67],[8.206,12.639],[8.286,12.64],[8.29,12.6],[8.311,12.579],[8.317,12.504],[8.382,12.44],[8.39,12.479],[8.467,12.588],[8.648,12.595],[8.714,12.573],[8.712,12.548],[8.682,12.517],[8.685,12.476],[8.817,12.405],[8.74,12.316],[8.721,12.217],[8.74,12.219],[8.807,12.313],[8.836,12.315],[8.852,12.277],[8.871,12.308],[8.908,12.317],[8.89,12.273],[8.955,12.196],[8.968,12.159],[8.941,12.114],[8.947,12.07],[8.979,12.09],[9.007,12.075],[9.059,12.085],[9.097,12.023],[9.136,12.017],[9.165,12.103],[9.213,12.119],[9.22,12.012],[9.254,11.996],[9.219,11.96],[9.239,11.9],[9.145,11.807],[9.147,11.746],[9.249,11.746],[9.236,11.702],[9.217,11.7],[9.234,11.657],[9.276,11.663],[9.272,11.603],[9.365,11.569],[9.324,11.512],[9.228,11.477],[9.194,11.351],[9.239,11.369],[9.313,11.369],[9.447,11.308],[9.542,11.34],[9.572,11.322],[9.582,11.26],[9.629,11.252],[9.823,11.283],[9.869,11.18],[9.893,11.159],[9.854,11.109],[9.866,10.999],[9.966,10.96],[10.079,10.989],[10.103,10.982],[10.12,10.954],[10.173,10.942],[10.195,10.964],[10.142,11.014],[10.169,11.067],[10.199,11.101],[10.26,11.094],[10.307,11.131],[10.328,11.129],[10.365,11.179],[10.366,11.206],[10.176,11.224],[10.049,11.263],[9.991,11.252],[9.879,11.365],[9.878,11.454],[9.84,11.476],[9.821,11.455],[9.789,11.462],[9.778,11.53],[9.825,11.593],[9.821,11.688],[9.803,11.701],[9.811,11.721],[9.776,11.738],[9.674,11.726],[9.64,11.736],[9.627,11.76],[9.644,11.79],[9.674,11.787],[9.689,11.873],[9.724,11.857],[9.83,11.89],[9.875,11.947],[9.965,11.963],[10.154,12.04],[10.164,12.073],[10.145,12.149],[10.168,12.249],[10.201,12.3],[10.196,12.34],[10.278,12.444],[10.344,12.468],[10.417,12.472],[10.451,12.424],[10.492,12.439],[10.527,12.481],[10.594,12.52]]]}},{"type":"Feature","properties":{"name":"Kaduna","pays":"Nigeria","iso3":"NGA"},"geometry":{"type":"Polygon","coordinates":[[[8.779,10.563],[8.736,10.549],[8.689,10.566],[8.647,10.641],[8.613,10.649],[8.562,10.628],[8.516,10.654],[8.508,10.695],[8.519,10.705],[8.588,10.718],[8.567,10.877],[8.598,10.993],[8.597,11.061],[8.543,11.093],[8.517,11.151],[8.483,11.164],[8.434,11.22],[8.415,11.23],[8.329,11.212],[8.266,11.278],[8.274,11.308],[8.215,11.311],[8.142,11.371],[8.133,11.401],[8.17,11.487],[8.138,11.516],[7.946,11.459],[7.863,11.381],[7.765,11.375],[7.747,11.317],[7.647,11.283],[7.627,11.284],[7.55,11.354],[7.507,11.356],[7.478,11.409],[7.424,11.402],[7.393,11.379],[7.356,11.267],[7.282,11.285],[7.201,11.258],[7.235,11.186],[7.158,11.138],[7.073,11.215],[7.004,11.247],[6.968,11.245],[7.022,11.315],[7.011,11.36],[6.962,11.358],[6.919,11.383],[6.889,11.381],[6.848,11.325],[6.754,11.263],[6.733,11.202],[6.734,11.148],[6.676,11.057],[6.607,11.047],[6.576,11.023],[6.472,11.021],[6.458,10.999],[6.392,11.034],[6.357,11.019],[6.323,11.026],[6.277,10.966],[6.234,10.945],[6.206,10.863],[6.182,10.872],[6.123,10.845],[6.131,10.824],[6.108,10.813],[6.099,10.771],[6.113,10.74],[6.091,10.7],[6.136,10.678],[6.112,10.605],[6.129,10.581],[6.121,10.553],[6.093,10.546],[6.087,10.515],[6.105,10.457],[6.132,10.464],[6.149,10.45],[6.168,10.384],[6.201,10.387],[6.25,10.422],[6.263,10.457],[6.37,10.532],[6.397,10.573],[6.439,10.593],[6.494,10.614],[6.524,10.595],[6.525,10.564],[6.549,10.545],[6.647,10.593],[6.726,10.589],[6.714,10.634],[6.729,10.649],[6.817,10.638],[6.842,10.573],[6.84,10.532],[6.869,10.555],[6.913,10.538],[6.954,10.482],[6.926,10.37],[7.02,10.354],[7.051,10.317],[7.008,10.242],[6.982,10.244],[6.954,10.192],[6.942,10.181],[6.915,10.189],[6.885,10.151],[6.882,10.117],[6.901,10.076],[6.952,10.048],[7.065,10.043],[7.105,10.027],[7.189,10.027],[7.232,10.043],[7.278,10.016],[7.301,9.863],[7.291,9.8],[7.274,9.783],[7.224,9.788],[7.205,9.758],[7.28,9.725],[7.283,9.684],[7.344,9.623],[7.294,9.594],[7.285,9.554],[7.227,9.495],[7.211,9.501],[7.222,9.448],[7.275,9.441],[7.29,9.425],[7.256,9.376],[7.261,9.356],[7.36,9.367],[7.388,9.35],[7.476,9.371],[7.51,9.361],[7.59,9.432],[7.672,9.411],[7.73,9.332],[7.741,9.349],[7.827,9.31],[7.855,9.32],[7.904,9.392],[7.938,9.403],[7.999,9.354],[8.001,9.306],[8.115,9.224],[8.099,9.163],[8.108,9.053],[8.16,9.067],[8.238,9.14],[8.251,9.191],[8.294,9.205],[8.388,9.176],[8.447,9.113],[8.509,9.001],[8.554,9.02],[8.567,9.061],[8.611,9.106],[8.626,9.192],[8.657,9.226],[8.636,9.248],[8.679,9.275],[8.698,9.321],[8.695,9.378],[8.642,9.401],[8.602,9.477],[8.57,9.499],[8.554,9.652],[8.562,9.67],[8.588,9.667],[8.594,9.731],[8.637,9.766],[8.618,9.883],[8.636,9.924],[8.611,9.963],[8.673,9.987],[8.68,10.005],[8.629,10.113],[8.646,10.197],[8.71,10.261],[8.783,10.292],[8.796,10.353],[8.773,10.395],[8.824,10.383],[8.797,10.417],[8.74,10.429],[8.729,10.451],[8.77,10.476],[8.779,10.563]]]}},{"type":"Feature","properties":{"name":"Kano","pays":"Nigeria","iso3":"NGA"},"geometry":{"type":"Polygon","coordinates":[[[9.194,11.351],[9.228,11.477],[9.324,11.512],[9.365,11.569],[9.272,11.603],[9.276,11.663],[9.234,11.657],[9.217,11.7],[9.236,11.702],[9.249,11.746],[9.147,11.746],[9.145,11.807],[9.239,11.9],[9.219,11.96],[9.254,11.996],[9.22,12.012],[9.213,12.119],[9.165,12.103],[9.136,12.017],[9.097,12.023],[9.059,12.085],[9.007,12.075],[8.979,12.09],[8.947,12.07],[8.941,12.114],[8.968,12.159],[8.955,12.196],[8.89,12.273],[8.908,12.317],[8.871,12.308],[8.852,12.277],[8.836,12.315],[8.807,12.313],[8.74,12.219],[8.721,12.217],[8.74,12.316],[8.817,12.405],[8.685,12.476],[8.682,12.517],[8.712,12.548],[8.714,12.573],[8.648,12.595],[8.467,12.588],[8.39,12.479],[8.382,12.44],[8.317,12.504],[8.305,12.588],[8.29,12.6],[8.273,12.583],[8.233,12.586],[8.209,12.565],[8.189,12.49],[8.134,12.412],[8.071,12.405],[7.882,12.325],[7.849,12.183],[7.863,12.117],[7.833,11.97],[7.881,11.725],[7.912,11.661],[7.771,11.615],[7.729,11.587],[7.689,11.517],[7.699,11.439],[7.751,11.378],[7.852,11.379],[7.946,11.459],[8.053,11.481],[8.121,11.515],[8.159,11.508],[8.17,11.48],[8.133,11.401],[8.136,11.377],[8.215,11.311],[8.274,11.308],[8.266,11.278],[8.329,11.212],[8.415,11.23],[8.434,11.22],[8.483,11.164],[8.517,11.151],[8.543,11.093],[8.597,11.061],[8.598,10.993],[8.567,10.877],[8.588,10.718],[8.527,10.711],[8.508,10.695],[8.525,10.641],[8.562,10.628],[8.613,10.649],[8.647,10.641],[8.689,10.566],[8.736,10.549],[8.8,10.581],[8.855,10.707],[8.769,10.829],[8.765,10.865],[8.79,10.948],[8.778,11.011],[8.796,11.068],[8.821,11.099],[8.875,11.089],[8.896,11.102],[9.033,11.256],[9.194,11.351]]]}},{"type":"Feature","properties":{"name":"Katsina","pays":"Nigeria","iso3":"NGA"},"geometry":{"type":"Polygon","coordinates":[[[9.045,12.837],[8.967,12.833],[8.662,12.931],[8.633,12.978],[8.544,13.053],[8.482,13.07],[8.418,13.054],[8.255,13.202],[8.094,13.302],[7.848,13.33],[7.802,13.332],[7.421,13.097],[7.37,13.091],[7.228,13.124],[7.129,13.027],[7.048,12.999],[7.023,12.832],[7.054,12.516],[7.068,12.411],[7.153,12.184],[7.142,12.137],[7.091,12.064],[7.144,12.015],[7.209,11.985],[7.242,11.933],[7.2,11.906],[7.144,11.911],[7.114,11.84],[7.055,11.801],[7.016,11.818],[6.909,11.801],[6.89,11.779],[6.889,11.726],[6.852,11.621],[6.857,11.589],[6.904,11.553],[6.889,11.381],[6.919,11.383],[6.962,11.358],[7.006,11.362],[7.024,11.337],[6.968,11.245],[7.004,11.247],[7.073,11.215],[7.158,11.138],[7.235,11.186],[7.201,11.258],[7.282,11.285],[7.356,11.267],[7.393,11.379],[7.432,11.405],[7.478,11.409],[7.507,11.356],[7.55,11.354],[7.627,11.284],[7.747,11.317],[7.765,11.375],[7.737,11.387],[7.699,11.439],[7.689,11.517],[7.746,11.6],[7.912,11.661],[7.881,11.725],[7.833,11.97],[7.863,12.117],[7.849,12.183],[7.876,12.312],[7.992,12.375],[8.134,12.412],[8.189,12.49],[8.215,12.575],[8.273,12.583],[8.292,12.605],[8.286,12.64],[8.206,12.639],[8.142,12.67],[8.175,12.766],[8.171,12.833],[8.33,12.844],[8.434,12.816],[8.489,12.836],[8.557,12.83],[8.591,12.812],[8.612,12.733],[8.651,12.73],[8.694,12.691],[8.702,12.703],[8.752,12.674],[8.83,12.693],[8.856,12.682],[8.914,12.705],[8.957,12.756],[8.97,12.81],[9.045,12.816],[9.045,12.837]]]}},{"type":"Feature","properties":{"name":"Kebbi","pays":"Nigeria","iso3":"NGA"},"geometry":{"type":"Polygon","coordinates":[[[4.943,11.733],[4.894,11.711],[4.875,11.729],[4.84,11.711],[4.796,11.725],[4.754,11.675],[4.69,11.657],[4.645,11.672],[4.621,11.657],[4.581,11.661],[4.497,11.582],[4.349,11.727],[4.386,11.75],[4.413,11.717],[4.437,11.714],[4.492,11.745],[4.545,11.804],[4.535,11.863],[4.557,11.898],[4.578,12.055],[4.534,12.185],[4.552,12.293],[4.6,12.342],[4.622,12.429],[4.75,12.368],[4.761,12.449],[4.816,12.497],[4.844,12.552],[4.758,12.652],[4.75,12.682],[4.751,12.702],[4.816,12.774],[4.789,12.843],[4.723,12.879],[4.701,12.925],[4.638,12.985],[4.702,13.071],[4.706,13.084],[4.686,13.068],[4.703,13.167],[4.67,13.166],[4.619,13.092],[4.57,13.105],[4.527,13.14],[4.365,13.174],[4.346,13.214],[4.288,13.23],[4.232,13.27],[4.184,13.252],[4.129,13.263],[4.13,13.154],[4.097,12.997],[3.94,12.762],[3.644,12.521],[3.656,12.285],[3.63,12.112],[3.669,11.98],[3.617,11.917],[3.622,11.851],[3.665,11.806],[3.667,11.785],[3.634,11.734],[3.514,11.663],[3.525,11.427],[3.497,11.291],[3.58,11.22],[3.654,11.111],[3.752,11.128],[3.994,11.018],[4.214,11.031],[4.256,10.986],[4.288,10.98],[4.288,10.929],[4.429,10.884],[4.54,10.92],[4.587,10.906],[4.627,10.915],[4.645,10.94],[4.716,10.916],[4.742,10.873],[4.689,10.642],[4.607,10.576],[4.51,10.535],[4.486,10.47],[4.483,10.329],[4.542,10.287],[4.569,10.246],[4.527,10.114],[4.579,10.132],[4.668,10.113],[4.7,10.12],[4.713,10.162],[4.669,10.226],[4.705,10.253],[4.713,10.311],[4.855,10.294],[4.84,10.372],[4.853,10.46],[4.819,10.507],[4.824,10.595],[4.796,10.629],[4.815,10.705],[4.942,10.689],[5.009,10.721],[5.02,10.746],[5.05,10.738],[5.101,10.76],[5.109,10.796],[5.047,10.825],[5.029,10.859],[5.025,10.89],[5.082,10.927],[5.041,11.052],[4.996,11.054],[4.98,11.081],[4.909,11.082],[4.84,11.114],[4.789,11.119],[4.71,11.18],[4.699,11.222],[4.747,11.258],[4.741,11.301],[4.891,11.371],[4.934,11.354],[4.959,11.369],[4.991,11.287],[5.009,11.279],[5.005,11.258],[5.058,11.27],[5.058,11.205],[5.1,11.279],[5.1,11.346],[5.134,11.353],[5.203,11.331],[5.217,11.299],[5.209,11.265],[5.153,11.225],[5.113,11.234],[5.159,11.206],[5.241,11.261],[5.244,11.316],[5.293,11.339],[5.337,11.335],[5.358,11.227],[5.374,11.192],[5.417,11.156],[5.387,11.11],[5.384,11.06],[5.429,11.041],[5.458,10.953],[5.657,10.967],[5.796,11.044],[5.921,11.07],[5.974,11.136],[6.009,11.141],[6.023,11.198],[6.054,11.24],[6.129,11.254],[6.155,11.309],[6.131,11.375],[6.009,11.48],[5.936,11.491],[5.824,11.482],[5.817,11.536],[5.844,11.603],[5.839,11.634],[5.766,11.694],[5.745,11.681],[5.73,11.694],[5.672,11.66],[5.56,11.686],[5.542,11.666],[5.462,11.666],[5.443,11.703],[5.353,11.704],[5.298,11.787],[5.222,11.754],[5.173,11.783],[5.171,11.741],[5.139,11.722],[4.992,11.741],[4.943,11.733]]]}},{"type":"Feature","properties":{"name":"Kogi","pays":"Nigeria","iso3":"NGA"},"geometry":{"type":"Polygon","coordinates":[[[6.932,6.768],[6.963,6.844],[6.987,6.844],[6.991,6.785],[7.055,6.786],[7.156,6.883],[7.235,6.911],[7.241,6.971],[7.33,7],[7.328,7.024],[7.367,7.04],[7.386,7.109],[7.466,7.112],[7.526,7.058],[7.531,7.032],[7.583,7.06],[7.585,7.107],[7.623,7.163],[7.692,7.199],[7.767,7.202],[7.79,7.217],[7.819,7.287],[7.775,7.301],[7.798,7.359],[7.794,7.415],[7.836,7.465],[7.836,7.485],[7.818,7.497],[7.779,7.483],[7.74,7.538],[7.753,7.744],[7.664,7.906],[7.697,7.936],[7.665,7.94],[7.677,8.017],[7.505,8.047],[7.306,8.026],[7.053,7.932],[6.995,7.925],[6.964,7.879],[6.953,7.918],[6.978,7.986],[6.971,8.03],[7.003,8.167],[6.935,8.31],[6.984,8.459],[6.828,8.453],[6.825,8.404],[6.837,8.391],[6.807,8.343],[6.772,8.335],[6.767,8.309],[6.751,8.305],[6.761,8.273],[6.72,8.275],[6.713,8.202],[6.691,8.183],[6.684,8.213],[6.608,8.314],[6.453,8.448],[6.406,8.612],[6.359,8.685],[6.268,8.739],[6.209,8.732],[6.17,8.663],[6.125,8.556],[6.111,8.431],[6.078,8.398],[5.783,8.428],[5.643,8.463],[5.524,8.537],[5.496,8.529],[5.397,8.438],[5.322,8.341],[5.353,8.31],[5.357,8.275],[5.397,8.292],[5.418,8.284],[5.422,8.228],[5.466,8.202],[5.537,8.198],[5.533,8.147],[5.498,8.115],[5.514,8.111],[5.506,8.019],[5.577,8.071],[5.66,8.07],[5.64,8.054],[5.668,8.002],[5.645,7.963],[5.599,7.958],[5.623,7.843],[5.643,7.829],[5.729,7.828],[5.792,7.782],[5.773,7.747],[5.816,7.728],[5.929,7.747],[5.921,7.716],[5.938,7.649],[6.008,7.582],[6.004,7.529],[6.043,7.577],[6.119,7.591],[6.134,7.552],[6.164,7.55],[6.151,7.519],[6.108,7.491],[6.112,7.449],[6.159,7.448],[6.183,7.429],[6.227,7.471],[6.293,7.499],[6.357,7.411],[6.378,7.398],[6.427,7.415],[6.436,7.36],[6.467,7.365],[6.497,7.333],[6.511,7.267],[6.608,7.278],[6.638,7.295],[6.693,7.217],[6.716,7.121],[6.677,7.034],[6.673,6.936],[6.611,6.822],[6.632,6.769],[6.618,6.705],[6.66,6.609],[6.665,6.532],[6.808,6.58],[6.806,6.703],[6.912,6.801],[6.932,6.768]]]}},{"type":"Feature","properties":{"name":"Kwara","pays":"Nigeria","iso3":"NGA"},"geometry":{"type":"Polygon","coordinates":[[[5.498,8.111],[5.533,8.147],[5.537,8.198],[5.466,8.202],[5.422,8.228],[5.418,8.284],[5.397,8.292],[5.357,8.275],[5.353,8.31],[5.322,8.341],[5.397,8.438],[5.496,8.529],[5.524,8.537],[5.643,8.463],[5.783,8.428],[6.078,8.398],[6.111,8.431],[6.125,8.556],[6.209,8.732],[6.15,8.721],[6.132,8.752],[6.084,8.761],[5.796,8.742],[5.728,8.82],[5.642,8.835],[5.525,8.94],[5.209,9.035],[5.159,9.107],[5.016,9.205],[4.972,9.201],[4.828,9.134],[4.785,9.135],[4.752,9.18],[4.755,9.248],[4.738,9.269],[4.639,9.308],[4.61,9.362],[4.501,9.44],[4.351,9.588],[4.282,9.694],[4.171,9.82],[4.153,9.862],[4.119,9.856],[4.115,9.882],[4.095,9.878],[4.083,9.852],[4.022,9.857],[4.002,9.907],[3.985,9.893],[3.98,9.907],[3.936,9.916],[3.971,9.949],[3.935,9.967],[3.953,9.978],[3.949,9.991],[3.921,10],[3.887,9.988],[3.89,10.016],[3.903,10.019],[3.864,10.05],[3.833,10.047],[3.818,10.067],[3.785,10.062],[3.788,10.034],[3.775,10.033],[3.743,10.084],[3.731,10.068],[3.715,10.089],[3.703,10.153],[3.676,10.179],[3.665,10.11],[3.617,10.08],[3.607,9.97],[3.552,9.88],[3.513,9.857],[3.468,9.864],[3.418,9.85],[3.332,9.803],[3.324,9.76],[3.348,9.686],[3.317,9.66],[3.268,9.658],[3.191,9.511],[3.146,9.48],[3.132,9.437],[3.158,9.286],[3.121,9.239],[3.124,9.192],[3.088,9.103],[3,9.073],[2.955,9.091],[2.912,9.089],[2.878,9.064],[2.78,9.065],[2.773,9.008],[2.788,8.97],[2.759,8.906],[2.773,8.893],[2.758,8.858],[2.762,8.806],[2.73,8.774],[2.747,8.737],[2.738,8.651],[2.758,8.561],[2.802,8.61],[2.921,8.612],[3.014,8.71],[3.104,8.75],[3.164,8.809],[3.237,8.783],[3.388,8.842],[3.525,8.929],[3.72,9.013],[3.771,9.147],[3.863,9.188],[3.921,9.173],[3.991,9.048],[4.012,9.035],[4.21,8.97],[4.253,8.967],[4.316,8.998],[4.335,8.981],[4.321,8.942],[4.221,8.861],[4.186,8.806],[4.183,8.765],[4.383,8.299],[4.477,8.218],[4.495,8.117],[4.533,8.072],[4.569,8.055],[4.629,8.075],[4.637,8.054],[4.666,8.043],[4.766,8.068],[4.819,8.054],[4.857,8.073],[4.854,8.096],[4.927,8.08],[4.967,8.047],[4.97,8.017],[5.04,8.072],[5.076,8.025],[5.104,8.033],[5.118,8.063],[5.142,8.062],[5.196,8.018],[5.318,8.008],[5.361,8.039],[5.371,8.096],[5.498,8.111]]]}},{"type":"Feature","properties":{"name":"Lagos","pays":"Nigeria","iso3":"NGA"},"geometry":{"type":"Polygon","coordinates":[[[2.703,6.452],[2.704,6.373],[3.073,6.399],[3.406,6.39],[3.419,6.419],[3.835,6.438],[4.351,6.371],[4.351,6.428],[4.337,6.44],[4.245,6.434],[4.217,6.463],[4.161,6.475],[4.156,6.499],[4.222,6.538],[4.229,6.558],[4.212,6.582],[4.162,6.592],[4.109,6.548],[4.065,6.562],[4.05,6.619],[4.095,6.652],[4.091,6.679],[3.459,6.687],[3.465,6.669],[3.442,6.67],[3.458,6.639],[3.387,6.639],[3.343,6.674],[3.262,6.698],[3.24,6.616],[3.197,6.576],[3.204,6.529],[3.175,6.507],[2.912,6.514],[2.887,6.511],[2.893,6.48],[2.842,6.444],[2.799,6.46],[2.703,6.452]],[[3.406,6.464],[3.394,6.468],[3.416,6.531],[3.41,6.558],[3.438,6.557],[3.47,6.595],[3.481,6.591],[3.468,6.551],[3.495,6.531],[3.563,6.531],[3.59,6.559],[3.643,6.55],[3.629,6.518],[3.589,6.526],[3.57,6.513],[3.559,6.477],[3.406,6.464]]]}},{"type":"Feature","properties":{"name":"Nasarawa","pays":"Nigeria","iso3":"NGA"},"geometry":{"type":"Polygon","coordinates":[[[9.179,7.908],[9.336,7.986],[9.415,8.062],[9.387,8.149],[9.412,8.177],[9.323,8.253],[9.363,8.341],[9.39,8.349],[9.483,8.306],[9.61,8.291],[9.621,8.389],[9.572,8.429],[9.509,8.426],[9.346,8.492],[9.264,8.46],[9.175,8.467],[9.132,8.429],[9.097,8.441],[9.101,8.474],[9.07,8.488],[9.049,8.52],[9.019,8.51],[8.982,8.527],[8.983,8.597],[8.951,8.621],[8.94,8.667],[8.914,8.686],[8.892,8.74],[8.907,8.776],[8.945,8.8],[8.959,8.85],[9.011,8.854],[9.072,8.945],[9.057,9.024],[8.951,9.015],[8.798,9.032],[8.799,9.071],[8.76,9.105],[8.765,9.165],[8.668,9.19],[8.657,9.226],[8.626,9.192],[8.611,9.106],[8.533,9.004],[8.504,9.001],[8.447,9.113],[8.381,9.182],[8.294,9.205],[8.251,9.191],[8.238,9.14],[8.16,9.067],[8.108,9.053],[8.099,9.163],[8.115,9.224],[8.001,9.306],[7.999,9.354],[7.938,9.403],[7.904,9.392],[7.855,9.32],[7.834,9.311],[7.741,9.349],[7.668,9.304],[7.589,9.129],[7.592,8.835],[7.496,8.654],[7.443,8.593],[7.356,8.512],[7.117,8.466],[6.984,8.459],[6.935,8.31],[7.003,8.167],[6.971,8.03],[6.978,7.986],[6.953,7.918],[6.964,7.879],[6.995,7.925],[7.053,7.932],[7.254,8.015],[7.505,8.047],[7.918,7.976],[8.092,7.905],[8.144,7.904],[8.102,7.867],[8.183,7.853],[8.403,7.766],[8.412,7.776],[8.393,7.82],[8.405,7.861],[8.365,7.92],[8.363,8.017],[8.391,8.078],[8.504,8.158],[8.588,8.156],[8.622,8.12],[8.697,8.096],[8.911,8.056],[9.025,8.063],[9.057,8.078],[9.131,7.931],[9.179,7.908]]]}},{"type":"Feature","properties":{"name":"Niger","pays":"Nigeria","iso3":"NGA"},"geometry":{"type":"Polygon","coordinates":[[[7.388,9.35],[7.321,9.367],[7.27,9.349],[7.256,9.376],[7.29,9.425],[7.275,9.441],[7.222,9.448],[7.213,9.485],[7.211,9.501],[7.227,9.495],[7.285,9.554],[7.294,9.594],[7.344,9.623],[7.283,9.684],[7.28,9.725],[7.205,9.758],[7.224,9.788],[7.274,9.783],[7.291,9.8],[7.301,9.863],[7.278,10.016],[7.232,10.043],[7.189,10.027],[7.105,10.027],[7.065,10.043],[6.952,10.048],[6.901,10.076],[6.882,10.117],[6.885,10.151],[6.915,10.189],[6.942,10.181],[6.97,10.233],[7.008,10.242],[7.051,10.317],[7.02,10.354],[6.926,10.37],[6.954,10.482],[6.919,10.531],[6.869,10.555],[6.844,10.528],[6.829,10.625],[6.803,10.643],[6.729,10.649],[6.714,10.634],[6.726,10.589],[6.647,10.593],[6.549,10.545],[6.525,10.564],[6.524,10.595],[6.494,10.614],[6.397,10.573],[6.37,10.532],[6.263,10.457],[6.25,10.422],[6.201,10.387],[6.168,10.384],[6.149,10.45],[6.132,10.464],[6.105,10.457],[6.087,10.515],[6.093,10.546],[6.127,10.569],[6.112,10.605],[6.137,10.67],[6.091,10.7],[6.113,10.74],[6.099,10.771],[6.108,10.813],[6.131,10.824],[6.123,10.845],[6.164,10.873],[6.16,10.926],[6.115,11.001],[6.053,11.043],[6.016,11.138],[5.985,11.144],[5.911,11.065],[5.796,11.044],[5.657,10.967],[5.458,10.953],[5.429,11.041],[5.384,11.06],[5.387,11.11],[5.417,11.156],[5.374,11.192],[5.358,11.227],[5.337,11.335],[5.293,11.339],[5.244,11.316],[5.241,11.261],[5.159,11.206],[5.113,11.234],[5.153,11.225],[5.209,11.265],[5.217,11.299],[5.203,11.331],[5.134,11.353],[5.1,11.346],[5.1,11.279],[5.058,11.205],[5.058,11.27],[5.005,11.258],[5.009,11.279],[4.991,11.287],[4.959,11.369],[4.934,11.354],[4.891,11.371],[4.741,11.301],[4.747,11.258],[4.699,11.222],[4.71,11.18],[4.789,11.119],[4.84,11.114],[4.909,11.082],[4.98,11.081],[4.996,11.054],[5.041,11.052],[5.082,10.927],[5.025,10.89],[5.029,10.859],[5.047,10.825],[5.109,10.796],[5.101,10.76],[5.05,10.738],[5.02,10.746],[5.009,10.721],[4.942,10.689],[4.862,10.707],[4.81,10.698],[4.796,10.629],[4.824,10.595],[4.819,10.507],[4.853,10.46],[4.84,10.372],[4.855,10.294],[4.713,10.311],[4.705,10.253],[4.669,10.226],[4.713,10.162],[4.711,10.132],[4.668,10.113],[4.579,10.132],[4.527,10.114],[4.569,10.246],[4.542,10.287],[4.483,10.329],[4.479,10.421],[4.51,10.535],[4.607,10.576],[4.689,10.642],[4.742,10.873],[4.716,10.916],[4.645,10.94],[4.627,10.915],[4.587,10.906],[4.54,10.92],[4.429,10.884],[4.288,10.929],[4.288,10.98],[4.256,10.986],[4.214,11.031],[3.994,11.018],[3.891,11.054],[3.794,11.113],[3.722,11.128],[3.717,11.028],[3.759,10.997],[3.771,10.925],[3.751,10.819],[3.791,10.74],[3.843,10.699],[3.852,10.594],[3.818,10.537],[3.787,10.406],[3.692,10.458],[3.649,10.437],[3.585,10.281],[3.614,10.22],[3.703,10.153],[3.731,10.068],[3.735,10.088],[3.784,10.031],[3.785,10.062],[3.818,10.067],[3.833,10.047],[3.864,10.05],[3.903,10.019],[3.89,10.016],[3.887,9.988],[3.921,10],[3.949,9.991],[3.953,9.978],[3.935,9.967],[3.971,9.949],[3.936,9.916],[3.98,9.907],[3.985,9.893],[4.002,9.907],[4.022,9.857],[4.083,9.852],[4.095,9.878],[4.115,9.882],[4.119,9.856],[4.153,9.862],[4.171,9.82],[4.282,9.694],[4.351,9.588],[4.501,9.44],[4.61,9.362],[4.639,9.308],[4.738,9.269],[4.755,9.248],[4.752,9.18],[4.785,9.135],[4.828,9.134],[4.972,9.201],[5.016,9.205],[5.159,9.107],[5.209,9.035],[5.525,8.94],[5.642,8.835],[5.728,8.82],[5.796,8.742],[6.084,8.761],[6.132,8.752],[6.15,8.721],[6.247,8.739],[6.303,8.728],[6.359,8.685],[6.398,8.629],[6.453,8.448],[6.608,8.314],[6.684,8.213],[6.691,8.183],[6.713,8.202],[6.72,8.275],[6.761,8.273],[6.751,8.305],[6.767,8.309],[6.772,8.335],[6.807,8.343],[6.838,8.397],[6.825,8.404],[6.828,8.453],[6.779,8.454],[6.8,9.225],[7.044,9.232],[7.219,9.102],[7.388,9.35]]]}},{"type":"Feature","properties":{"name":"Ogun","pays":"Nigeria","iso3":"NGA"},"geometry":{"type":"Polygon","coordinates":[[[4.351,6.371],[4.46,6.343],[4.497,6.359],[4.567,6.303],[4.595,6.333],[4.598,6.366],[4.576,6.381],[4.473,6.393],[4.48,6.409],[4.539,6.415],[4.564,6.499],[4.605,6.492],[4.575,6.579],[4.582,6.633],[4.567,6.637],[4.538,6.601],[4.497,6.505],[4.458,6.603],[4.387,6.63],[4.376,6.663],[4.418,6.76],[4.548,6.841],[4.564,6.996],[4.61,7.031],[4.522,7.025],[4.489,6.992],[4.438,7.005],[4.39,6.981],[4.374,6.999],[4.369,7.059],[4.298,7.091],[4.198,7.049],[4.169,7.174],[4.085,7.132],[3.998,7.126],[3.939,7.084],[3.731,7.081],[3.727,7.097],[3.794,7.139],[3.764,7.23],[3.762,7.301],[3.714,7.305],[3.72,7.388],[3.705,7.392],[3.707,7.447],[3.541,7.44],[3.474,7.389],[3.483,7.417],[3.446,7.494],[3.393,7.456],[3.386,7.401],[3.324,7.315],[3.296,7.318],[3.249,7.367],[3.162,7.375],[3.115,7.408],[3.075,7.451],[3.064,7.52],[2.98,7.587],[2.973,7.616],[2.998,7.652],[2.99,7.679],[3.012,7.701],[3.026,7.792],[2.983,7.858],[2.95,7.776],[2.912,7.753],[2.911,7.796],[2.879,7.823],[2.891,7.9],[2.918,7.926],[2.839,7.931],[2.8,7.953],[2.777,7.945],[2.757,7.9],[2.693,7.868],[2.738,7.779],[2.729,7.576],[2.749,7.536],[2.784,7.514],[2.796,7.469],[2.792,7.423],[2.742,7.422],[2.747,7.258],[2.772,7.189],[2.737,7.121],[2.76,7.089],[2.75,7.067],[2.772,7.046],[2.724,7.01],[2.712,6.953],[2.74,6.918],[2.742,6.846],[2.724,6.782],[2.787,6.75],[2.78,6.695],[2.728,6.624],[2.743,6.563],[2.7,6.508],[2.714,6.48],[2.703,6.452],[2.799,6.46],[2.842,6.444],[2.893,6.48],[2.887,6.511],[2.912,6.514],[3.175,6.507],[3.204,6.529],[3.197,6.576],[3.24,6.616],[3.262,6.698],[3.343,6.674],[3.387,6.639],[3.458,6.639],[3.442,6.67],[3.465,6.669],[3.459,6.687],[4.091,6.679],[4.095,6.652],[4.05,6.619],[4.065,6.562],[4.109,6.548],[4.162,6.592],[4.212,6.582],[4.229,6.558],[4.222,6.538],[4.156,6.499],[4.161,6.475],[4.217,6.463],[4.245,6.434],[4.337,6.44],[4.351,6.428],[4.351,6.371]]]}},{"type":"Feature","properties":{"name":"Ondo","pays":"Nigeria","iso3":"NGA"},"geometry":{"type":"Polygon","coordinates":[[[5.135,6.17],[5.122,6.206],[5.089,6.201],[5.073,6.24],[5.013,6.302],[5.035,6.328],[5.029,6.364],[5.104,6.402],[5.103,6.442],[5.153,6.498],[5.164,6.554],[5.114,6.621],[5.118,6.684],[5.151,6.746],[5.202,6.78],[5.255,6.883],[5.555,6.883],[5.571,6.845],[5.544,6.813],[5.577,6.704],[5.629,6.746],[5.667,6.728],[5.703,6.736],[5.771,6.797],[5.771,6.847],[5.8,6.921],[5.786,6.968],[5.793,7.022],[5.816,7.072],[5.855,7.096],[5.843,7.118],[5.894,7.183],[5.884,7.2],[5.904,7.221],[5.897,7.258],[5.924,7.296],[5.979,7.316],[5.956,7.338],[5.987,7.355],[5.968,7.415],[5.987,7.448],[5.948,7.487],[5.954,7.515],[6.004,7.529],[6.008,7.582],[5.938,7.649],[5.921,7.716],[5.929,7.747],[5.816,7.728],[5.773,7.747],[5.699,7.683],[5.681,7.624],[5.649,7.637],[5.623,7.628],[5.599,7.45],[5.526,7.341],[5.45,7.319],[5.454,7.301],[5.388,7.283],[5.358,7.296],[5.347,7.381],[5.315,7.443],[5.217,7.434],[5.065,7.46],[5.018,7.431],[4.99,7.378],[4.861,7.378],[4.778,7.357],[4.765,7.323],[4.747,7.321],[4.747,7.223],[4.709,7.165],[4.672,7.166],[4.673,7.14],[4.614,7.08],[4.61,7.031],[4.564,6.996],[4.548,6.841],[4.426,6.768],[4.39,6.716],[4.377,6.645],[4.458,6.603],[4.497,6.505],[4.538,6.601],[4.567,6.637],[4.582,6.633],[4.575,6.579],[4.605,6.492],[4.564,6.499],[4.539,6.415],[4.48,6.409],[4.473,6.393],[4.576,6.381],[4.598,6.366],[4.595,6.333],[4.567,6.303],[4.497,6.359],[4.46,6.343],[4.761,6.119],[4.958,5.943],[4.984,5.898],[5.135,6.17]]]}},{"type":"Feature","properties":{"name":"Osun","pays":"Nigeria","iso3":"NGA"},"geometry":{"type":"Polygon","coordinates":[[[5.058,8.039],[5.04,8.072],[4.97,8.017],[4.967,8.047],[4.927,8.08],[4.854,8.096],[4.857,8.073],[4.819,8.054],[4.766,8.068],[4.666,8.043],[4.622,8.076],[4.561,8.054],[4.556,7.98],[4.482,7.942],[4.429,7.937],[4.435,7.885],[4.392,7.892],[4.366,7.859],[4.328,7.935],[4.265,7.97],[4.241,7.959],[4.23,7.928],[4.191,7.91],[4.217,7.871],[4.091,7.85],[4.061,7.754],[4.078,7.71],[4.025,7.665],[4.097,7.595],[4.13,7.6],[4.108,7.567],[4.128,7.553],[4.126,7.532],[4.159,7.53],[4.166,7.506],[4.135,7.406],[4.13,7.277],[4.081,7.201],[4.072,7.163],[4.085,7.151],[4.073,7.136],[4.169,7.174],[4.198,7.049],[4.298,7.091],[4.369,7.059],[4.374,6.999],[4.39,6.981],[4.438,7.005],[4.489,6.992],[4.522,7.025],[4.61,7.031],[4.627,7.104],[4.673,7.14],[4.672,7.166],[4.709,7.165],[4.747,7.223],[4.747,7.321],[4.765,7.323],[4.778,7.357],[4.861,7.378],[4.943,7.37],[5.006,7.392],[5.006,7.414],[4.952,7.448],[4.902,7.576],[4.864,7.623],[4.914,7.783],[4.911,7.85],[4.942,7.9],[5.016,7.955],[5.058,8.039]]]}},{"type":"Feature","properties":{"name":"Oyo","pays":"Nigeria","iso3":"NGA"},"geometry":{"type":"Polygon","coordinates":[[[2.758,8.561],[2.757,8.482],[2.734,8.436],[2.709,8.426],[2.714,8.39],[2.696,8.345],[2.715,8.26],[2.753,8.211],[2.749,8.166],[2.732,8.137],[2.694,7.927],[2.669,7.887],[2.684,7.868],[2.726,7.881],[2.768,7.912],[2.777,7.945],[2.8,7.953],[2.839,7.931],[2.918,7.926],[2.891,7.9],[2.879,7.823],[2.911,7.796],[2.915,7.751],[2.95,7.776],[2.99,7.855],[3.026,7.792],[3.026,7.759],[2.973,7.61],[3.007,7.556],[3.064,7.52],[3.082,7.439],[3.155,7.378],[3.249,7.367],[3.296,7.318],[3.319,7.314],[3.386,7.401],[3.393,7.456],[3.446,7.494],[3.483,7.417],[3.474,7.389],[3.541,7.44],[3.707,7.447],[3.705,7.392],[3.72,7.388],[3.714,7.305],[3.762,7.301],[3.764,7.23],[3.794,7.139],[3.727,7.097],[3.731,7.081],[3.939,7.084],[3.998,7.126],[4.088,7.133],[4.071,7.139],[4.085,7.151],[4.072,7.163],[4.094,7.228],[4.125,7.258],[4.135,7.406],[4.166,7.506],[4.159,7.53],[4.126,7.532],[4.128,7.553],[4.108,7.567],[4.13,7.6],[4.097,7.595],[4.025,7.665],[4.078,7.71],[4.061,7.754],[4.076,7.825],[4.091,7.85],[4.217,7.871],[4.191,7.91],[4.23,7.928],[4.241,7.959],[4.265,7.97],[4.328,7.935],[4.366,7.859],[4.392,7.892],[4.435,7.885],[4.429,7.937],[4.482,7.942],[4.556,7.98],[4.569,8.055],[4.506,8.092],[4.477,8.218],[4.383,8.299],[4.183,8.765],[4.186,8.806],[4.221,8.861],[4.335,8.958],[4.326,8.995],[4.29,8.992],[4.253,8.967],[4.21,8.97],[4.012,9.035],[3.991,9.048],[3.921,9.173],[3.826,9.182],[3.754,9.121],[3.743,9.047],[3.72,9.013],[3.525,8.929],[3.388,8.842],[3.237,8.783],[3.164,8.809],[3.104,8.75],[3.014,8.71],[2.921,8.612],[2.802,8.61],[2.758,8.561]]]}},{"type":"Feature","properties":{"name":"Plateau","pays":"Nigeria","iso3":"NGA"},"geometry":{"type":"Polygon","coordinates":[[[8.824,10.383],[8.773,10.395],[8.796,10.353],[8.783,10.292],[8.71,10.261],[8.646,10.197],[8.629,10.113],[8.68,10.005],[8.673,9.987],[8.611,9.963],[8.636,9.924],[8.618,9.883],[8.637,9.766],[8.594,9.731],[8.588,9.667],[8.555,9.664],[8.567,9.622],[8.555,9.55],[8.57,9.499],[8.602,9.477],[8.642,9.401],[8.695,9.378],[8.684,9.283],[8.643,9.26],[8.638,9.241],[8.66,9.224],[8.668,9.19],[8.765,9.165],[8.76,9.105],[8.799,9.071],[8.798,9.032],[9.063,9.018],[9.072,8.945],[9.046,8.923],[9.024,8.866],[8.959,8.85],[8.945,8.8],[8.907,8.776],[8.892,8.74],[8.914,8.686],[8.94,8.667],[8.951,8.621],[8.983,8.597],[8.982,8.527],[9.019,8.51],[9.049,8.52],[9.07,8.488],[9.101,8.474],[9.097,8.441],[9.132,8.429],[9.175,8.467],[9.264,8.46],[9.346,8.492],[9.509,8.426],[9.572,8.429],[9.621,8.389],[9.757,8.367],[9.869,8.431],[9.95,8.499],[10.224,8.785],[10.407,8.935],[10.464,8.963],[10.597,8.976],[10.64,9.073],[10.623,9.094],[10.636,9.127],[10.614,9.149],[10.614,9.183],[10.58,9.246],[10.58,9.327],[10.56,9.351],[10.579,9.439],[10.489,9.553],[10.373,9.603],[10.256,9.688],[10.15,9.682],[10.13,9.722],[10.095,9.744],[9.966,9.774],[9.935,9.722],[9.954,9.611],[9.854,9.607],[9.817,9.593],[9.778,9.551],[9.687,9.521],[9.551,9.505],[9.509,9.54],[9.491,9.528],[9.483,9.476],[9.464,9.475],[9.404,9.508],[9.389,9.552],[9.32,9.582],[9.32,9.618],[9.285,9.636],[9.294,9.673],[9.271,9.717],[9.24,9.682],[9.15,9.748],[9.254,9.809],[9.287,9.88],[9.287,9.928],[9.247,10.032],[9.202,10.048],[8.992,10.009],[8.957,10.023],[8.978,10.18],[8.93,10.215],[8.955,10.309],[8.936,10.349],[8.87,10.358],[8.824,10.383]]]}},{"type":"Feature","properties":{"name":"Rivers","pays":"Nigeria","iso3":"NGA"},"geometry":{"type":"Polygon","coordinates":[[[7.264,5.216],[7.242,5.196],[7.21,5.197],[7.166,5.212],[7.157,5.235],[7.116,5.246],[7.094,5.225],[7.04,5.25],[6.925,5.226],[6.804,5.269],[6.756,5.323],[6.762,5.412],[6.777,5.429],[6.75,5.437],[6.737,5.494],[6.639,5.493],[6.671,5.704],[6.618,5.717],[6.606,5.67],[6.621,5.643],[6.592,5.574],[6.531,5.532],[6.535,5.459],[6.477,5.404],[6.485,5.379],[6.57,5.372],[6.563,5.32],[6.531,5.285],[6.567,5.237],[6.549,5.213],[6.559,5.198],[6.477,5.173],[6.478,5.137],[6.412,5.005],[6.441,4.943],[6.398,4.864],[6.402,4.827],[6.461,4.713],[6.553,4.759],[6.568,4.737],[6.598,4.73],[6.561,4.652],[6.603,4.562],[6.599,4.534],[6.547,4.428],[6.561,4.376],[6.602,4.335],[6.639,4.317],[6.723,4.358],[6.784,4.348],[6.876,4.359],[6.858,4.396],[6.994,4.375],[7.027,4.402],[7.015,4.425],[7.071,4.442],[7.072,4.456],[7.108,4.448],[7.115,4.462],[7.17,4.451],[7.132,4.403],[7.135,4.382],[7.198,4.379],[7.327,4.419],[7.325,4.447],[7.414,4.429],[7.597,4.465],[7.587,4.495],[7.524,4.551],[7.545,4.58],[7.52,4.631],[7.518,4.677],[7.547,4.726],[7.487,4.828],[7.416,4.867],[7.32,4.88],[7.205,4.859],[7.14,4.901],[7.169,4.945],[7.195,4.953],[7.185,4.982],[7.235,4.981],[7.241,4.994],[7.256,5.077],[7.279,5.117],[7.265,5.152],[7.283,5.185],[7.264,5.216]]]}},{"type":"Feature","properties":{"name":"Sokoto","pays":"Nigeria","iso3":"NGA"},"geometry":{"type":"Polygon","coordinates":[[[4.943,11.733],[4.928,11.741],[4.919,11.788],[4.948,11.897],[4.95,12.246],[4.982,12.301],[5.118,12.279],[5.215,12.308],[5.27,12.282],[5.438,12.253],[5.613,12.274],[5.653,12.292],[5.726,12.271],[5.742,12.332],[5.759,12.343],[5.765,12.424],[5.753,12.506],[5.686,12.709],[5.705,12.802],[5.813,12.84],[5.923,12.771],[6.021,12.737],[6.046,12.754],[6.008,12.885],[6.04,12.931],[6.02,13.009],[6.152,13.075],[6.254,13.032],[6.27,13.156],[6.355,13.154],[6.528,13.085],[6.623,13.067],[6.683,13.084],[6.793,13.161],[6.683,13.347],[6.442,13.597],[6.295,13.677],[6.219,13.674],[6.147,13.643],[6.044,13.697],[5.749,13.795],[5.536,13.891],[5.489,13.894],[5.352,13.848],[5.289,13.77],[5.24,13.748],[5.092,13.756],[4.988,13.741],[4.904,13.752],[4.871,13.782],[4.465,13.703],[4.204,13.477],[4.129,13.473],[4.129,13.263],[4.184,13.252],[4.232,13.27],[4.288,13.23],[4.346,13.214],[4.365,13.174],[4.527,13.14],[4.57,13.105],[4.619,13.092],[4.67,13.166],[4.703,13.167],[4.686,13.068],[4.706,13.084],[4.702,13.071],[4.638,12.985],[4.701,12.925],[4.723,12.879],[4.789,12.843],[4.813,12.756],[4.759,12.713],[4.75,12.682],[4.758,12.652],[4.844,12.56],[4.825,12.509],[4.761,12.449],[4.748,12.366],[4.665,12.419],[4.622,12.429],[4.6,12.342],[4.552,12.293],[4.534,12.185],[4.578,12.055],[4.557,11.898],[4.535,11.863],[4.545,11.804],[4.492,11.745],[4.437,11.714],[4.413,11.717],[4.386,11.75],[4.349,11.727],[4.497,11.582],[4.581,11.661],[4.621,11.657],[4.645,11.672],[4.69,11.657],[4.754,11.675],[4.796,11.725],[4.84,11.711],[4.875,11.729],[4.894,11.711],[4.943,11.733]]]}},{"type":"Feature","properties":{"name":"Taraba","pays":"Nigeria","iso3":"NGA"},"geometry":{"type":"Polygon","coordinates":[[[11.43,9.55],[11.278,9.547],[11.222,9.569],[11.161,9.551],[11.02,9.549],[10.985,9.565],[10.975,9.593],[10.861,9.618],[10.77,9.605],[10.684,9.542],[10.581,9.56],[10.516,9.511],[10.577,9.446],[10.56,9.351],[10.58,9.327],[10.58,9.246],[10.614,9.183],[10.614,9.149],[10.636,9.127],[10.623,9.094],[10.637,9.056],[10.597,8.976],[10.464,8.963],[10.407,8.935],[10.224,8.785],[10.052,8.592],[9.869,8.431],[9.757,8.367],[9.621,8.389],[9.61,8.291],[9.483,8.306],[9.39,8.349],[9.363,8.341],[9.323,8.253],[9.412,8.177],[9.387,8.149],[9.415,8.062],[9.336,7.986],[9.179,7.908],[9.182,7.892],[9.124,7.827],[9.12,7.793],[9.396,7.845],[9.459,7.88],[9.57,7.899],[9.764,7.766],[9.912,7.638],[9.905,7.572],[9.925,7.51],[9.907,7.497],[9.868,7.341],[9.825,7.255],[9.835,7.199],[9.82,7.109],[9.766,7.066],[9.732,7.067],[9.646,6.895],[9.646,6.739],[9.599,6.531],[9.707,6.512],[9.757,6.652],[9.755,6.704],[9.785,6.795],[9.884,6.773],[10.155,7.041],[10.179,7.017],[10.176,6.94],[10.214,6.891],[10.434,6.914],[10.497,6.902],[10.545,6.945],[10.576,7.16],[10.6,7.145],[10.602,7.074],[10.622,7.057],[10.677,7.045],[10.686,7.019],[10.768,6.954],[10.785,6.967],[10.84,6.937],[10.817,6.863],[10.824,6.83],[10.883,6.791],[10.898,6.76],[10.914,6.766],[10.918,6.708],[10.948,6.685],[11.002,6.685],[11.039,6.718],[11.088,6.703],[11.106,6.681],[11.102,6.54],[11.131,6.539],[11.163,6.563],[11.247,6.521],[11.284,6.537],[11.353,6.502],[11.364,6.528],[11.428,6.532],[11.434,6.599],[11.522,6.609],[11.555,6.664],[11.557,6.715],[11.59,6.742],[11.577,6.778],[11.599,6.801],[11.559,6.867],[11.58,6.904],[11.614,6.914],[11.632,6.983],[11.664,6.99],[11.716,7.033],[11.718,7.058],[11.819,7.058],[11.849,7.085],[11.817,7.149],[11.803,7.248],[11.814,7.313],[11.854,7.379],[11.772,7.488],[11.772,7.665],[11.748,7.744],[11.688,7.796],[11.636,7.876],[11.578,7.906],[11.545,7.897],[11.514,7.816],[11.49,7.8],[11.342,8.019],[11.38,8.083],[11.523,8.215],[11.651,8.426],[11.786,8.522],[11.796,8.546],[11.784,8.63],[11.861,8.804],[11.9,8.857],[11.899,8.926],[11.856,9.003],[11.792,9.02],[11.707,9.074],[11.695,9.107],[11.7,9.21],[11.648,9.305],[11.596,9.379],[11.557,9.381],[11.526,9.408],[11.43,9.55]]]}},{"type":"Feature","properties":{"name":"Yobe","pays":"Nigeria","iso3":"NGA"},"geometry":{"type":"Polygon","coordinates":[[[11.007,11.296],[11.079,11.312],[11.238,11.243],[11.304,11.249],[11.365,11.127],[11.513,10.969],[11.539,10.851],[11.517,10.732],[11.517,10.57],[11.686,10.62],[11.768,10.68],[11.751,10.722],[11.721,10.745],[11.74,10.792],[11.719,10.84],[11.681,10.87],[11.686,10.887],[11.937,10.967],[12.029,11.062],[12.107,11.052],[12.146,11.07],[12.102,11.246],[12.187,11.302],[12.245,11.414],[12.316,11.453],[12.374,11.55],[12.3,11.609],[12.301,11.645],[12.275,11.694],[12.224,11.633],[12.178,11.658],[12.252,11.816],[12.25,12.005],[12.303,12.219],[12.304,12.314],[12.261,12.423],[12.389,12.508],[12.434,12.581],[12.431,12.603],[12.479,12.633],[12.494,12.687],[12.446,12.787],[12.378,12.877],[12.405,12.986],[12.394,13.077],[12.363,13.09],[12.336,13.073],[12.306,13.096],[12.278,13.081],[12.265,13.11],[12.203,13.123],[12.178,13.125],[12.178,13.098],[12.085,13.108],[11.879,13.249],[11.679,13.293],[11.475,13.368],[10.704,13.365],[10.466,13.282],[10.201,13.266],[10.064,13.204],[10,13.168],[9.909,13.067],[9.854,13.035],[9.8,12.948],[9.658,12.809],[9.764,12.809],[9.874,12.837],[9.953,12.949],[10.107,12.994],[10.151,12.988],[10.205,13.021],[10.255,13.012],[10.282,12.95],[10.276,12.869],[10.249,12.857],[10.252,12.844],[10.367,12.862],[10.461,12.822],[10.517,12.828],[10.575,12.812],[10.574,12.754],[10.597,12.715],[10.59,12.522],[10.751,12.461],[10.775,12.236],[10.801,12.165],[10.813,12.019],[10.8,11.953],[10.829,11.893],[10.819,11.86],[10.901,11.819],[10.917,11.757],[10.936,11.475],[10.914,11.394],[10.85,11.358],[10.973,11.294],[11.007,11.296]]]}},{"type":"Feature","properties":{"name":"Zamfara","pays":"Nigeria","iso3":"NGA"},"geometry":{"type":"Polygon","coordinates":[[[6.889,11.381],[6.904,11.553],[6.857,11.589],[6.852,11.621],[6.897,11.795],[7.016,11.818],[7.055,11.801],[7.114,11.84],[7.144,11.911],[7.2,11.906],[7.242,11.933],[7.209,11.985],[7.144,12.015],[7.091,12.064],[7.142,12.137],[7.153,12.184],[7.068,12.411],[7.054,12.516],[7.023,12.832],[7.048,12.999],[6.928,12.99],[6.793,13.161],[6.683,13.084],[6.623,13.067],[6.528,13.085],[6.355,13.154],[6.27,13.156],[6.254,13.032],[6.152,13.075],[6.02,13.009],[6.04,12.931],[6.008,12.885],[6.046,12.754],[6.021,12.737],[5.923,12.771],[5.813,12.84],[5.705,12.802],[5.686,12.709],[5.753,12.506],[5.765,12.424],[5.759,12.343],[5.742,12.332],[5.726,12.271],[5.653,12.292],[5.613,12.274],[5.438,12.253],[5.27,12.282],[5.215,12.308],[5.118,12.279],[4.982,12.301],[4.956,12.271],[4.956,12.029],[4.941,11.842],[4.919,11.788],[4.928,11.741],[5.139,11.722],[5.171,11.741],[5.173,11.783],[5.222,11.754],[5.298,11.787],[5.353,11.704],[5.443,11.703],[5.462,11.666],[5.542,11.666],[5.56,11.686],[5.672,11.66],[5.73,11.694],[5.745,11.681],[5.766,11.694],[5.839,11.634],[5.844,11.603],[5.817,11.536],[5.824,11.482],[5.936,11.491],[6.009,11.48],[6.149,11.346],[6.155,11.309],[6.129,11.254],[6.054,11.24],[6.023,11.198],[6.009,11.141],[6.053,11.043],[6.115,11.001],[6.146,10.957],[6.161,10.866],[6.206,10.863],[6.234,10.945],[6.277,10.966],[6.323,11.026],[6.357,11.019],[6.392,11.034],[6.458,10.999],[6.472,11.021],[6.576,11.023],[6.607,11.047],[6.676,11.057],[6.734,11.148],[6.733,11.202],[6.754,11.263],[6.848,11.325],[6.889,11.381]]]}},{"type":"Feature","properties":{"name":"Alibori","pays":"Bénin","iso3":"BEN"},"geometry":{"type":"Polygon","coordinates":[[[2.241,10.528],[2.418,10.532],[2.418,10.565],[2.484,10.562],[2.545,10.53],[2.688,10.53],[2.702,10.564],[2.813,10.582],[2.856,10.536],[3.18,10.539],[3.497,10.612],[3.849,10.648],[3.841,10.705],[3.797,10.735],[3.749,10.826],[3.771,10.931],[3.752,11.011],[3.717,11.024],[3.726,11.124],[3.692,11.128],[3.471,11.449],[3.558,11.632],[3.605,11.697],[3.55,11.735],[3.565,11.773],[3.523,11.788],[3.521,11.815],[3.481,11.861],[3.384,11.886],[3.321,11.882],[3.259,11.99],[3.27,12.015],[3.127,12.14],[3.125,12.158],[3.072,12.184],[3.014,12.266],[2.963,12.288],[2.839,12.407],[2.826,12.404],[2.839,12.395],[2.786,12.386],[2.762,12.351],[2.734,12.363],[2.686,12.279],[2.665,12.306],[2.599,12.303],[2.58,12.278],[2.543,12.273],[2.521,12.295],[2.505,12.266],[2.474,12.273],[2.464,12.253],[2.442,12.265],[2.374,12.242],[2.391,12.228],[2.377,12.214],[2.392,12.193],[2.391,12.113],[2.466,11.98],[2.447,11.984],[2.437,11.953],[2.412,11.956],[2.392,11.93],[2.41,11.905],[2.394,11.889],[2.403,11.871],[2.379,11.854],[2.372,11.793],[2.34,11.785],[2.304,11.735],[2.306,11.674],[2.185,11.597],[2.019,11.428],[2.203,11.01],[2.336,10.949],[2.257,10.893],[2.241,10.862],[2.241,10.528]]]}},{"type":"Feature","properties":{"name":"Atakora","pays":"Bénin","iso3":"BEN"},"geometry":{"type":"Polygon","coordinates":[[[2.019,11.428],[1.956,11.42],[1.846,11.445],[1.774,11.419],[1.717,11.43],[1.7,11.408],[1.62,11.39],[1.593,11.398],[1.557,11.47],[1.532,11.447],[1.44,11.474],[1.384,11.442],[1.388,11.399],[1.32,11.363],[1.341,11.311],[1.327,11.291],[1.29,11.293],[1.259,11.321],[1.255,11.29],[1.267,11.276],[1.271,11.29],[1.276,11.264],[1.252,11.245],[1.136,11.266],[1.129,11.252],[1.156,11.224],[1.16,11.164],[1.118,11.172],[1.097,11.147],[1.06,11.146],[1.051,11.128],[1.087,11.113],[1.11,11.03],[1.07,11.059],[1.035,11.049],[1.013,11.083],[0.982,11.091],[0.912,10.996],[0.891,10.921],[0.901,10.887],[0.874,10.805],[0.802,10.718],[0.808,10.591],[0.783,10.512],[0.775,10.385],[1.057,10.179],[1.355,10],[1.505,9.973],[1.544,9.941],[1.655,9.94],[1.747,10.037],[1.975,10.039],[2.021,10.022],[2.07,10.035],[2.109,10.07],[2.236,10.095],[2.262,10.151],[2.234,10.279],[2.157,10.355],[2.157,10.418],[2.241,10.528],[2.241,10.862],[2.257,10.893],[2.336,10.949],[2.203,11.01],[2.019,11.428]]]}},{"type":"Feature","properties":{"name":"Atlantique","pays":"Bénin","iso3":"BEN"},"geometry":{"type":"MultiPolygon","coordinates":[[[[1.985,6.31],[1.981,6.311],[1.983,6.31],[1.985,6.309],[1.985,6.31]]],[[[2.078,6.329],[2.078,6.331],[2.079,6.332],[2.075,6.33],[2.07,6.331],[2.068,6.33],[2.071,6.329],[2.072,6.325],[2.078,6.329]]],[[[2.081,6.33],[2.081,6.332],[2.078,6.33],[2.081,6.33],[2.081,6.33]]],[[[2.084,6.332],[2.083,6.333],[2.081,6.332],[2.084,6.332]]],[[[2.033,6.723],[2.034,6.698],[1.998,6.673],[1.98,6.619],[1.984,6.504],[1.942,6.388],[1.978,6.308],[2.088,6.33],[1.971,6.302],[2.359,6.349],[2.365,6.396],[2.343,6.403],[2.369,6.475],[2.418,6.468],[2.428,6.523],[2.432,6.504],[2.497,6.485],[2.501,6.517],[2.435,6.549],[2.407,6.662],[2.436,6.747],[2.415,6.786],[2.436,6.825],[2.406,6.914],[2.388,6.922],[2.413,6.971],[2.397,6.976],[2.336,6.93],[2.318,6.963],[2.253,6.937],[2.084,6.932],[2.1,6.893],[2.069,6.867],[2.052,6.789],[2.033,6.776],[2.033,6.723]]],[[[2.376,6.463],[2.378,6.465],[2.376,6.466],[2.374,6.463],[2.377,6.464],[2.376,6.462],[2.377,6.462],[2.376,6.463]]],[[[2.379,6.467],[2.38,6.468],[2.378,6.468],[2.376,6.467],[2.378,6.466],[2.378,6.467],[2.379,6.467]]],[[[2.378,6.47],[2.377,6.472],[2.375,6.47],[2.378,6.47]]]]}},{"type":"Feature","properties":{"name":"Borgou","pays":"Bénin","iso3":"BEN"},"geometry":{"type":"Polygon","coordinates":[[[2.241,10.528],[2.162,10.436],[2.155,10.381],[2.157,10.355],[2.234,10.279],[2.262,10.151],[2.236,10.095],[2.109,10.07],[2.069,10.043],[2.083,10.033],[2.07,9.972],[2.094,9.928],[2.092,9.896],[2.051,9.849],[2.085,9.787],[2.077,9.759],[2.119,9.706],[2.139,9.719],[2.172,9.706],[2.157,9.692],[2.102,9.37],[1.973,9.353],[1.969,9.147],[2.072,9.074],[2.183,9.073],[2.22,9.053],[2.224,8.988],[2.187,8.951],[2.195,8.921],[2.21,8.92],[2.208,8.892],[2.239,8.889],[2.185,8.764],[2.728,8.773],[2.763,8.81],[2.757,8.864],[2.774,8.895],[2.758,8.908],[2.789,8.97],[2.772,9.007],[2.784,9.019],[2.781,9.065],[2.868,9.062],[2.896,9.084],[2.953,9.093],[3.008,9.074],[3.088,9.102],[3.124,9.192],[3.126,9.252],[3.157,9.282],[3.136,9.463],[3.195,9.515],[3.264,9.652],[3.315,9.658],[3.349,9.685],[3.324,9.761],[3.33,9.799],[3.357,9.826],[3.424,9.851],[3.53,9.862],[3.596,9.946],[3.616,10.076],[3.663,10.107],[3.679,10.17],[3.613,10.222],[3.584,10.278],[3.634,10.39],[3.632,10.417],[3.688,10.456],[3.786,10.405],[3.806,10.503],[3.848,10.589],[3.849,10.648],[3.497,10.612],[3.18,10.539],[2.856,10.536],[2.813,10.582],[2.702,10.564],[2.688,10.53],[2.545,10.53],[2.484,10.562],[2.418,10.565],[2.418,10.532],[2.241,10.528]]]}},{"type":"Feature","properties":{"name":"Collines","pays":"Bénin","iso3":"BEN"},"geometry":{"type":"Polygon","coordinates":[[[2.185,8.764],[2.224,8.646],[2.209,8.558],[2.219,8.503],[2.148,8.507],[2.123,8.478],[2.093,8.5],[1.993,8.508],[1.946,8.555],[1.912,8.551],[1.802,8.626],[1.63,8.594],[1.631,8.519],[1.65,8.478],[1.63,8.45],[1.62,8.374],[1.633,8.319],[1.631,7.661],[1.739,7.642],[1.915,7.649],[1.959,7.623],[1.987,7.58],[2.047,7.559],[2.134,7.561],[2.129,7.59],[2.11,7.589],[2.046,7.672],[2.043,7.696],[2.067,7.831],[2.116,7.898],[2.119,7.945],[2.149,7.938],[2.211,7.83],[2.248,7.846],[2.297,7.897],[2.374,7.914],[2.395,7.821],[2.453,7.776],[2.46,7.726],[2.487,7.686],[2.729,7.69],[2.725,7.808],[2.668,7.89],[2.696,7.931],[2.754,8.211],[2.715,8.261],[2.696,8.324],[2.714,8.387],[2.707,8.42],[2.741,8.445],[2.762,8.505],[2.738,8.655],[2.744,8.744],[2.728,8.773],[2.185,8.764]]]}},{"type":"Feature","properties":{"name":"Couffo","pays":"Bénin","iso3":"BEN"},"geometry":{"type":"Polygon","coordinates":[[[2.084,6.932],[2.03,6.914],[1.99,6.924],[1.967,6.998],[1.859,7.121],[1.853,7.196],[1.832,7.199],[1.796,7.276],[1.747,7.31],[1.713,7.435],[1.676,7.495],[1.648,7.492],[1.635,7.379],[1.642,6.995],[1.558,6.997],[1.578,6.923],[1.605,6.906],[1.595,6.864],[1.6,6.83],[1.615,6.825],[1.597,6.806],[1.626,6.76],[1.592,6.713],[1.742,6.722],[1.778,6.754],[1.84,6.771],[1.902,6.767],[1.92,6.781],[2.033,6.723],[2.033,6.776],[2.052,6.789],[2.069,6.867],[2.1,6.893],[2.084,6.932]]]}},{"type":"Feature","properties":{"name":"Donga","pays":"Bénin","iso3":"BEN"},"geometry":{"type":"Polygon","coordinates":[[[1.355,10],[1.369,9.662],[1.342,9.546],[1.361,9.486],[1.39,9.497],[1.403,9.355],[1.421,9.307],[1.559,9.17],[1.618,9.071],[1.63,8.999],[1.63,8.594],[1.802,8.626],[1.912,8.551],[1.946,8.555],[1.993,8.508],[2.093,8.5],[2.123,8.478],[2.148,8.507],[2.219,8.503],[2.209,8.558],[2.224,8.646],[2.185,8.764],[2.239,8.889],[2.208,8.892],[2.21,8.92],[2.195,8.921],[2.187,8.951],[2.224,8.988],[2.22,9.053],[2.183,9.073],[2.072,9.074],[1.969,9.147],[1.973,9.353],[2.102,9.37],[2.157,9.692],[2.171,9.698],[2.139,9.719],[2.119,9.706],[2.099,9.72],[2.077,9.759],[2.085,9.787],[2.072,9.827],[2.051,9.849],[2.092,9.896],[2.094,9.928],[2.07,9.972],[2.083,10.033],[2.021,10.022],[1.975,10.039],[1.747,10.037],[1.655,9.94],[1.544,9.941],[1.505,9.973],[1.355,10]]]}},{"type":"Feature","properties":{"name":"Littoral","pays":"Bénin","iso3":"BEN"},"geometry":{"type":"MultiPolygon","coordinates":[[[[2.359,6.349],[2.445,6.351],[2.435,6.389],[2.4,6.4],[2.365,6.396],[2.359,6.349]]],[[[2.498,6.36],[2.443,6.379],[2.441,6.395],[2.445,6.353],[2.498,6.36]]]]}},{"type":"Feature","properties":{"name":"Mono","pays":"Bénin","iso3":"BEN"},"geometry":{"type":"MultiPolygon","coordinates":[[[[1.861,6.291],[1.861,6.291],[1.856,6.291],[1.852,6.288],[1.861,6.291]]],[[[1.87,6.29],[1.871,6.29],[1.873,6.291],[1.87,6.29]]],[[[1.887,6.291],[1.887,6.293],[1.885,6.291],[1.887,6.291]]],[[[1.894,6.296],[1.896,6.295],[1.897,6.297],[1.894,6.297],[1.894,6.296]]],[[[1.899,6.3],[1.899,6.298],[1.901,6.299],[1.9,6.301],[1.899,6.3]]],[[[1.905,6.309],[1.906,6.311],[1.902,6.311],[1.901,6.309],[1.905,6.309]]],[[[2.033,6.723],[1.92,6.781],[1.902,6.767],[1.84,6.771],[1.778,6.754],[1.742,6.722],[1.592,6.713],[1.574,6.688],[1.603,6.666],[1.61,6.606],[1.651,6.578],[1.674,6.583],[1.67,6.556],[1.696,6.553],[1.701,6.537],[1.696,6.5],[1.728,6.498],[1.751,6.464],[1.776,6.416],[1.772,6.377],[1.798,6.313],[1.789,6.303],[1.807,6.284],[1.629,6.235],[1.911,6.291],[1.844,6.283],[1.895,6.317],[1.976,6.31],[1.942,6.404],[1.984,6.504],[1.98,6.619],[1.998,6.673],[2.034,6.698],[2.033,6.723]]],[[[1.922,6.294],[1.929,6.295],[1.929,6.298],[1.927,6.298],[1.927,6.296],[1.925,6.295],[1.922,6.296],[1.922,6.295],[1.915,6.295],[1.915,6.297],[1.913,6.297],[1.914,6.294],[1.922,6.294]]],[[[1.904,6.297],[1.903,6.296],[1.905,6.296],[1.904,6.297]]],[[[1.972,6.303],[1.961,6.301],[1.957,6.302],[1.932,6.297],[1.939,6.297],[1.957,6.301],[1.958,6.299],[1.971,6.302],[1.972,6.303]]],[[[1.926,6.302],[1.923,6.302],[1.924,6.303],[1.921,6.301],[1.919,6.301],[1.921,6.3],[1.928,6.301],[1.926,6.302]]],[[[1.974,6.307],[1.964,6.307],[1.96,6.302],[1.972,6.303],[1.974,6.307]]],[[[1.949,6.305],[1.946,6.307],[1.944,6.306],[1.944,6.305],[1.941,6.306],[1.935,6.304],[1.933,6.305],[1.931,6.304],[1.934,6.303],[1.94,6.305],[1.939,6.304],[1.942,6.304],[1.949,6.305]]],[[[1.914,6.306],[1.909,6.306],[1.91,6.308],[1.908,6.306],[1.915,6.306],[1.914,6.306]]],[[[1.911,6.307],[1.916,6.307],[1.916,6.308],[1.913,6.31],[1.91,6.308],[1.911,6.307]]],[[[1.926,6.311],[1.922,6.312],[1.917,6.307],[1.919,6.307],[1.92,6.308],[1.925,6.309],[1.926,6.309],[1.925,6.308],[1.927,6.308],[1.928,6.311],[1.926,6.311]]],[[[1.913,6.313],[1.913,6.315],[1.911,6.314],[1.913,6.313]]]]}},{"type":"Feature","properties":{"name":"Ouémé","pays":"Bénin","iso3":"BEN"},"geometry":{"type":"MultiPolygon","coordinates":[[[[2.518,6.471],[2.516,6.471],[2.519,6.47],[2.518,6.471]]],[[[2.496,6.489],[2.508,6.489],[2.499,6.474],[2.524,6.47],[2.549,6.412],[2.5,6.411],[2.495,6.401],[2.511,6.397],[2.501,6.384],[2.445,6.396],[2.443,6.379],[2.498,6.36],[2.709,6.376],[2.72,6.508],[2.699,6.514],[2.692,6.561],[2.656,6.616],[2.573,6.643],[2.581,6.777],[2.553,6.874],[2.506,6.897],[2.507,6.962],[2.41,6.955],[2.388,6.922],[2.406,6.914],[2.436,6.825],[2.415,6.786],[2.436,6.747],[2.411,6.685],[2.411,6.64],[2.435,6.549],[2.501,6.517],[2.496,6.489]]]]}},{"type":"Feature","properties":{"name":"Plateau","pays":"Bénin","iso3":"BEN"},"geometry":{"type":"Polygon","coordinates":[[[2.487,7.686],[2.462,7.61],[2.466,7.558],[2.406,7.443],[2.427,7.411],[2.44,7.314],[2.502,7.253],[2.537,7.187],[2.518,7.171],[2.554,6.999],[2.508,6.961],[2.506,6.897],[2.553,6.874],[2.577,6.808],[2.573,6.643],[2.656,6.616],[2.692,6.561],[2.699,6.514],[2.72,6.508],[2.753,6.57],[2.731,6.631],[2.787,6.695],[2.786,6.755],[2.739,6.765],[2.729,6.79],[2.749,6.839],[2.752,6.912],[2.718,6.94],[2.729,6.998],[2.793,7.041],[2.745,7.093],[2.785,7.159],[2.774,7.234],[2.749,7.261],[2.747,7.366],[2.748,7.417],[2.799,7.426],[2.798,7.483],[2.749,7.528],[2.73,7.58],[2.729,7.69],[2.487,7.686]]]}},{"type":"Feature","properties":{"name":"Zou","pays":"Bénin","iso3":"BEN"},"geometry":{"type":"Polygon","coordinates":[[[2.41,6.955],[2.508,6.961],[2.554,6.999],[2.556,7.033],[2.518,7.171],[2.537,7.187],[2.502,7.253],[2.44,7.314],[2.427,7.411],[2.399,7.45],[2.254,7.53],[1.987,7.58],[1.959,7.623],[1.915,7.649],[1.739,7.642],[1.631,7.661],[1.651,7.614],[1.653,7.534],[1.713,7.435],[1.747,7.31],[1.796,7.276],[1.832,7.199],[1.853,7.196],[1.859,7.121],[1.967,6.998],[1.99,6.924],[2.03,6.914],[2.07,6.931],[2.228,6.934],[2.318,6.963],[2.336,6.93],[2.397,6.976],[2.413,6.971],[2.41,6.955]]]}},{"type":"Feature","properties":{"name":"Centrale","pays":"Togo","iso3":"TGO"},"geometry":{"type":"Polygon","coordinates":[[[0.616,7.891],[0.685,7.902],[0.701,7.963],[0.773,7.932],[0.821,7.948],[0.837,8.039],[0.868,8.022],[0.885,7.959],[0.963,7.981],[1.063,7.949],[1.142,7.962],[1.251,8.057],[1.23,8.096],[1.255,8.104],[1.264,8.186],[1.243,8.22],[1.26,8.246],[1.23,8.296],[1.229,8.378],[1.357,8.351],[1.455,8.364],[1.518,8.434],[1.65,8.478],[1.629,8.648],[1.63,8.999],[1.618,9.072],[1.559,9.17],[1.475,9.241],[1.413,9.324],[1.384,9.304],[1.36,9.252],[1.268,9.249],[1.21,9.223],[1.185,9.235],[1.16,9.217],[1.083,9.23],[1.007,9.21],[0.985,9.176],[1.002,9.063],[0.967,9.027],[0.866,9.004],[0.786,9.025],[0.774,9.054],[0.735,9.053],[0.71,9.014],[0.642,8.982],[0.632,8.947],[0.584,8.915],[0.591,8.879],[0.56,8.879],[0.533,8.847],[0.502,8.841],[0.497,8.813],[0.471,8.797],[0.452,8.809],[0.432,8.798],[0.435,8.784],[0.386,8.787],[0.396,8.76],[0.377,8.749],[0.382,8.736],[0.466,8.606],[0.645,8.491],[0.659,8.431],[0.708,8.396],[0.73,8.332],[0.725,8.283],[0.641,8.257],[0.624,8.221],[0.59,8.197],[0.603,8.161],[0.591,8.108],[0.607,8.004],[0.598,7.976],[0.616,7.891]]]}},{"type":"Feature","properties":{"name":"Kara","pays":"Togo","iso3":"TGO"},"geometry":{"type":"Polygon","coordinates":[[[1.413,9.324],[1.39,9.497],[1.361,9.487],[1.343,9.546],[1.37,9.662],[1.364,10.012],[0.997,10.215],[0.902,10.29],[0.839,10.227],[0.814,10.155],[0.754,10.182],[0.733,10.168],[0.74,10.14],[0.705,10.168],[0.676,10.141],[0.687,10.053],[0.644,9.989],[0.678,9.983],[0.656,9.932],[0.678,9.907],[0.68,9.876],[0.641,9.895],[0.585,9.881],[0.524,9.902],[0.52,9.951],[0.465,9.944],[0.426,9.958],[0.408,10.022],[0.353,10.029],[0.354,9.977],[0.383,9.937],[0.349,9.911],[0.353,9.841],[0.315,9.724],[0.338,9.712],[0.362,9.662],[0.377,9.589],[0.351,9.568],[0.238,9.571],[0.237,9.52],[0.306,9.503],[0.263,9.472],[0.224,9.471],[0.245,9.43],[0.272,9.422],[0.331,9.445],[0.354,9.491],[0.448,9.494],[0.562,9.404],[0.545,9.31],[0.505,9.261],[0.527,9.205],[0.5,9.162],[0.471,9.147],[0.476,9.109],[0.453,9.044],[0.527,8.884],[0.504,8.841],[0.539,8.851],[0.56,8.879],[0.591,8.879],[0.584,8.915],[0.632,8.947],[0.642,8.982],[0.71,9.014],[0.735,9.053],[0.774,9.054],[0.786,9.025],[0.866,9.004],[0.967,9.027],[1.002,9.063],[0.985,9.176],[1.007,9.21],[1.083,9.23],[1.16,9.217],[1.185,9.235],[1.21,9.223],[1.268,9.249],[1.36,9.252],[1.384,9.304],[1.413,9.324]]]}},{"type":"Feature","properties":{"name":"Maritime","pays":"Togo","iso3":"TGO"},"geometry":{"type":"Polygon","coordinates":[[[0.719,6.518],[0.749,6.441],[0.789,6.399],[0.843,6.387],[0.904,6.321],[0.996,6.324],[1.026,6.243],[1.058,6.22],[1.086,6.162],[1.192,6.155],[1.192,6.109],[1.808,6.286],[1.79,6.303],[1.798,6.314],[1.772,6.38],[1.781,6.427],[1.758,6.434],[1.726,6.502],[1.696,6.5],[1.696,6.553],[1.668,6.558],[1.67,6.586],[1.644,6.581],[1.612,6.611],[1.604,6.666],[1.574,6.689],[1.626,6.76],[1.597,6.806],[1.615,6.825],[1.6,6.832],[1.595,6.868],[1.605,6.906],[1.577,6.922],[1.499,6.837],[1.41,6.844],[1.351,6.819],[1.275,6.756],[1.24,6.771],[1.216,6.746],[1.133,6.805],[1.105,6.809],[1.037,6.87],[0.96,6.856],[0.961,6.812],[0.897,6.77],[0.9,6.703],[0.874,6.695],[0.824,6.558],[0.719,6.518]]]}},{"type":"Feature","properties":{"name":"Plateaux","pays":"Togo","iso3":"TGO"},"geometry":{"type":"Polygon","coordinates":[[[0.616,7.891],[0.618,7.705],[0.59,7.707],[0.577,7.616],[0.518,7.587],[0.517,7.484],[0.502,7.464],[0.56,7.391],[0.642,7.394],[0.657,7.317],[0.632,7.2],[0.598,7.133],[0.614,7.092],[0.597,7.066],[0.599,7.028],[0.523,6.974],[0.515,6.948],[0.558,6.914],[0.53,6.826],[0.578,6.808],[0.567,6.8],[0.576,6.761],[0.646,6.741],[0.638,6.632],[0.653,6.61],[0.68,6.607],[0.691,6.578],[0.737,6.577],[0.714,6.52],[0.764,6.526],[0.824,6.558],[0.874,6.695],[0.9,6.703],[0.897,6.77],[0.961,6.812],[0.96,6.856],[1.037,6.87],[1.105,6.809],[1.133,6.805],[1.216,6.746],[1.24,6.771],[1.275,6.756],[1.351,6.819],[1.41,6.844],[1.471,6.83],[1.532,6.859],[1.557,6.902],[1.578,6.909],[1.558,6.998],[1.642,6.994],[1.636,7.417],[1.644,7.486],[1.677,7.498],[1.649,7.548],[1.651,7.613],[1.631,7.661],[1.641,8.3],[1.625,8.352],[1.65,8.478],[1.518,8.434],[1.455,8.364],[1.357,8.351],[1.229,8.378],[1.23,8.296],[1.26,8.246],[1.243,8.22],[1.264,8.186],[1.255,8.104],[1.23,8.096],[1.251,8.057],[1.142,7.962],[1.063,7.949],[0.963,7.981],[0.885,7.959],[0.868,8.022],[0.837,8.039],[0.821,7.948],[0.773,7.932],[0.701,7.963],[0.685,7.902],[0.616,7.891]]]}},{"type":"Feature","properties":{"name":"Savanes","pays":"Togo","iso3":"TGO"},"geometry":{"type":"Polygon","coordinates":[[[0.902,10.29],[0.774,10.385],[0.815,10.705],[0.874,10.806],[0.901,10.887],[0.89,10.92],[0.912,10.997],[0.639,11],[0.501,10.937],[0.51,10.978],[0.491,10.987],[0.504,11.013],[-0.132,11.138],[-0.14,11.104],[-0.07,11.088],[-0.016,11.109],[0.008,11.098],[0.024,11.054],[0.032,10.984],[-0.012,10.956],[-0.028,10.818],[-0.076,10.765],[-0.074,10.724],[-0.088,10.715],[-0.064,10.641],[0.132,10.531],[0.153,10.458],[0.193,10.397],[0.213,10.417],[0.26,10.405],[0.282,10.416],[0.299,10.392],[0.289,10.372],[0.332,10.329],[0.319,10.305],[0.392,10.305],[0.359,10.253],[0.347,10.096],[0.413,10.06],[0.408,10.019],[0.426,9.958],[0.465,9.944],[0.52,9.951],[0.524,9.902],[0.585,9.881],[0.641,9.895],[0.68,9.876],[0.678,9.907],[0.656,9.932],[0.678,9.983],[0.644,9.989],[0.687,10.053],[0.676,10.141],[0.705,10.168],[0.74,10.14],[0.733,10.168],[0.754,10.182],[0.814,10.155],[0.839,10.227],[0.902,10.29]]]}},{"type":"Feature","properties":{"name":"Kinshasa","pays":"RDC","iso3":"COD"},"geometry":{"type":"Polygon","coordinates":[[[16.483,-4.223],[16.456,-4.196],[16.469,-4.174],[16.23,-4.025],[16.076,-3.948],[16.048,-3.943],[16.01,-3.971],[15.946,-3.928],[15.919,-3.953],[15.814,-3.988],[15.677,-4.004],[15.556,-4.048],[15.504,-4.142],[15.552,-4.225],[15.51,-4.316],[15.478,-4.336],[15.432,-4.338],[15.353,-4.316],[15.349,-4.329],[15.311,-4.297],[15.278,-4.301],[15.258,-4.33],[15.199,-4.326],[15.182,-4.39],[15.129,-4.443],[15.172,-4.473],[15.175,-4.559],[15.207,-4.567],[15.246,-4.616],[15.314,-4.625],[15.334,-4.647],[15.39,-4.625],[15.408,-4.588],[15.403,-4.56],[15.422,-4.544],[15.438,-4.546],[15.477,-4.608],[15.525,-4.588],[15.551,-4.604],[15.647,-4.604],[15.667,-4.569],[15.678,-4.595],[15.733,-4.619],[15.751,-4.647],[15.72,-4.711],[15.71,-4.776],[15.684,-4.807],[15.625,-4.819],[15.614,-4.862],[15.624,-4.892],[15.744,-4.97],[15.754,-5.018],[15.831,-5.025],[15.845,-5.014],[15.866,-4.948],[15.842,-4.892],[15.866,-4.873],[15.858,-4.859],[15.888,-4.876],[15.917,-4.957],[15.965,-4.945],[16.006,-4.972],[16.039,-4.958],[16.257,-4.97],[16.269,-4.895],[16.24,-4.835],[16.262,-4.748],[16.291,-4.728],[16.395,-4.522],[16.406,-4.465],[16.42,-4.457],[16.464,-4.484],[16.499,-4.474],[16.491,-4.444],[16.532,-4.357],[16.483,-4.223]]]}},{"type":"Feature","properties":{"name":"Kongo-Central","pays":"RDC","iso3":"COD"},"geometry":{"type":"Polygon","coordinates":[[[15.131,-4.445],[15.105,-4.495],[14.913,-4.681],[14.871,-4.784],[14.835,-4.83],[14.681,-4.924],[14.615,-4.918],[14.553,-4.868],[14.485,-4.85],[14.43,-4.896],[14.408,-4.89],[14.424,-4.763],[14.408,-4.693],[14.38,-4.659],[14.395,-4.548],[14.428,-4.533],[14.433,-4.493],[14.481,-4.436],[14.446,-4.423],[14.399,-4.372],[14.419,-4.327],[14.382,-4.298],[14.314,-4.317],[14.156,-4.409],[14.017,-4.432],[13.944,-4.516],[13.872,-4.498],[13.81,-4.433],[13.748,-4.45],[13.73,-4.469],[13.73,-4.601],[13.703,-4.667],[13.732,-4.696],[13.717,-4.725],[13.681,-4.72],[13.69,-4.772],[13.643,-4.748],[13.6,-4.822],[13.558,-4.808],[13.528,-4.777],[13.503,-4.799],[13.502,-4.839],[13.416,-4.893],[13.373,-4.799],[13.285,-4.771],[13.255,-4.738],[13.265,-4.727],[13.247,-4.696],[13.183,-4.639],[13.106,-4.647],[13.093,-4.688],[13.052,-4.678],[12.914,-4.735],[12.863,-4.739],[12.817,-4.782],[12.792,-4.832],[12.8,-4.846],[12.724,-4.904],[12.716,-4.946],[12.634,-4.955],[12.629,-5.022],[12.529,-5.068],[12.475,-5.076],[12.487,-5.116],[12.522,-5.133],[12.473,-5.152],[12.508,-5.16],[12.508,-5.754],[12.206,-5.778],[12.442,-6.058],[12.626,-6.002],[12.688,-6.003],[12.744,-5.962],[12.794,-5.968],[12.849,-5.915],[12.986,-5.889],[13.004,-5.864],[12.985,-5.857],[13.083,-5.862],[13.118,-5.9],[13.225,-5.857],[13.358,-5.904],[13.369,-5.869],[13.426,-5.862],[13.43,-5.876],[13.48,-5.873],[13.531,-5.895],[13.575,-5.887],[13.619,-5.907],[13.703,-5.907],[13.738,-5.903],[13.747,-5.886],[14.008,-5.834],[14.046,-5.853],[14.141,-5.836],[14.168,-5.852],[14.192,-5.841],[14.202,-5.869],[14.231,-5.866],[14.239,-5.885],[14.284,-5.861],[14.311,-5.885],[14.446,-5.903],[14.481,-5.895],[14.61,-5.925],[14.619,-5.905],[14.68,-5.881],[14.776,-5.86],[15.071,-5.858],[15.448,-5.886],[16.141,-5.87],[16.15,-5.819],[16.199,-5.808],[16.211,-5.774],[16.201,-5.752],[16.219,-5.635],[16.203,-5.441],[16.218,-5.308],[16.256,-5.175],[16.252,-5.138],[16.231,-5.114],[16.268,-4.981],[16.039,-4.958],[16.006,-4.972],[15.965,-4.945],[15.917,-4.957],[15.888,-4.876],[15.858,-4.859],[15.866,-4.873],[15.842,-4.892],[15.866,-4.948],[15.845,-5.014],[15.831,-5.025],[15.754,-5.018],[15.744,-4.97],[15.624,-4.892],[15.614,-4.862],[15.625,-4.819],[15.684,-4.807],[15.71,-4.776],[15.72,-4.711],[15.751,-4.647],[15.733,-4.619],[15.678,-4.595],[15.667,-4.569],[15.647,-4.604],[15.551,-4.604],[15.525,-4.588],[15.477,-4.608],[15.438,-4.546],[15.422,-4.544],[15.403,-4.56],[15.408,-4.588],[15.39,-4.625],[15.334,-4.647],[15.314,-4.625],[15.246,-4.616],[15.207,-4.567],[15.175,-4.559],[15.172,-4.473],[15.131,-4.445]]]}},{"type":"Feature","properties":{"name":"Kwango","pays":"RDC","iso3":"COD"},"geometry":{"type":"Polygon","coordinates":[[[16.257,-4.97],[16.268,-4.993],[16.231,-5.114],[16.252,-5.138],[16.256,-5.175],[16.218,-5.308],[16.203,-5.441],[16.219,-5.635],[16.201,-5.752],[16.211,-5.774],[16.199,-5.808],[16.15,-5.819],[16.139,-5.859],[16.366,-5.865],[16.448,-5.896],[16.424,-5.891],[16.433,-5.871],[16.489,-5.845],[16.587,-5.875],[16.599,-5.943],[16.589,-5.974],[16.606,-5.985],[16.599,-6.059],[16.633,-6.068],[16.607,-6.086],[16.648,-6.1],[16.646,-6.127],[16.698,-6.146],[16.731,-6.194],[16.71,-6.236],[16.722,-6.356],[16.688,-6.364],[16.703,-6.377],[16.693,-6.41],[16.732,-6.425],[16.711,-6.446],[16.736,-6.48],[16.727,-6.501],[16.761,-6.524],[16.751,-6.579],[16.773,-6.596],[16.8,-6.703],[16.826,-6.713],[16.833,-6.766],[16.872,-6.805],[16.876,-6.847],[16.938,-6.87],[16.939,-6.966],[16.973,-6.986],[16.983,-7.023],[16.971,-7.069],[16.96,-7.08],[16.943,-7.061],[16.929,-7.069],[16.969,-7.164],[16.954,-7.203],[16.989,-7.231],[17.006,-7.3],[17.031,-7.301],[17.076,-7.345],[17.112,-7.354],[17.11,-7.423],[17.133,-7.425],[17.145,-7.406],[17.189,-7.438],[17.16,-7.454],[17.156,-7.475],[17.2,-7.499],[17.2,-7.539],[17.237,-7.596],[17.306,-7.637],[17.291,-7.69],[17.331,-7.717],[17.321,-7.759],[17.388,-7.792],[17.387,-7.821],[17.411,-7.823],[17.403,-7.842],[17.432,-7.842],[17.422,-7.865],[17.455,-7.883],[17.442,-7.927],[17.472,-7.945],[17.468,-7.96],[17.488,-7.951],[17.484,-8],[17.533,-8.044],[17.517,-8.047],[17.505,-8.083],[17.583,-8.129],[17.729,-8.096],[17.797,-8.111],[17.885,-8.079],[17.94,-8.082],[17.982,-8.113],[18,-8.098],[18.1,-8.099],[18.087,-8.068],[18.098,-8.04],[18.217,-7.989],[18.294,-7.988],[18.308,-7.994],[18.304,-8.014],[18.376,-8.027],[18.398,-8.013],[18.391,-8],[18.527,-8],[18.558,-7.934],[18.78,-7.922],[18.778,-7.964],[18.8,-8],[19.436,-7.999],[19.437,-7.958],[19.357,-7.928],[19.343,-7.902],[19.364,-7.861],[19.362,-7.812],[19.387,-7.783],[19.409,-7.701],[19.369,-7.583],[19.381,-7.569],[19.474,-7.567],[19.494,-7.533],[19.486,-7.503],[19.522,-7.474],[19.55,-7.472],[19.494,-7.368],[19.503,-7.355],[19.487,-7.313],[19.508,-7.137],[19.563,-7.058],[19.544,-6.999],[19.956,-6.999],[19.97,-6.982],[19.931,-6.858],[19.755,-6.63],[19.722,-6.607],[19.701,-6.518],[19.716,-6.498],[19.706,-6.441],[19.72,-6.426],[19.688,-6.337],[19.61,-6.354],[19.552,-6.34],[19.445,-6.282],[19.391,-6.383],[19.33,-6.384],[19.295,-6.259],[19.306,-6.217],[19.382,-6.158],[19.392,-6.124],[19.337,-6.12],[19.307,-6.135],[19.217,-6.093],[19.179,-6.182],[19.145,-6.196],[19.106,-6.177],[19.055,-6.27],[19.006,-6.278],[18.949,-6.311],[18.932,-6.297],[18.923,-6.228],[18.867,-6.246],[18.835,-6.201],[18.833,-6.184],[18.87,-6.197],[18.869,-6.12],[18.838,-6.142],[18.829,-6.123],[18.842,-6.105],[18.828,-6.098],[18.748,-6.138],[18.693,-6.027],[18.7,-5.979],[18.644,-5.973],[18.536,-5.994],[18.549,-5.959],[18.541,-5.914],[18.571,-5.857],[18.559,-5.853],[18.535,-5.887],[18.519,-5.866],[18.49,-5.866],[18.447,-5.816],[18.405,-5.808],[18.397,-5.78],[18.309,-5.863],[18.275,-5.865],[18.275,-5.84],[18.25,-5.87],[18.242,-5.808],[18.216,-5.773],[18.163,-5.884],[18.097,-5.865],[18.14,-5.829],[18.133,-5.803],[18.1,-5.814],[18.119,-5.756],[18.09,-5.742],[18.089,-5.72],[18.032,-5.718],[18.028,-5.691],[17.957,-5.703],[17.914,-5.666],[17.913,-5.639],[17.85,-5.629],[17.789,-5.716],[17.679,-5.693],[17.642,-5.72],[17.613,-5.692],[17.54,-5.708],[17.516,-5.662],[17.534,-5.546],[17.476,-5.483],[17.487,-5.449],[17.47,-5.431],[17.468,-5.392],[17.482,-5.228],[17.545,-5.126],[17.514,-5.084],[17.53,-5.058],[17.505,-5.014],[17.519,-4.937],[17.502,-4.933],[17.5,-4.89],[17.547,-4.819],[17.541,-4.779],[17.578,-4.697],[17.638,-4.628],[17.646,-4.562],[17.67,-4.549],[17.681,-4.558],[17.696,-4.537],[17.674,-4.482],[17.647,-4.48],[17.672,-4.468],[17.663,-4.448],[17.675,-4.456],[17.709,-4.389],[17.748,-4.384],[17.777,-4.349],[17.822,-4.327],[17.807,-4.283],[17.794,-4.275],[17.722,-4.32],[17.638,-4.341],[17.626,-4.33],[17.638,-4.289],[17.624,-4.243],[17.518,-4.238],[17.341,-4.369],[17.243,-4.4],[17.202,-4.457],[17.178,-4.549],[17.146,-4.567],[17.075,-4.532],[17.024,-4.479],[16.978,-4.505],[16.951,-4.501],[16.939,-4.466],[16.973,-4.429],[16.97,-4.401],[16.939,-4.404],[16.863,-4.297],[16.849,-4.347],[16.803,-4.362],[16.782,-4.353],[16.754,-4.382],[16.737,-4.328],[16.713,-4.352],[16.703,-4.322],[16.68,-4.329],[16.61,-4.385],[16.607,-4.556],[16.515,-4.486],[16.464,-4.484],[16.42,-4.457],[16.406,-4.465],[16.395,-4.522],[16.291,-4.728],[16.262,-4.748],[16.24,-4.835],[16.269,-4.895],[16.257,-4.97]]]}},{"type":"Feature","properties":{"name":"Kwilu","pays":"RDC","iso3":"COD"},"geometry":{"type":"Polygon","coordinates":[[[16.494,-4.484],[16.607,-4.556],[16.617,-4.373],[16.703,-4.322],[16.713,-4.352],[16.731,-4.328],[16.742,-4.334],[16.747,-4.382],[16.782,-4.353],[16.84,-4.354],[16.856,-4.294],[16.911,-4.348],[16.939,-4.404],[16.97,-4.401],[16.973,-4.429],[16.939,-4.466],[16.951,-4.501],[16.978,-4.505],[17.024,-4.479],[17.075,-4.532],[17.154,-4.566],[17.178,-4.549],[17.202,-4.457],[17.243,-4.4],[17.341,-4.369],[17.518,-4.238],[17.624,-4.243],[17.638,-4.289],[17.626,-4.33],[17.638,-4.341],[17.722,-4.32],[17.794,-4.275],[17.807,-4.283],[17.822,-4.327],[17.777,-4.349],[17.748,-4.384],[17.709,-4.389],[17.675,-4.456],[17.663,-4.448],[17.672,-4.468],[17.647,-4.48],[17.674,-4.482],[17.696,-4.537],[17.681,-4.558],[17.67,-4.549],[17.646,-4.562],[17.638,-4.628],[17.578,-4.697],[17.541,-4.779],[17.547,-4.819],[17.5,-4.89],[17.502,-4.933],[17.519,-4.937],[17.505,-5.014],[17.53,-5.058],[17.514,-5.084],[17.545,-5.126],[17.482,-5.228],[17.468,-5.392],[17.47,-5.431],[17.487,-5.449],[17.476,-5.483],[17.534,-5.546],[17.516,-5.662],[17.54,-5.708],[17.613,-5.692],[17.642,-5.72],[17.679,-5.693],[17.789,-5.716],[17.85,-5.629],[17.913,-5.639],[17.914,-5.666],[17.957,-5.703],[18.028,-5.691],[18.032,-5.718],[18.089,-5.72],[18.09,-5.742],[18.119,-5.756],[18.1,-5.814],[18.133,-5.803],[18.14,-5.829],[18.097,-5.865],[18.163,-5.884],[18.216,-5.773],[18.242,-5.808],[18.25,-5.87],[18.275,-5.84],[18.275,-5.865],[18.309,-5.863],[18.397,-5.78],[18.405,-5.808],[18.447,-5.816],[18.49,-5.866],[18.519,-5.866],[18.535,-5.887],[18.559,-5.853],[18.571,-5.857],[18.541,-5.914],[18.549,-5.959],[18.536,-5.994],[18.644,-5.973],[18.7,-5.979],[18.693,-6.027],[18.748,-6.138],[18.828,-6.098],[18.842,-6.105],[18.829,-6.123],[18.838,-6.142],[18.869,-6.12],[18.87,-6.197],[18.833,-6.184],[18.835,-6.201],[18.867,-6.246],[18.923,-6.228],[18.932,-6.297],[18.949,-6.311],[19.006,-6.278],[19.055,-6.27],[19.106,-6.177],[19.145,-6.196],[19.179,-6.182],[19.217,-6.093],[19.307,-6.135],[19.337,-6.12],[19.396,-6.132],[19.306,-6.217],[19.295,-6.259],[19.33,-6.384],[19.391,-6.383],[19.445,-6.282],[19.552,-6.34],[19.61,-6.354],[19.688,-6.337],[19.696,-6.24],[19.68,-6.224],[19.706,-6.145],[19.835,-6.035],[19.869,-6.024],[19.884,-5.997],[19.9,-6.01],[20,-5.967],[20.051,-5.859],[20.109,-5.837],[20.115,-5.797],[20.171,-5.739],[20.167,-5.693],[20.182,-5.69],[20.191,-5.623],[20.165,-5.6],[20.156,-5.531],[20.145,-5.533],[20.152,-5.484],[20.179,-5.484],[20.155,-5.482],[20.147,-5.463],[20.146,-5.428],[20.169,-5.413],[20.14,-5.413],[20.157,-5.384],[20.146,-5.35],[20.167,-5.328],[20.184,-5.331],[20.173,-5.29],[20.204,-5.271],[20.186,-5.239],[20.2,-5.189],[20.182,-5.093],[20.14,-5.035],[20.143,-4.999],[20.115,-4.959],[20.103,-4.871],[20.056,-4.782],[20.05,-4.737],[20.054,-4.687],[20.071,-4.668],[20.062,-4.595],[20.125,-4.5],[20.092,-4.471],[20.087,-4.419],[20.044,-4.353],[20.029,-4.261],[19.98,-4.184],[19.945,-4.18],[19.891,-4.143],[19.851,-4.09],[19.605,-4.042],[19.569,-4.004],[19.452,-3.947],[19.321,-3.857],[19.131,-3.766],[19.065,-3.754],[18.931,-3.679],[18.771,-3.625],[18.712,-3.624],[18.587,-3.567],[18.534,-3.586],[18.441,-3.568],[18.413,-3.54],[18.363,-3.531],[18.342,-3.499],[18.273,-3.457],[18.242,-3.399],[18.202,-3.406],[18.157,-3.447],[18.109,-3.402],[18.043,-3.377],[17.845,-3.425],[17.819,-3.387],[17.758,-3.363],[17.711,-3.319],[17.68,-3.332],[17.628,-3.299],[17.573,-3.303],[17.527,-3.262],[17.442,-3.237],[17.397,-3.198],[17.354,-3.199],[17.381,-3.265],[17.339,-3.329],[17.356,-3.379],[17.33,-3.396],[17.32,-3.433],[17.286,-3.458],[17.273,-3.49],[17.287,-3.574],[17.333,-3.649],[17.304,-3.668],[17.306,-3.696],[17.241,-3.786],[17.192,-3.937],[17.17,-3.944],[17.108,-4.025],[17.015,-3.982],[16.947,-3.983],[16.827,-4.095],[16.773,-4.087],[16.715,-4.119],[16.693,-4.15],[16.613,-4.134],[16.496,-4.185],[16.478,-4.233],[16.494,-4.242],[16.532,-4.357],[16.491,-4.444],[16.494,-4.484]]]}},{"type":"Feature","properties":{"name":"Maï-Ndombe","pays":"RDC","iso3":"COD"},"geometry":{"type":"Polygon","coordinates":[[[16.483,-4.223],[16.496,-4.185],[16.586,-4.143],[16.634,-4.133],[16.688,-4.151],[16.773,-4.087],[16.827,-4.095],[16.878,-4.057],[16.932,-3.987],[17.015,-3.982],[17.099,-4.028],[17.127,-4.011],[17.17,-3.944],[17.192,-3.937],[17.241,-3.786],[17.306,-3.696],[17.304,-3.668],[17.333,-3.649],[17.287,-3.574],[17.274,-3.479],[17.356,-3.379],[17.339,-3.329],[17.381,-3.265],[17.354,-3.199],[17.376,-3.192],[17.426,-3.212],[17.442,-3.237],[17.527,-3.262],[17.573,-3.303],[17.628,-3.299],[17.68,-3.332],[17.711,-3.319],[17.758,-3.363],[17.819,-3.387],[17.845,-3.425],[18.043,-3.377],[18.109,-3.402],[18.157,-3.447],[18.202,-3.406],[18.242,-3.399],[18.273,-3.457],[18.342,-3.499],[18.363,-3.531],[18.398,-3.537],[18.393,-3.546],[18.403,-3.537],[18.441,-3.568],[18.534,-3.586],[18.604,-3.571],[18.712,-3.624],[18.726,-3.615],[18.884,-3.661],[19.065,-3.754],[19.155,-3.776],[19.321,-3.857],[19.452,-3.947],[19.569,-4.004],[19.605,-4.042],[19.78,-4.066],[19.811,-4.088],[19.856,-4.092],[19.891,-4.143],[19.945,-4.18],[19.98,-4.184],[20.038,-4.286],[20.126,-4.292],[20.17,-4.34],[20.231,-4.349],[20.234,-4.382],[20.26,-4.397],[20.308,-4.384],[20.353,-4.399],[20.383,-4.3],[20.416,-4.284],[20.469,-4.295],[20.485,-4.266],[20.606,-4.221],[20.631,-4.207],[20.637,-4.164],[20.656,-4.148],[20.627,-3.316],[20.776,-2.873],[20.817,-2.79],[20.865,-2.749],[20.864,-2.702],[20.95,-2.558],[20.962,-2.49],[21.016,-2.494],[21.022,-2.404],[20.961,-2.347],[20.889,-2.215],[20.844,-2.193],[20.768,-2.112],[20.658,-1.961],[20.625,-2.013],[20.543,-2.031],[20.507,-2.072],[20.398,-2.12],[20.316,-2.053],[20.247,-2.029],[20.236,-1.987],[20.189,-1.962],[20.154,-1.919],[19.914,-1.892],[19.84,-1.663],[19.732,-1.578],[19.727,-1.604],[19.653,-1.697],[19.634,-1.778],[19.601,-1.802],[19.531,-1.795],[19.503,-1.774],[19.52,-1.71],[19.489,-1.643],[19.495,-1.572],[19.392,-1.344],[19.301,-1.077],[19.281,-1.056],[19.207,-1.041],[19.19,-0.893],[19.14,-0.797],[19.082,-0.736],[19.061,-0.784],[19,-0.82],[18.793,-0.822],[18.749,-0.935],[18.743,-1.012],[18.818,-1.038],[18.851,-1.078],[18.871,-1.166],[18.83,-1.184],[18.798,-1.144],[18.745,-1.118],[18.72,-1.183],[18.761,-1.236],[18.697,-1.221],[18.572,-1.261],[18.522,-1.261],[18.438,-1.188],[18.393,-1.173],[18.329,-1.123],[18.137,-1.103],[18.127,-1.204],[17.91,-1.376],[17.732,-1.411],[17.613,-1.458],[17.506,-1.48],[17.114,-1.786],[17.094,-1.778],[17.064,-1.804],[16.941,-1.759],[16.858,-1.782],[16.814,-1.766],[16.79,-1.802],[16.794,-1.836],[16.828,-1.822],[16.847,-1.846],[16.943,-1.866],[16.945,-2.001],[16.624,-1.997],[16.584,-1.947],[16.56,-1.863],[16.504,-1.874],[16.37,-2.029],[16.242,-2.123],[16.191,-2.225],[16.188,-2.418],[16.237,-2.625],[16.194,-2.719],[16.205,-2.785],[16.179,-2.928],[16.195,-3.016],[16.172,-3.073],[16.193,-3.199],[16.184,-3.25],[16.222,-3.296],[16.187,-3.395],[16.058,-3.609],[15.902,-3.949],[15.919,-3.953],[15.946,-3.928],[16.01,-3.971],[16.048,-3.943],[16.076,-3.948],[16.382,-4.112],[16.472,-4.177],[16.456,-4.196],[16.483,-4.223]]]}},{"type":"Feature","properties":{"name":"Equateur","pays":"RDC","iso3":"COD"},"geometry":{"type":"Polygon","coordinates":[[[19.433,-1.425],[19.514,-1.257],[19.61,-1.171],[19.602,-0.978],[19.689,-0.992],[19.671,-1.05],[19.682,-1.156],[19.711,-1.171],[19.848,-1.158],[19.909,-1.107],[20.005,-1.096],[20.092,-1.065],[20.162,-1.019],[20.135,-0.979],[20.137,-0.945],[20.254,-0.758],[20.284,-0.666],[20.226,-0.603],[20.176,-0.597],[20.155,-0.529],[20.097,-0.481],[20.109,-0.392],[20.072,-0.364],[20.052,-0.307],[20.011,-0.311],[19.975,-0.276],[19.944,-0.274],[19.924,-0.256],[19.912,-0.19],[19.898,-0.206],[19.886,-0.186],[19.864,-0.199],[19.858,-0.18],[19.823,-0.167],[19.837,-0.137],[19.827,-0.125],[19.891,-0.091],[19.923,-0.11],[19.988,-0.107],[20.014,-0.146],[20.05,-0.15],[20.075,-0.172],[20.094,-0.154],[20.071,-0.143],[20.079,-0.127],[20.194,-0.12],[20.209,-0.141],[20.192,-0.202],[20.22,-0.232],[20.227,-0.268],[20.244,-0.274],[20.269,-0.245],[20.295,-0.26],[20.322,-0.241],[20.339,-0.249],[20.347,-0.137],[20.448,-0.072],[20.549,-0.063],[20.576,-0.019],[20.562,-0.002],[20.472,0.006],[20.464,0.03],[20.564,0.099],[20.575,0.138],[20.507,0.166],[20.354,0.348],[20.295,0.375],[20.3,0.428],[20.359,0.512],[20.358,0.574],[20.43,0.673],[20.41,0.732],[20.4,0.858],[20.44,0.958],[20.438,1.062],[20.488,1.109],[20.556,1.236],[20.691,1.182],[20.715,1.256],[20.651,1.364],[20.637,1.417],[20.66,1.487],[20.66,1.567],[20.696,1.636],[20.695,1.704],[20.615,1.699],[20.567,1.666],[20.451,1.682],[20.405,1.666],[20.328,1.73],[20.238,1.753],[20.111,1.756],[19.96,1.708],[19.879,1.661],[19.706,1.629],[19.447,1.458],[19.213,1.35],[19.209,1.577],[19.23,1.643],[19.318,1.709],[19.477,1.779],[19.8,1.831],[19.825,1.85],[19.814,1.9],[19.831,1.938],[19.858,1.958],[19.882,1.947],[19.907,1.98],[19.905,2.007],[19.6,2.005],[19.125,2.126],[19.065,2.1],[18.958,2.014],[18.852,1.977],[18.763,1.972],[18.709,1.903],[18.686,1.902],[18.604,1.949],[18.591,1.977],[18.086,1.984],[18.058,1.821],[18.088,1.678],[18.068,1.521],[18.019,1.444],[17.971,1.309],[17.928,1.251],[17.942,1.164],[17.85,1.012],[17.845,0.919],[17.895,0.775],[17.876,0.594],[17.953,0.495],[17.963,0.408],[17.923,0.316],[17.821,0.216],[17.775,0.108],[17.758,0.018],[17.771,0],[17.714,-0.128],[17.715,-0.233],[17.742,-0.381],[17.7,-0.568],[17.633,-0.663],[17.585,-0.688],[17.56,-0.752],[17.493,-0.839],[17.33,-0.999],[17.255,-1.041],[17.111,-1.074],[16.977,-1.151],[16.846,-1.264],[16.741,-1.433],[16.589,-1.745],[16.504,-1.874],[16.56,-1.863],[16.584,-1.947],[16.624,-1.997],[16.945,-2.001],[16.943,-1.866],[16.847,-1.846],[16.828,-1.822],[16.794,-1.836],[16.79,-1.802],[16.814,-1.766],[16.858,-1.782],[16.941,-1.759],[17.064,-1.804],[17.094,-1.778],[17.114,-1.786],[17.506,-1.48],[17.613,-1.458],[17.732,-1.411],[17.91,-1.376],[18.127,-1.204],[18.137,-1.103],[18.329,-1.123],[18.393,-1.173],[18.438,-1.188],[18.522,-1.261],[18.572,-1.261],[18.697,-1.221],[18.761,-1.236],[18.72,-1.183],[18.745,-1.118],[18.798,-1.144],[18.83,-1.184],[18.871,-1.166],[18.851,-1.078],[18.818,-1.038],[18.743,-1.012],[18.749,-0.935],[18.793,-0.822],[19,-0.82],[19.061,-0.784],[19.082,-0.736],[19.14,-0.797],[19.183,-0.874],[19.207,-1.041],[19.281,-1.056],[19.301,-1.077],[19.433,-1.425]]]}},{"type":"Feature","properties":{"name":"Sud-Ubangi","pays":"RDC","iso3":"COD"},"geometry":{"type":"Polygon","coordinates":[[[19.905,2.007],[19.932,2.023],[19.922,2.041],[19.964,2.127],[19.954,2.145],[19.995,2.182],[20.019,2.177],[20.042,2.242],[20.101,2.275],[20.113,2.299],[20.103,2.341],[20.159,2.348],[20.233,2.406],[20.256,2.393],[20.265,2.417],[20.297,2.402],[20.365,2.432],[20.435,2.421],[20.494,2.434],[20.511,2.395],[20.535,2.416],[20.556,2.404],[20.567,2.421],[20.588,2.411],[20.659,2.44],[20.671,2.414],[20.735,2.444],[20.744,2.414],[20.774,2.416],[20.778,2.439],[20.802,2.435],[20.819,2.473],[20.874,2.505],[20.916,2.578],[20.909,2.607],[20.805,2.745],[20.797,2.823],[20.761,2.835],[20.76,2.871],[20.737,2.878],[20.746,2.899],[20.728,2.912],[20.742,2.935],[20.715,2.945],[20.718,2.994],[20.734,2.999],[20.703,3.069],[20.721,3.067],[20.733,3.188],[20.647,3.112],[20.382,2.817],[20.222,2.927],[20.175,3.035],[20.228,3.14],[20.284,3.189],[20.281,3.303],[20.211,3.383],[20.217,3.468],[20.127,3.534],[20.111,3.567],[20.15,3.64],[20.134,3.655],[20.131,3.731],[20.218,3.771],[20.214,3.783],[19.996,3.874],[19.947,3.908],[19.888,3.98],[19.919,4.058],[19.858,4.081],[19.754,4.079],[19.704,4.055],[19.687,4.08],[19.676,4.066],[19.652,4.079],[19.596,4.06],[19.552,4.065],[19.55,4.043],[19.512,4.06],[19.499,4.03],[19.468,4.012],[19.471,3.975],[19.457,3.971],[19.469,3.947],[19.452,3.934],[19.445,3.95],[19.42,3.945],[19.432,3.936],[19.418,3.896],[19.354,3.987],[19.266,4.033],[19.268,4.073],[19.308,4.086],[19.519,4.587],[19.474,4.619],[19.475,4.663],[19.459,4.678],[19.421,4.678],[19.38,4.625],[19.33,4.646],[19.304,4.682],[19.285,4.675],[19.255,4.692],[19.229,4.68],[19.211,4.7],[19.19,4.69],[19.163,4.703],[19.152,4.735],[19.125,4.735],[19.114,4.766],[19.072,4.762],[19.072,4.777],[19.042,4.762],[19.014,4.768],[18.84,4.571],[18.811,4.461],[18.763,4.387],[18.733,4.387],[18.676,4.353],[18.607,4.358],[18.546,4.308],[18.649,4.076],[18.652,3.978],[18.602,3.896],[18.587,3.751],[18.64,3.449],[18.642,3.209],[18.595,3.106],[18.533,3.07],[18.517,3.014],[18.468,2.958],[18.44,2.882],[18.445,2.822],[18.429,2.768],[18.339,2.599],[18.242,2.507],[18.185,2.345],[18.106,2.267],[18.089,2.09],[18.065,2.027],[18.086,1.984],[18.591,1.977],[18.604,1.949],[18.686,1.902],[18.725,1.914],[18.778,1.98],[18.852,1.977],[18.958,2.014],[19.065,2.1],[19.125,2.126],[19.6,2.005],[19.905,2.007]]]}},{"type":"Feature","properties":{"name":"Nord-Ubangi","pays":"RDC","iso3":"COD"},"geometry":{"type":"Polygon","coordinates":[[[20.733,3.188],[20.77,3.234],[20.8,3.247],[20.931,3.102],[20.983,3.11],[21.033,3.064],[21.046,3.007],[21.145,2.922],[21.17,3.163],[21.222,3.121],[21.25,3.119],[21.294,3.068],[21.435,3.001],[21.471,2.948],[21.534,2.926],[21.574,2.93],[21.592,2.913],[21.746,2.933],[21.873,2.896],[22.002,2.903],[22.283,2.995],[22.355,3.032],[22.462,3],[22.486,2.979],[22.509,3.016],[22.521,3.086],[22.557,3.124],[22.57,3.203],[22.621,3.296],[22.613,3.36],[22.681,3.445],[22.807,3.517],[22.842,3.554],[23.037,3.599],[23.057,3.633],[23.091,3.639],[23.123,3.696],[23.246,3.771],[23.243,3.792],[23.285,3.778],[23.352,3.713],[23.407,3.688],[23.524,3.766],[23.532,3.812],[23.402,3.833],[23.393,3.808],[23.37,3.798],[23.324,3.835],[23.269,3.837],[23.226,3.863],[23.155,3.848],[23.154,3.878],[23.077,3.855],[23.025,3.861],[22.993,3.838],[22.969,3.86],[22.901,3.835],[22.844,3.862],[22.814,3.856],[22.782,3.886],[22.784,3.905],[22.801,3.912],[22.81,3.965],[22.837,3.987],[22.787,4.034],[22.76,4.03],[22.747,4.074],[22.714,4.103],[22.694,4.084],[22.68,4.092],[22.674,4.122],[22.648,4.114],[22.547,4.136],[22.499,4.114],[22.409,4.126],[22.266,4.114],[22.164,4.154],[22.095,4.212],[22.007,4.239],[21.955,4.224],[21.859,4.24],[21.805,4.27],[21.772,4.27],[21.735,4.304],[21.677,4.296],[21.651,4.309],[21.565,4.247],[21.451,4.265],[21.432,4.284],[21.377,4.278],[21.282,4.338],[21.251,4.329],[21.237,4.295],[21.211,4.287],[21.119,4.336],[21.075,4.392],[20.865,4.446],[20.81,4.419],[20.656,4.422],[20.606,4.403],[20.462,4.503],[20.453,4.627],[20.343,4.751],[20.196,4.827],[20.151,4.885],[20.092,4.906],[20.024,4.966],[19.915,4.98],[19.825,5.093],[19.696,5.133],[19.613,5.128],[19.555,5.146],[19.49,5.122],[19.403,5.121],[19.359,5.073],[19.241,5.007],[19.202,4.942],[19.136,4.941],[19.098,4.922],[19.014,4.768],[19.042,4.762],[19.072,4.777],[19.072,4.762],[19.114,4.766],[19.125,4.735],[19.152,4.735],[19.163,4.703],[19.19,4.69],[19.211,4.7],[19.229,4.68],[19.255,4.692],[19.285,4.675],[19.304,4.682],[19.33,4.646],[19.38,4.625],[19.421,4.678],[19.459,4.678],[19.475,4.663],[19.474,4.619],[19.519,4.587],[19.308,4.086],[19.268,4.073],[19.266,4.033],[19.354,3.987],[19.418,3.896],[19.432,3.936],[19.42,3.945],[19.445,3.95],[19.452,3.934],[19.469,3.947],[19.457,3.971],[19.471,3.975],[19.468,4.012],[19.499,4.03],[19.512,4.06],[19.55,4.043],[19.552,4.065],[19.596,4.06],[19.652,4.079],[19.676,4.066],[19.687,4.08],[19.704,4.055],[19.793,4.085],[19.894,4.074],[19.919,4.058],[19.89,3.97],[19.936,3.918],[19.996,3.874],[20.214,3.783],[20.218,3.771],[20.131,3.731],[20.134,3.655],[20.15,3.64],[20.111,3.567],[20.127,3.534],[20.217,3.468],[20.211,3.383],[20.281,3.303],[20.284,3.189],[20.228,3.14],[20.175,3.035],[20.222,2.927],[20.382,2.817],[20.647,3.112],[20.733,3.188]]]}},{"type":"Feature","properties":{"name":"Mongala","pays":"RDC","iso3":"COD"},"geometry":{"type":"Polygon","coordinates":[[[20.691,1.182],[20.785,1.17],[20.851,1.186],[20.947,1.172],[21.006,1.191],[21.023,1.062],[20.998,1],[21.011,0.958],[21.114,0.91],[21.13,0.917],[21.233,0.859],[21.299,0.848],[21.342,0.819],[21.46,0.803],[21.531,0.747],[21.57,0.748],[21.606,0.728],[21.634,0.726],[21.649,0.757],[21.66,0.886],[21.728,0.903],[21.796,0.858],[21.864,0.865],[21.967,0.951],[22.106,0.928],[22.054,1.08],[22.017,1.123],[21.938,1.143],[21.935,1.232],[21.898,1.309],[21.863,1.332],[21.876,1.701],[22.052,1.759],[22.127,1.763],[22.271,1.738],[22.324,1.757],[22.372,1.711],[22.358,1.784],[22.421,1.809],[22.435,1.872],[22.48,1.889],[22.491,1.924],[22.475,1.982],[22.368,2.064],[22.354,2.162],[22.623,2.097],[22.681,2.05],[22.694,2.069],[22.78,2.018],[22.802,2.034],[22.827,2.028],[22.889,2.069],[22.898,2.103],[22.924,2.091],[22.949,2.118],[22.934,2.143],[22.974,2.158],[22.978,2.186],[23.005,2.175],[23.021,2.219],[23.105,2.172],[23.188,2.093],[23.233,2.086],[23.271,2.106],[23.313,2.09],[23.326,2.141],[23.313,2.259],[23.329,2.282],[23.485,2.185],[23.58,2.193],[23.567,2.416],[23.452,2.511],[23.427,2.503],[23.359,2.565],[23.343,2.493],[23.316,2.492],[23.315,2.456],[23.294,2.45],[23.274,2.47],[23.298,2.477],[23.257,2.51],[23.121,2.562],[23.098,2.553],[23.047,2.574],[22.879,2.757],[22.885,2.795],[22.906,2.81],[22.932,2.803],[22.949,2.775],[22.954,2.853],[23.06,3.033],[23.02,3.071],[22.991,3.053],[22.966,3.077],[22.922,3.081],[22.892,3.068],[22.858,3.02],[22.828,3.019],[22.788,3.04],[22.782,3.106],[22.76,3.124],[22.726,3.119],[22.66,3.152],[22.577,3.161],[22.589,3.202],[22.651,3.284],[22.649,3.312],[22.616,3.333],[22.621,3.296],[22.57,3.203],[22.557,3.124],[22.521,3.086],[22.509,3.016],[22.486,2.979],[22.462,3],[22.355,3.032],[22.145,2.948],[21.947,2.896],[21.873,2.896],[21.746,2.933],[21.627,2.912],[21.525,2.928],[21.471,2.948],[21.435,3.001],[21.294,3.068],[21.25,3.119],[21.222,3.121],[21.17,3.163],[21.145,2.922],[21.046,3.007],[21.033,3.064],[20.983,3.11],[20.931,3.102],[20.889,3.163],[20.85,3.18],[20.795,3.247],[20.733,3.188],[20.723,3.152],[20.721,3.067],[20.703,3.069],[20.734,2.999],[20.718,2.994],[20.715,2.945],[20.742,2.935],[20.728,2.912],[20.746,2.899],[20.737,2.878],[20.76,2.871],[20.761,2.835],[20.797,2.823],[20.805,2.745],[20.909,2.607],[20.916,2.578],[20.874,2.505],[20.819,2.473],[20.802,2.435],[20.778,2.439],[20.774,2.416],[20.744,2.414],[20.735,2.444],[20.671,2.414],[20.659,2.44],[20.588,2.411],[20.567,2.421],[20.556,2.404],[20.535,2.416],[20.511,2.395],[20.494,2.434],[20.435,2.421],[20.365,2.432],[20.297,2.402],[20.265,2.417],[20.256,2.393],[20.233,2.406],[20.163,2.35],[20.103,2.341],[20.113,2.299],[20.101,2.275],[20.042,2.242],[20.019,2.177],[19.995,2.182],[19.954,2.145],[19.964,2.127],[19.922,2.041],[19.932,2.023],[19.908,2.015],[19.907,1.98],[19.882,1.947],[19.858,1.958],[19.831,1.938],[19.814,1.9],[19.822,1.843],[19.477,1.779],[19.262,1.67],[19.215,1.622],[19.209,1.577],[19.213,1.35],[19.447,1.458],[19.706,1.629],[19.879,1.661],[19.96,1.708],[20.111,1.756],[20.238,1.753],[20.328,1.73],[20.405,1.666],[20.451,1.682],[20.567,1.666],[20.615,1.699],[20.689,1.708],[20.696,1.636],[20.66,1.567],[20.66,1.487],[20.637,1.417],[20.651,1.364],[20.714,1.269],[20.691,1.182]]]}},{"type":"Feature","properties":{"name":"Tshuapa","pays":"RDC","iso3":"COD"},"geometry":{"type":"Polygon","coordinates":[[[21.016,-2.494],[21.202,-2.513],[21.391,-2.473],[21.443,-2.498],[21.413,-2.446],[21.41,-2.31],[21.556,-2.376],[21.595,-2.419],[21.646,-2.431],[21.681,-2.469],[21.844,-2.532],[21.992,-2.394],[22.061,-2.301],[22.093,-2.307],[22.094,-2.363],[22.13,-2.398],[22.131,-2.434],[22.155,-2.449],[22.201,-2.428],[22.223,-2.4],[22.134,-1.877],[22.195,-1.811],[22.493,-1.917],[22.59,-1.751],[22.623,-1.777],[22.638,-1.816],[22.694,-1.809],[22.759,-1.855],[22.868,-1.885],[22.932,-1.878],[23.147,-1.945],[23.211,-1.989],[23.255,-2.063],[23.288,-2.088],[23.327,-2.029],[23.424,-1.997],[23.46,-2.03],[23.586,-1.99],[23.592,-1.885],[23.562,-1.793],[23.678,-1.822],[23.714,-1.773],[23.768,-1.765],[23.811,-1.736],[23.955,-1.737],[23.968,-1.698],[24.196,-1.717],[24.444,-1.715],[24.406,-1.652],[24.385,-1.421],[24.36,-1.325],[24.126,-1.323],[24.072,-1.307],[23.934,-1.379],[23.898,-1.311],[23.842,-1.279],[23.8,-1.188],[23.702,-1.15],[23.651,-1.149],[23.671,-1.075],[23.639,-1.011],[23.51,-0.986],[23.386,-0.898],[23.356,-0.853],[23.308,-0.82],[23.299,-0.79],[23.255,-0.761],[23.278,-0.746],[23.313,-0.757],[23.336,-0.688],[23.382,-0.673],[23.398,-0.65],[23.534,-0.613],[23.539,-0.595],[23.474,-0.544],[23.455,-0.452],[23.419,-0.414],[23.245,-0.458],[23.101,-0.559],[23.135,-0.412],[22.944,-0.404],[23.01,-0.329],[23.085,-0.277],[23.276,-0.295],[23.357,-0.188],[23.308,-0.124],[23.224,-0.069],[23.094,0.053],[23.053,0.114],[23.049,0.151],[22.987,0.216],[22.941,0.308],[22.93,0.344],[22.971,0.369],[22.927,0.502],[22.947,0.568],[22.875,0.642],[22.846,0.699],[22.857,0.777],[22.822,0.882],[22.826,0.976],[22.785,1.037],[22.779,1.089],[22.74,1.133],[22.735,1.173],[22.687,1.223],[22.64,1.344],[22.557,1.429],[22.477,1.474],[22.469,1.466],[22.463,1.484],[22.423,1.475],[22.396,1.497],[22.29,1.495],[22.251,1.512],[22.265,1.628],[22.285,1.672],[22.372,1.711],[22.324,1.757],[22.271,1.738],[22.178,1.762],[22.052,1.759],[21.876,1.701],[21.863,1.332],[21.898,1.309],[21.935,1.232],[21.938,1.143],[22.017,1.123],[22.054,1.08],[22.106,0.928],[21.967,0.951],[21.864,0.865],[21.796,0.858],[21.728,0.903],[21.66,0.886],[21.664,0.82],[21.634,0.726],[21.531,0.747],[21.46,0.803],[21.342,0.819],[21.299,0.848],[21.233,0.859],[21.13,0.917],[21.114,0.91],[21.011,0.958],[20.998,1],[21.023,1.062],[21.006,1.191],[20.947,1.172],[20.851,1.186],[20.818,1.171],[20.744,1.184],[20.713,1.174],[20.556,1.236],[20.488,1.109],[20.438,1.062],[20.44,0.958],[20.4,0.858],[20.41,0.732],[20.43,0.673],[20.358,0.574],[20.359,0.512],[20.3,0.428],[20.295,0.375],[20.354,0.348],[20.507,0.166],[20.575,0.138],[20.564,0.099],[20.464,0.03],[20.472,0.006],[20.562,-0.002],[20.576,-0.019],[20.549,-0.063],[20.448,-0.072],[20.347,-0.137],[20.339,-0.249],[20.322,-0.241],[20.295,-0.26],[20.269,-0.245],[20.244,-0.274],[20.227,-0.268],[20.22,-0.232],[20.192,-0.202],[20.209,-0.141],[20.194,-0.12],[20.079,-0.127],[20.071,-0.143],[20.094,-0.154],[20.075,-0.172],[20.05,-0.15],[20.014,-0.146],[19.996,-0.11],[19.923,-0.11],[19.904,-0.093],[19.866,-0.096],[19.825,-0.131],[19.837,-0.137],[19.823,-0.167],[19.858,-0.18],[19.864,-0.199],[19.886,-0.186],[19.898,-0.206],[19.912,-0.19],[19.924,-0.256],[19.944,-0.274],[19.975,-0.276],[20.011,-0.311],[20.052,-0.307],[20.072,-0.364],[20.109,-0.392],[20.097,-0.481],[20.155,-0.529],[20.176,-0.597],[20.226,-0.603],[20.284,-0.666],[20.254,-0.758],[20.137,-0.945],[20.135,-0.979],[20.162,-1.019],[20.092,-1.065],[20.005,-1.096],[19.909,-1.107],[19.848,-1.158],[19.711,-1.171],[19.682,-1.156],[19.671,-1.05],[19.689,-0.992],[19.602,-0.978],[19.61,-1.171],[19.514,-1.257],[19.433,-1.425],[19.495,-1.572],[19.489,-1.643],[19.52,-1.71],[19.503,-1.774],[19.543,-1.8],[19.601,-1.802],[19.634,-1.778],[19.653,-1.697],[19.727,-1.604],[19.732,-1.578],[19.84,-1.663],[19.914,-1.892],[20.154,-1.919],[20.189,-1.962],[20.236,-1.987],[20.247,-2.029],[20.316,-2.053],[20.398,-2.12],[20.507,-2.072],[20.543,-2.031],[20.625,-2.013],[20.658,-1.961],[20.768,-2.112],[20.844,-2.193],[20.889,-2.215],[20.961,-2.347],[21.012,-2.384],[21.023,-2.409],[21.016,-2.494]]]}},{"type":"Feature","properties":{"name":"Tshopo","pays":"RDC","iso3":"COD"},"geometry":{"type":"Polygon","coordinates":[[[22.372,1.711],[22.285,1.672],[22.265,1.628],[22.251,1.512],[22.29,1.495],[22.396,1.497],[22.423,1.475],[22.463,1.484],[22.469,1.466],[22.477,1.474],[22.557,1.429],[22.64,1.344],[22.687,1.223],[22.735,1.173],[22.74,1.133],[22.779,1.089],[22.785,1.037],[22.826,0.976],[22.822,0.882],[22.857,0.777],[22.846,0.699],[22.875,0.642],[22.947,0.568],[22.927,0.502],[22.971,0.369],[22.93,0.344],[22.941,0.308],[22.987,0.216],[23.049,0.151],[23.053,0.114],[23.094,0.053],[23.224,-0.069],[23.308,-0.124],[23.357,-0.188],[23.276,-0.295],[23.085,-0.277],[23.01,-0.329],[22.944,-0.404],[23.135,-0.412],[23.101,-0.559],[23.245,-0.458],[23.419,-0.414],[23.455,-0.452],[23.474,-0.544],[23.539,-0.595],[23.534,-0.613],[23.398,-0.65],[23.382,-0.673],[23.336,-0.688],[23.313,-0.757],[23.278,-0.746],[23.255,-0.761],[23.299,-0.79],[23.308,-0.82],[23.356,-0.853],[23.386,-0.898],[23.51,-0.986],[23.639,-1.011],[23.671,-1.075],[23.651,-1.149],[23.702,-1.15],[23.8,-1.188],[23.842,-1.279],[23.898,-1.311],[23.934,-1.379],[24.072,-1.307],[24.126,-1.323],[24.36,-1.325],[24.385,-1.421],[24.406,-1.652],[24.515,-1.904],[24.573,-1.943],[24.598,-1.981],[24.978,-1.982],[25.024,-1.969],[25.188,-1.98],[25.209,-2.028],[25.179,-2.051],[25.176,-2.078],[25.2,-2.088],[25.232,-2.076],[25.24,-2.112],[25.423,-2.055],[25.496,-1.964],[25.657,-1.892],[25.677,-1.851],[25.713,-1.825],[25.766,-1.819],[25.801,-1.843],[25.843,-1.833],[25.849,-1.7],[25.869,-1.639],[25.861,-1.412],[25.934,-1.495],[25.982,-1.503],[26.015,-1.488],[26.039,-1.444],[26.017,-1.408],[26.07,-1.385],[26.069,-1.288],[26.082,-1.281],[26.08,-1.265],[26.059,-1.26],[26.08,-1.155],[26.141,-1.133],[26.083,-1.091],[26.074,-0.963],[26.21,-0.923],[26.244,-0.894],[26.26,-0.855],[26.245,-0.827],[26.23,-0.668],[26.257,-0.625],[26.273,-0.498],[26.109,-0.373],[26.171,-0.284],[26.074,-0.183],[26.034,-0.049],[26.057,-0.014],[26.074,-0.027],[26.065,-0.034],[26.091,-0.032],[26.078,-0.05],[26.095,-0.054],[26.101,-0.076],[26.174,-0.094],[26.194,-0.106],[26.193,-0.132],[26.212,-0.129],[26.255,-0.162],[26.273,-0.2],[26.301,-0.192],[26.326,-0.259],[26.363,-0.273],[26.386,-0.305],[26.431,-0.319],[26.457,-0.382],[26.568,-0.376],[26.709,-0.316],[26.791,-0.252],[26.816,-0.267],[26.841,-0.259],[26.828,-0.218],[26.846,-0.206],[26.889,-0.241],[26.906,-0.229],[26.956,-0.266],[27.01,-0.274],[27.07,-0.329],[27.073,-0.38],[27.118,-0.388],[27.136,-0.424],[27.193,-0.447],[27.3,-0.453],[27.345,-0.476],[27.359,-0.516],[27.42,-0.517],[27.495,-0.493],[27.499,-0.529],[27.519,-0.542],[27.56,-0.534],[27.601,-0.573],[27.66,-0.595],[27.887,-0.596],[27.936,-0.576],[27.941,-0.554],[27.97,-0.545],[27.979,-0.513],[27.969,-0.444],[27.942,-0.407],[27.951,-0.388],[27.986,-0.361],[28.009,-0.317],[28.073,-0.308],[28.153,-0.265],[28.091,-0.005],[28.102,0.103],[28.154,0.151],[28.138,0.184],[28.12,0.187],[28.134,0.221],[28.066,0.27],[28.059,0.377],[28.042,0.377],[28.034,0.403],[28.052,0.408],[28.048,0.428],[28.026,0.436],[28.027,0.463],[28.004,0.474],[27.921,0.492],[27.881,0.48],[27.797,0.53],[27.893,0.562],[27.955,0.622],[27.993,0.613],[28.018,0.636],[27.935,0.749],[27.954,0.846],[28.001,0.933],[27.974,0.94],[27.946,0.92],[27.886,0.931],[27.878,0.946],[27.933,1.043],[27.875,1.051],[27.853,1.039],[27.828,1.062],[27.741,1.068],[27.739,1.122],[27.771,1.15],[27.756,1.212],[27.784,1.229],[27.765,1.257],[27.783,1.301],[27.774,1.309],[27.7,1.349],[27.634,1.341],[27.616,1.362],[27.596,1.339],[27.572,1.34],[27.557,1.374],[27.494,1.426],[27.478,1.493],[27.432,1.572],[27.376,1.565],[27.351,1.592],[27.295,1.578],[27.195,1.603],[27.214,1.612],[27.214,1.631],[27.285,1.633],[27.306,1.728],[27.372,1.79],[27.353,1.84],[27.366,1.859],[27.35,1.876],[27.402,1.873],[27.41,1.885],[27.357,1.963],[27.357,1.996],[27.314,2.037],[27.294,2.024],[27.254,2.048],[27.227,2.019],[27.246,1.962],[27.225,1.958],[27.21,1.911],[27.143,1.896],[27.111,1.915],[27.06,1.915],[27.029,1.953],[26.984,1.955],[26.942,1.998],[26.928,2.096],[26.869,2.173],[26.859,2.146],[26.826,2.15],[26.809,2.127],[26.775,2.156],[26.769,2.192],[26.746,2.193],[26.642,2.103],[26.626,2.097],[26.622,2.12],[26.603,2.116],[26.6,2.068],[26.584,2.053],[26.496,2.051],[26.475,2.116],[26.425,2.065],[26.369,2.063],[26.324,2.121],[26.317,2.364],[26.218,2.342],[26.193,2.313],[26.154,2.328],[26.105,2.284],[25.991,2.27],[25.958,2.203],[25.916,2.219],[25.894,2.255],[25.82,2.264],[25.807,2.278],[25.66,2.178],[25.607,2.168],[25.528,2.174],[25.489,2.2],[25.436,2.199],[25.353,2.244],[25.333,2.275],[25.211,2.308],[25.13,2.253],[25.107,2.209],[25.059,2.257],[25.047,2.247],[25.013,2.266],[24.962,2.26],[24.956,2.247],[24.949,2.266],[24.926,2.266],[24.897,2.24],[24.867,2.283],[24.862,2.264],[24.845,2.263],[24.458,2.283],[24.365,2.24],[24.337,2.275],[24.31,2.281],[24.273,2.26],[24.215,2.26],[24.172,2.22],[24.06,2.211],[24.061,2.176],[24.086,2.154],[23.975,2.112],[23.96,2.077],[23.92,2.078],[23.876,2.124],[23.774,2.125],[23.665,2.189],[23.594,2.191],[23.612,2.254],[23.573,2.396],[23.561,2.36],[23.58,2.193],[23.485,2.185],[23.329,2.282],[23.313,2.259],[23.326,2.141],[23.313,2.09],[23.271,2.106],[23.233,2.086],[23.188,2.093],[23.105,2.172],[23.021,2.219],[23.005,2.175],[22.978,2.186],[22.974,2.158],[22.934,2.143],[22.949,2.118],[22.924,2.091],[22.898,2.103],[22.889,2.069],[22.827,2.028],[22.802,2.034],[22.78,2.018],[22.694,2.069],[22.681,2.05],[22.623,2.097],[22.354,2.162],[22.368,2.064],[22.475,1.982],[22.491,1.924],[22.48,1.889],[22.435,1.872],[22.421,1.809],[22.358,1.784],[22.372,1.711]]]}},{"type":"Feature","properties":{"name":"Bas-Uele","pays":"RDC","iso3":"COD"},"geometry":{"type":"Polygon","coordinates":[[[22.616,3.333],[22.649,3.312],[22.651,3.284],[22.589,3.202],[22.577,3.161],[22.66,3.152],[22.726,3.119],[22.76,3.124],[22.782,3.106],[22.788,3.04],[22.828,3.019],[22.858,3.02],[22.892,3.068],[22.922,3.081],[22.966,3.077],[22.991,3.053],[23.02,3.071],[23.06,3.033],[22.954,2.853],[22.949,2.775],[22.932,2.803],[22.906,2.81],[22.885,2.795],[22.879,2.757],[23.047,2.574],[23.098,2.553],[23.121,2.562],[23.257,2.51],[23.298,2.477],[23.274,2.47],[23.294,2.45],[23.315,2.456],[23.316,2.492],[23.343,2.493],[23.339,2.518],[23.363,2.563],[23.427,2.503],[23.452,2.511],[23.567,2.416],[23.612,2.254],[23.594,2.191],[23.665,2.189],[23.774,2.125],[23.867,2.127],[23.904,2.084],[23.946,2.076],[23.962,2.079],[23.975,2.112],[24.086,2.154],[24.061,2.176],[24.06,2.211],[24.172,2.22],[24.215,2.26],[24.273,2.26],[24.31,2.281],[24.337,2.275],[24.365,2.24],[24.458,2.283],[24.845,2.263],[24.862,2.264],[24.867,2.283],[24.897,2.24],[24.926,2.266],[24.949,2.266],[24.953,2.247],[25.013,2.266],[25.047,2.247],[25.059,2.257],[25.107,2.209],[25.13,2.253],[25.211,2.308],[25.333,2.275],[25.353,2.244],[25.436,2.199],[25.489,2.2],[25.528,2.174],[25.607,2.168],[25.66,2.178],[25.807,2.278],[25.82,2.264],[25.894,2.255],[25.916,2.219],[25.958,2.203],[25.991,2.27],[26.105,2.284],[26.154,2.328],[26.193,2.313],[26.218,2.342],[26.317,2.364],[26.324,2.121],[26.356,2.069],[26.425,2.065],[26.475,2.116],[26.496,2.051],[26.584,2.053],[26.6,2.068],[26.603,2.116],[26.622,2.12],[26.626,2.097],[26.642,2.103],[26.719,2.174],[26.764,2.194],[26.775,2.156],[26.809,2.127],[26.826,2.15],[26.859,2.146],[26.869,2.173],[26.882,2.17],[26.928,2.096],[26.942,1.998],[26.984,1.955],[27.044,1.941],[27.035,1.968],[27.057,2.047],[27.056,2.122],[27.114,2.165],[27.126,2.22],[27.178,2.29],[27.191,2.352],[27.137,2.407],[27.164,2.414],[27.167,2.441],[27.135,2.575],[27.033,2.566],[27.014,2.535],[26.893,2.535],[26.933,2.641],[26.962,2.651],[26.958,2.679],[26.979,2.704],[27.004,2.703],[27,2.722],[27.045,2.722],[27.098,2.773],[27.14,2.91],[27.247,2.844],[27.327,2.754],[27.373,2.736],[27.504,2.789],[27.5,2.815],[27.518,2.816],[27.537,2.851],[27.605,2.819],[27.603,2.86],[27.644,2.868],[27.661,2.913],[27.552,2.958],[27.546,2.99],[27.579,2.985],[27.674,3.013],[27.706,3.08],[27.648,3.078],[27.66,3.103],[27.647,3.142],[27.661,3.186],[27.658,3.303],[27.592,3.318],[27.581,3.294],[27.529,3.287],[27.506,3.299],[27.476,3.278],[27.462,3.307],[27.457,3.287],[27.422,3.283],[27.421,3.253],[27.395,3.271],[27.383,3.262],[27.391,3.246],[27.365,3.249],[27.333,3.222],[27.327,3.24],[27.3,3.227],[27.283,3.279],[27.246,3.277],[27.243,3.297],[27.286,3.373],[27.28,3.413],[27.374,3.548],[27.367,3.623],[27.322,3.655],[27.342,3.732],[27.329,3.781],[27.288,3.844],[27.254,3.857],[27.277,3.879],[27.256,3.937],[27.227,3.968],[27.221,4.047],[27.191,4.079],[27.228,4.222],[27.241,4.225],[27.241,4.312],[27.265,4.366],[27.267,4.418],[27.295,4.459],[27.273,4.471],[27.194,4.444],[27.04,4.507],[26.96,4.51],[26.981,4.562],[26.968,4.585],[26.977,4.636],[27.028,4.693],[26.977,4.785],[27.035,4.797],[27.047,4.838],[26.999,4.864],[26.982,4.938],[26.95,4.976],[26.966,4.995],[26.929,5.011],[26.936,5.082],[26.987,5.095],[26.97,5.152],[26.935,5.134],[26.872,5.034],[26.832,5.059],[26.806,5.05],[26.772,5.102],[26.75,5.104],[26.681,5.096],[26.67,5.077],[26.641,5.089],[26.629,5.063],[26.619,5.088],[26.596,5.074],[26.575,5.081],[26.574,5.063],[26.557,5.076],[26.54,5.047],[26.542,5.068],[26.527,5.044],[26.5,5.056],[26.488,5.046],[26.485,5.062],[26.456,5.066],[26.459,5.095],[26.441,5.091],[26.441,5.114],[26.424,5.113],[26.414,5.133],[26.399,5.121],[26.391,5.147],[26.351,5.155],[26.327,5.136],[26.316,5.153],[26.303,5.141],[26.283,5.171],[26.255,5.172],[26.254,5.198],[26.243,5.183],[26.237,5.209],[26.218,5.197],[26.208,5.237],[26.191,5.218],[26.187,5.242],[26.16,5.232],[26.161,5.259],[26.136,5.264],[26.117,5.23],[26.093,5.238],[26.1,5.208],[26.077,5.213],[26.068,5.194],[26.054,5.213],[26.011,5.208],[26.009,5.228],[25.993,5.22],[25.985,5.24],[25.964,5.192],[25.862,5.22],[25.836,5.187],[25.821,5.217],[25.809,5.215],[25.82,5.246],[25.791,5.236],[25.792,5.273],[25.77,5.264],[25.783,5.252],[25.749,5.237],[25.709,5.297],[25.661,5.306],[25.659,5.328],[25.634,5.302],[25.624,5.321],[25.602,5.323],[25.623,5.347],[25.597,5.346],[25.588,5.37],[25.546,5.386],[25.535,5.377],[25.548,5.355],[25.511,5.344],[25.487,5.366],[25.429,5.321],[25.404,5.343],[25.395,5.322],[25.368,5.316],[25.384,5.3],[25.357,5.286],[25.322,5.195],[25.332,5.156],[25.355,5.153],[25.327,5.043],[25.184,5.003],[25.154,5.028],[25.11,4.988],[25.088,4.938],[24.983,4.993],[24.953,4.986],[24.934,4.961],[24.891,4.962],[24.873,4.936],[24.818,4.937],[24.792,4.907],[24.777,4.923],[24.735,4.906],[24.721,4.924],[24.662,4.917],[24.674,4.969],[24.633,4.975],[24.614,5.03],[24.565,5.036],[24.534,5.081],[24.467,5.105],[24.439,5.097],[24.449,5.07],[24.436,5.059],[24.396,5.113],[24.357,5.06],[24.369,5.046],[24.403,5.051],[24.411,5.032],[24.374,5.008],[24.299,5.004],[24.273,4.978],[24.28,4.939],[24.253,4.935],[24.252,4.956],[24.236,4.96],[24.16,4.896],[24.105,4.913],[24.041,4.876],[23.972,4.881],[23.958,4.863],[23.959,4.808],[23.905,4.838],[23.856,4.811],[23.833,4.829],[23.78,4.784],[23.709,4.782],[23.643,4.728],[23.589,4.728],[23.501,4.673],[23.457,4.67],[23.43,4.648],[23.43,4.597],[23.413,4.596],[23.383,4.619],[23.323,4.622],[23.269,4.681],[23.233,4.69],[23.188,4.736],[23.159,4.736],[23.113,4.708],[23.032,4.766],[22.975,4.847],[22.941,4.815],[22.907,4.818],[22.889,4.78],[22.904,4.76],[22.866,4.708],[22.852,4.704],[22.819,4.735],[22.783,4.704],[22.739,4.619],[22.733,4.552],[22.699,4.472],[22.681,4.462],[22.663,4.481],[22.627,4.485],[22.599,4.472],[22.586,4.401],[22.624,4.372],[22.619,4.35],[22.569,4.321],[22.546,4.271],[22.556,4.235],[22.541,4.203],[22.445,4.124],[22.499,4.114],[22.547,4.136],[22.648,4.114],[22.668,4.123],[22.694,4.084],[22.714,4.103],[22.747,4.074],[22.76,4.03],[22.787,4.034],[22.837,3.987],[22.81,3.965],[22.801,3.912],[22.784,3.905],[22.782,3.886],[22.814,3.856],[22.844,3.862],[22.901,3.835],[22.969,3.86],[22.993,3.838],[23.025,3.861],[23.077,3.855],[23.154,3.878],[23.155,3.848],[23.226,3.863],[23.269,3.837],[23.324,3.835],[23.37,3.798],[23.393,3.808],[23.402,3.833],[23.483,3.813],[23.529,3.819],[23.53,3.777],[23.489,3.733],[23.407,3.688],[23.352,3.713],[23.285,3.778],[23.243,3.792],[23.246,3.771],[23.123,3.696],[23.091,3.639],[23.057,3.633],[23.037,3.599],[22.842,3.554],[22.807,3.517],[22.681,3.445],[22.617,3.369],[22.616,3.333]]]}},{"type":"Feature","properties":{"name":"Haut-Uele","pays":"RDC","iso3":"COD"},"geometry":{"type":"Polygon","coordinates":[[[27.447,1.555],[27.505,1.57],[27.552,1.555],[27.587,1.513],[27.584,1.462],[27.608,1.454],[27.65,1.478],[27.773,1.443],[27.751,1.474],[27.791,1.484],[27.804,1.504],[27.807,1.545],[27.756,1.612],[27.716,1.609],[27.642,1.572],[27.643,1.654],[27.553,1.773],[27.585,1.847],[27.682,1.808],[27.717,1.846],[27.75,1.856],[27.783,1.829],[27.847,1.828],[27.878,1.779],[27.901,1.794],[27.938,1.721],[27.941,1.749],[27.982,1.756],[28.212,1.684],[28.191,1.738],[28.191,1.796],[28.289,1.854],[28.299,1.874],[28.314,2.336],[28.379,2.296],[28.4,2.252],[28.581,2.334],[28.636,2.241],[28.681,2.232],[28.765,2.182],[28.777,2.227],[28.709,2.336],[28.753,2.304],[28.799,2.307],[28.969,2.27],[29.001,2.344],[28.97,2.429],[28.99,2.407],[29.019,2.419],[29.032,2.395],[29.04,2.422],[29.072,2.437],[29.096,2.426],[29.094,2.452],[29.127,2.457],[29.175,2.401],[29.204,2.456],[29.203,2.529],[29.229,2.544],[29.272,2.444],[29.328,2.414],[29.444,2.436],[29.479,2.467],[29.549,2.493],[29.632,2.491],[29.65,2.425],[29.641,2.325],[29.665,2.286],[29.645,2.271],[29.607,2.284],[29.613,2.189],[29.717,2.19],[29.809,2.092],[29.869,2.08],[29.897,2.056],[29.903,2.11],[29.871,2.12],[29.869,2.147],[29.851,2.148],[29.871,2.184],[29.914,2.187],[29.947,2.268],[29.967,2.245],[29.998,2.279],[30.027,2.283],[30.057,2.369],[30.126,2.37],[30.144,2.512],[30.213,2.605],[30.209,2.669],[30.179,2.737],[30.186,2.768],[30.149,2.802],[30.16,2.818],[30.214,2.825],[30.211,2.877],[30.112,2.882],[30.13,2.906],[30.189,2.905],[30.206,2.923],[30.175,2.947],[30.14,3.025],[30.234,3.088],[30.359,3.23],[30.337,3.305],[30.368,3.357],[30.367,3.407],[30.401,3.392],[30.423,3.433],[30.374,3.502],[30.376,3.546],[30.456,3.559],[30.541,3.595],[30.565,3.624],[30.563,3.673],[30.58,3.702],[30.556,3.827],[30.526,3.849],[30.453,3.831],[30.43,3.871],[30.404,3.866],[30.379,3.895],[30.266,3.957],[30.202,3.927],[30.207,3.962],[30.173,4.03],[30.18,4.092],[30.169,4.107],[30.057,4.139],[30.017,4.21],[29.97,4.233],[29.979,4.308],[29.915,4.356],[29.865,4.352],[29.81,4.388],[29.815,4.515],[29.841,4.569],[29.79,4.602],[29.733,4.605],[29.65,4.666],[29.495,4.685],[29.468,4.639],[29.475,4.608],[29.413,4.507],[29.31,4.392],[29.273,4.397],[29.241,4.36],[29.199,4.356],[29.139,4.427],[29.095,4.426],[29.094,4.45],[29.035,4.489],[28.83,4.489],[28.818,4.498],[28.821,4.541],[28.787,4.571],[28.719,4.539],[28.679,4.437],[28.604,4.416],[28.582,4.378],[28.524,4.372],[28.48,4.303],[28.414,4.283],[28.359,4.336],[28.255,4.328],[28.2,4.346],[28.14,4.434],[28.086,4.435],[28.039,4.467],[28.015,4.546],[27.944,4.557],[27.876,4.539],[27.797,4.57],[27.764,4.646],[27.791,4.685],[27.782,4.77],[27.711,4.774],[27.7,4.845],[27.677,4.875],[27.59,4.861],[27.567,4.873],[27.527,4.934],[27.491,4.944],[27.464,4.979],[27.44,5.02],[27.447,5.048],[27.432,5.078],[27.232,5.152],[27.143,5.204],[27.067,5.201],[26.97,5.152],[26.987,5.095],[26.936,5.082],[26.929,5.011],[26.966,4.995],[26.95,4.976],[26.982,4.938],[26.999,4.864],[27.047,4.838],[27.035,4.797],[26.977,4.785],[27.028,4.693],[26.977,4.636],[26.968,4.585],[26.981,4.562],[26.96,4.51],[27.04,4.507],[27.194,4.444],[27.273,4.471],[27.295,4.459],[27.267,4.418],[27.265,4.366],[27.241,4.312],[27.241,4.225],[27.228,4.222],[27.191,4.079],[27.221,4.047],[27.227,3.968],[27.256,3.937],[27.277,3.879],[27.254,3.857],[27.288,3.844],[27.329,3.781],[27.342,3.732],[27.322,3.655],[27.367,3.623],[27.374,3.548],[27.28,3.413],[27.286,3.373],[27.243,3.297],[27.246,3.277],[27.283,3.279],[27.3,3.227],[27.327,3.24],[27.333,3.222],[27.365,3.249],[27.391,3.246],[27.383,3.262],[27.395,3.271],[27.421,3.253],[27.422,3.283],[27.457,3.287],[27.462,3.307],[27.476,3.278],[27.506,3.299],[27.529,3.287],[27.581,3.294],[27.592,3.318],[27.658,3.303],[27.661,3.186],[27.647,3.142],[27.66,3.103],[27.648,3.078],[27.706,3.08],[27.674,3.013],[27.579,2.985],[27.546,2.99],[27.552,2.958],[27.661,2.913],[27.644,2.868],[27.603,2.86],[27.605,2.819],[27.537,2.851],[27.518,2.816],[27.5,2.815],[27.504,2.789],[27.384,2.737],[27.327,2.754],[27.247,2.844],[27.14,2.91],[27.098,2.773],[27.045,2.722],[27.011,2.726],[26.995,2.696],[26.976,2.701],[26.958,2.679],[26.962,2.651],[26.933,2.641],[26.893,2.535],[27.014,2.535],[27.033,2.566],[27.135,2.575],[27.144,2.563],[27.148,2.484],[27.167,2.441],[27.164,2.414],[27.137,2.407],[27.188,2.36],[27.188,2.328],[27.178,2.29],[27.126,2.22],[27.114,2.165],[27.056,2.122],[27.057,2.047],[27.035,1.968],[27.048,1.924],[27.143,1.896],[27.21,1.911],[27.222,1.953],[27.249,1.976],[27.229,2.024],[27.254,2.048],[27.294,2.024],[27.327,2.029],[27.41,1.885],[27.402,1.873],[27.35,1.876],[27.366,1.859],[27.353,1.84],[27.372,1.79],[27.306,1.728],[27.285,1.633],[27.214,1.631],[27.214,1.612],[27.195,1.603],[27.295,1.578],[27.351,1.592],[27.376,1.565],[27.419,1.574],[27.447,1.555]]]}},{"type":"Feature","properties":{"name":"Ituri","pays":"RDC","iso3":"COD"},"geometry":{"type":"Polygon","coordinates":[[[28.018,0.636],[28.043,0.64],[28.074,0.679],[28.338,0.698],[28.446,0.63],[28.505,0.567],[28.507,0.534],[28.555,0.544],[28.555,0.52],[28.632,0.545],[28.66,0.581],[28.71,0.571],[28.901,0.588],[29.005,0.563],[29.104,0.654],[29.163,0.677],[29.177,0.648],[29.222,0.617],[29.254,0.619],[29.29,0.587],[29.281,0.618],[29.296,0.661],[29.325,0.687],[29.34,0.656],[29.328,0.628],[29.366,0.617],[29.381,0.596],[29.457,0.615],[29.474,0.625],[29.47,0.649],[29.432,0.651],[29.347,0.71],[29.37,0.747],[29.378,0.828],[29.405,0.81],[29.458,0.86],[29.486,0.842],[29.495,0.801],[29.537,0.789],[29.523,0.861],[29.56,0.875],[29.623,0.853],[29.627,0.882],[29.659,0.908],[29.696,0.868],[29.727,0.866],[29.756,0.908],[29.808,0.911],[29.861,0.954],[29.86,0.897],[29.92,0.799],[30.02,0.862],[30.116,0.896],[30.145,0.885],[30.224,0.995],[30.244,1.081],[30.271,1.119],[30.32,1.157],[30.333,1.152],[30.363,1.2],[30.389,1.191],[30.511,1.208],[30.632,1.411],[30.701,1.496],[31.035,1.759],[31.245,2.017],[31.305,2.119],[31.305,2.157],[31.203,2.224],[31.199,2.296],[31.137,2.285],[31.124,2.269],[31.076,2.303],[31.069,2.343],[31.035,2.385],[30.961,2.406],[30.944,2.393],[30.935,2.338],[30.886,2.344],[30.834,2.426],[30.755,2.437],[30.748,2.453],[30.755,2.588],[30.829,2.756],[30.87,2.801],[30.89,2.871],[30.846,2.962],[30.763,3.048],[30.833,3.264],[30.871,3.28],[30.89,3.34],[30.936,3.402],[30.929,3.496],[30.909,3.505],[30.854,3.486],[30.846,3.508],[30.862,3.563],[30.799,3.59],[30.778,3.669],[30.755,3.666],[30.735,3.624],[30.667,3.636],[30.592,3.594],[30.541,3.595],[30.372,3.54],[30.385,3.477],[30.423,3.433],[30.401,3.392],[30.367,3.407],[30.368,3.357],[30.337,3.305],[30.359,3.23],[30.234,3.088],[30.14,3.025],[30.175,2.947],[30.206,2.923],[30.189,2.905],[30.13,2.906],[30.113,2.892],[30.115,2.875],[30.211,2.877],[30.214,2.825],[30.16,2.818],[30.149,2.802],[30.186,2.768],[30.179,2.737],[30.209,2.669],[30.213,2.605],[30.144,2.512],[30.126,2.37],[30.057,2.369],[30.027,2.283],[29.998,2.279],[29.967,2.245],[29.947,2.268],[29.914,2.187],[29.871,2.184],[29.851,2.148],[29.869,2.147],[29.871,2.12],[29.903,2.11],[29.897,2.056],[29.869,2.08],[29.809,2.092],[29.717,2.19],[29.613,2.189],[29.607,2.284],[29.645,2.271],[29.665,2.286],[29.641,2.325],[29.65,2.425],[29.632,2.491],[29.549,2.493],[29.479,2.467],[29.444,2.436],[29.328,2.414],[29.272,2.444],[29.229,2.544],[29.203,2.529],[29.204,2.456],[29.175,2.401],[29.127,2.457],[29.094,2.452],[29.096,2.426],[29.072,2.437],[29.04,2.422],[29.032,2.395],[29.019,2.419],[28.99,2.407],[28.97,2.429],[29.001,2.344],[28.969,2.27],[28.799,2.307],[28.753,2.304],[28.709,2.336],[28.777,2.227],[28.765,2.182],[28.681,2.232],[28.636,2.241],[28.581,2.334],[28.4,2.252],[28.379,2.296],[28.314,2.336],[28.299,1.874],[28.289,1.854],[28.191,1.796],[28.191,1.738],[28.212,1.684],[27.982,1.756],[27.941,1.749],[27.938,1.721],[27.901,1.794],[27.878,1.779],[27.847,1.828],[27.783,1.829],[27.75,1.856],[27.717,1.846],[27.682,1.808],[27.578,1.845],[27.553,1.773],[27.643,1.654],[27.642,1.572],[27.716,1.609],[27.756,1.612],[27.807,1.545],[27.804,1.504],[27.791,1.484],[27.751,1.474],[27.773,1.443],[27.65,1.478],[27.618,1.453],[27.584,1.462],[27.587,1.513],[27.552,1.555],[27.489,1.568],[27.447,1.555],[27.449,1.535],[27.478,1.493],[27.494,1.426],[27.557,1.374],[27.572,1.34],[27.596,1.339],[27.613,1.362],[27.634,1.341],[27.7,1.349],[27.783,1.301],[27.765,1.257],[27.784,1.229],[27.756,1.212],[27.771,1.15],[27.739,1.122],[27.741,1.068],[27.828,1.062],[27.853,1.039],[27.875,1.051],[27.933,1.043],[27.878,0.946],[27.886,0.931],[27.946,0.92],[27.974,0.94],[28.001,0.933],[27.954,0.846],[27.935,0.749],[28.018,0.636]]]}},{"type":"Feature","properties":{"name":"Nord-Kivu","pays":"RDC","iso3":"COD"},"geometry":{"type":"Polygon","coordinates":[[[27.841,-0.596],[27.824,-0.625],[27.831,-0.666],[27.804,-0.695],[27.806,-0.747],[27.78,-0.78],[27.766,-0.886],[27.706,-0.893],[27.68,-0.93],[27.638,-0.934],[27.575,-0.903],[27.5,-0.9],[27.393,-0.943],[27.311,-0.955],[27.274,-0.98],[27.268,-1.078],[27.29,-1.129],[27.338,-1.182],[27.277,-1.19],[27.251,-1.174],[27.227,-1.205],[27.326,-1.298],[27.365,-1.307],[27.347,-1.361],[27.391,-1.45],[27.403,-1.459],[27.431,-1.446],[27.449,-1.459],[27.458,-1.495],[27.499,-1.539],[27.528,-1.622],[27.653,-1.691],[27.685,-1.772],[27.721,-1.769],[27.747,-1.789],[27.741,-1.827],[27.756,-1.845],[27.74,-2.001],[27.785,-2.029],[27.838,-2.034],[27.885,-2.001],[27.989,-2.008],[27.998,-2.032],[28.012,-2.012],[28.087,-1.999],[28.101,-2.008],[28.1,-2.066],[28.167,-2.046],[28.151,-2.02],[28.172,-1.994],[28.304,-1.991],[28.327,-1.976],[28.374,-1.993],[28.377,-1.961],[28.354,-1.94],[28.451,-1.893],[28.45,-1.865],[28.559,-1.905],[28.606,-1.881],[28.641,-1.891],[28.678,-1.868],[28.7,-1.829],[28.696,-1.806],[28.669,-1.794],[28.668,-1.74],[28.716,-1.78],[28.749,-1.782],[28.817,-1.767],[28.863,-1.707],[28.917,-1.742],[28.969,-1.742],[29.019,-1.674],[29.033,-1.629],[29.022,-1.621],[29.05,-1.584],[29.137,-1.642],[29.158,-1.634],[29.169,-1.663],[29.242,-1.7],[29.262,-1.643],[29.291,-1.631],[29.336,-1.557],[29.378,-1.528],[29.457,-1.522],[29.523,-1.428],[29.596,-1.395],[29.609,-1.367],[29.6,-1.277],[29.611,-1.241],[29.588,-1.208],[29.601,-0.981],[29.588,-0.91],[29.635,-0.892],[29.626,-0.706],[29.659,-0.628],[29.65,-0.598],[29.679,-0.567],[29.665,-0.551],[29.667,-0.508],[29.746,-0.164],[29.742,-0.11],[29.758,-0.066],[29.744,-0.041],[29.761,-0.022],[29.731,0.065],[29.763,0.128],[29.839,0.184],[29.883,0.386],[29.96,0.407],[29.992,0.482],[29.989,0.543],[29.959,0.615],[29.911,0.654],[29.987,0.837],[29.924,0.799],[29.907,0.805],[29.877,0.888],[29.86,0.897],[29.861,0.954],[29.808,0.911],[29.756,0.908],[29.727,0.866],[29.696,0.868],[29.659,0.908],[29.627,0.882],[29.623,0.853],[29.56,0.875],[29.523,0.861],[29.537,0.789],[29.495,0.801],[29.486,0.842],[29.455,0.859],[29.405,0.81],[29.37,0.822],[29.37,0.747],[29.347,0.71],[29.432,0.651],[29.47,0.649],[29.474,0.625],[29.381,0.596],[29.366,0.617],[29.328,0.628],[29.34,0.656],[29.325,0.687],[29.296,0.661],[29.281,0.618],[29.29,0.587],[29.254,0.619],[29.222,0.617],[29.177,0.648],[29.163,0.677],[29.104,0.654],[29.005,0.563],[28.901,0.588],[28.71,0.571],[28.66,0.581],[28.632,0.545],[28.555,0.52],[28.555,0.544],[28.498,0.542],[28.505,0.567],[28.446,0.63],[28.338,0.698],[28.314,0.697],[28.074,0.679],[28.043,0.64],[27.993,0.613],[27.955,0.622],[27.893,0.562],[27.797,0.53],[27.881,0.48],[27.921,0.492],[28.027,0.463],[28.026,0.436],[28.053,0.413],[28.034,0.403],[28.042,0.377],[28.059,0.377],[28.066,0.27],[28.134,0.221],[28.12,0.187],[28.138,0.184],[28.154,0.151],[28.102,0.103],[28.091,-0.005],[28.153,-0.265],[27.996,-0.329],[27.942,-0.407],[27.978,-0.47],[27.97,-0.545],[27.941,-0.554],[27.936,-0.576],[27.904,-0.594],[27.841,-0.596]]]}},{"type":"Feature","properties":{"name":"Sud-Kivu","pays":"RDC","iso3":"COD"},"geometry":{"type":"Polygon","coordinates":[[[27.74,-2.001],[27.381,-1.991],[27.394,-2.017],[27.472,-2.034],[27.446,-2.107],[27.453,-2.131],[27.385,-2.167],[27.353,-2.165],[27.288,-2.242],[27.26,-2.227],[27.237,-2.271],[27.227,-2.239],[27.207,-2.243],[27.202,-2.224],[27.188,-2.233],[27.197,-2.219],[27.176,-2.242],[27.171,-2.216],[27.15,-2.235],[27.153,-2.214],[27.14,-2.213],[27.124,-2.237],[27.116,-2.21],[27.066,-2.211],[27.057,-2.178],[26.977,-2.124],[26.983,-2.155],[26.963,-2.129],[26.935,-2.155],[26.937,-2.182],[26.912,-2.158],[26.868,-2.159],[26.851,-2.289],[26.861,-2.323],[26.811,-2.34],[26.82,-2.447],[26.871,-2.543],[26.856,-2.606],[26.905,-2.665],[26.906,-2.696],[26.943,-2.712],[26.946,-2.74],[26.916,-2.807],[26.957,-2.837],[27.001,-2.959],[27.025,-2.949],[27.058,-2.988],[27.058,-3.041],[27.118,-3.074],[27.112,-3.136],[27.132,-3.152],[27.111,-3.246],[27.142,-3.265],[27.095,-3.327],[27.105,-3.364],[27.092,-3.382],[27.115,-3.387],[27.115,-3.431],[27.132,-3.427],[27.119,-3.457],[27.134,-3.499],[27.117,-3.54],[27.135,-3.539],[27.135,-3.559],[27.121,-3.558],[27.125,-3.58],[27.099,-3.623],[27.086,-3.728],[27.112,-3.785],[27.165,-3.837],[27.189,-3.889],[27.387,-3.935],[27.452,-3.997],[27.477,-3.977],[27.581,-3.995],[27.636,-4.022],[27.799,-4.004],[27.838,-4.022],[27.822,-4.07],[27.86,-4.112],[27.934,-4.128],[27.967,-4.105],[28.036,-4.123],[28.017,-4.146],[28.018,-4.191],[28.07,-4.187],[28.118,-4.227],[28.166,-4.212],[28.185,-4.157],[28.175,-4.136],[28.198,-4.121],[28.243,-4.2],[28.358,-4.282],[28.379,-4.274],[28.402,-4.364],[28.481,-4.397],[28.494,-4.455],[28.553,-4.46],[28.553,-4.523],[28.607,-4.677],[28.656,-4.703],[28.684,-4.74],[28.695,-4.81],[28.716,-4.82],[28.768,-4.914],[28.749,-4.944],[28.755,-4.961],[28.778,-4.967],[28.776,-4.984],[28.802,-5.009],[29.372,-5.008],[29.352,-4.799],[29.389,-4.378],[29.379,-4.202],[29.302,-4.001],[29.231,-3.951],[29.226,-3.896],[29.236,-3.563],[29.197,-3.347],[29.22,-3.333],[29.241,-3.278],[29.222,-3.199],[29.228,-3.16],[29.261,-3.115],[29.247,-3.097],[29.259,-3.074],[29.237,-3.025],[29.204,-3.023],[29.168,-2.997],[29.168,-2.96],[29.096,-2.919],[29.093,-2.876],[29.069,-2.864],[29.051,-2.821],[29.002,-2.811],[29.002,-2.782],[29.041,-2.745],[29.004,-2.705],[28.983,-2.694],[28.968,-2.704],[28.897,-2.661],[28.9,-2.585],[28.861,-2.529],[28.893,-2.491],[28.871,-2.446],[28.893,-2.382],[28.936,-2.372],[28.933,-2.396],[28.991,-2.344],[29.017,-2.291],[29.061,-2.298],[29.099,-2.284],[29.149,-2.197],[29.173,-2.107],[29.167,-1.886],[29.186,-1.812],[29.242,-1.7],[29.169,-1.663],[29.158,-1.634],[29.137,-1.642],[29.05,-1.584],[29.022,-1.621],[29.033,-1.629],[29.019,-1.674],[28.969,-1.742],[28.917,-1.742],[28.863,-1.707],[28.817,-1.767],[28.749,-1.782],[28.716,-1.78],[28.668,-1.74],[28.669,-1.794],[28.696,-1.806],[28.7,-1.829],[28.678,-1.868],[28.641,-1.891],[28.606,-1.881],[28.559,-1.905],[28.45,-1.865],[28.451,-1.893],[28.354,-1.94],[28.377,-1.961],[28.374,-1.993],[28.327,-1.976],[28.304,-1.991],[28.172,-1.994],[28.151,-2.02],[28.167,-2.046],[28.1,-2.066],[28.101,-2.008],[28.087,-1.999],[28.012,-2.012],[27.998,-2.032],[27.989,-2.008],[27.885,-2.001],[27.838,-2.034],[27.785,-2.029],[27.74,-2.001]]]}},{"type":"Feature","properties":{"name":"Maniema","pays":"RDC","iso3":"COD"},"geometry":{"type":"Polygon","coordinates":[[[24.598,-1.981],[24.609,-2.065],[24.664,-2.139],[24.681,-2.19],[24.694,-2.363],[24.926,-2.372],[24.932,-2.398],[24.989,-2.421],[25.048,-2.412],[24.999,-2.472],[25.003,-2.486],[25.047,-2.496],[25.002,-2.545],[25.047,-2.595],[25.074,-2.601],[25.11,-2.761],[25.103,-2.817],[25.007,-3.024],[25.031,-3.04],[25.037,-3.066],[25.034,-3.078],[25.014,-3.063],[25.001,-3.074],[25.021,-3.093],[25.008,-3.121],[25.023,-3.139],[25,-3.153],[24.995,-3.189],[24.966,-3.195],[24.96,-3.268],[24.902,-3.274],[24.898,-3.293],[24.918,-3.3],[24.903,-3.371],[24.868,-3.378],[24.825,-3.459],[24.798,-3.455],[24.774,-3.476],[24.808,-3.533],[24.791,-3.552],[24.774,-3.546],[24.767,-3.591],[24.784,-3.594],[24.779,-3.624],[24.798,-3.644],[24.786,-3.656],[24.807,-3.666],[24.797,-3.711],[24.778,-3.708],[24.752,-3.741],[24.765,-3.751],[24.731,-3.781],[24.743,-3.811],[24.779,-3.827],[24.767,-3.838],[24.82,-3.854],[24.803,-3.876],[24.83,-3.917],[24.854,-3.907],[24.854,-3.94],[24.906,-3.977],[24.896,-4.009],[24.921,-4.044],[24.949,-4.03],[24.98,-4.048],[24.974,-4.106],[25.002,-4.125],[24.986,-4.157],[25.016,-4.172],[24.999,-4.213],[25.021,-4.273],[24.995,-4.312],[24.992,-4.368],[24.973,-4.385],[25.008,-4.443],[25,-4.466],[24.929,-4.52],[24.918,-4.568],[24.879,-4.59],[24.858,-4.661],[24.902,-4.756],[24.976,-4.817],[25.061,-4.987],[27.602,-5.017],[28.804,-5.01],[28.776,-4.984],[28.778,-4.967],[28.755,-4.961],[28.749,-4.944],[28.768,-4.914],[28.716,-4.82],[28.695,-4.81],[28.684,-4.74],[28.656,-4.703],[28.607,-4.677],[28.553,-4.523],[28.553,-4.46],[28.494,-4.455],[28.481,-4.397],[28.402,-4.364],[28.379,-4.274],[28.358,-4.282],[28.243,-4.2],[28.198,-4.121],[28.175,-4.136],[28.185,-4.157],[28.166,-4.212],[28.118,-4.227],[28.07,-4.187],[28.018,-4.191],[28.017,-4.146],[28.036,-4.123],[27.967,-4.105],[27.934,-4.128],[27.86,-4.112],[27.822,-4.07],[27.838,-4.022],[27.799,-4.004],[27.636,-4.022],[27.581,-3.995],[27.477,-3.977],[27.452,-3.997],[27.387,-3.935],[27.189,-3.889],[27.086,-3.728],[27.099,-3.623],[27.125,-3.58],[27.121,-3.558],[27.135,-3.559],[27.135,-3.539],[27.117,-3.54],[27.134,-3.499],[27.119,-3.457],[27.132,-3.427],[27.115,-3.431],[27.115,-3.387],[27.092,-3.382],[27.105,-3.364],[27.095,-3.327],[27.142,-3.265],[27.111,-3.246],[27.132,-3.152],[27.112,-3.136],[27.12,-3.08],[27.058,-3.041],[27.058,-2.988],[27.025,-2.949],[27.001,-2.959],[26.957,-2.837],[26.916,-2.807],[26.946,-2.74],[26.943,-2.712],[26.906,-2.696],[26.905,-2.665],[26.856,-2.606],[26.871,-2.543],[26.82,-2.447],[26.811,-2.34],[26.861,-2.323],[26.851,-2.289],[26.868,-2.159],[26.912,-2.158],[26.937,-2.182],[26.935,-2.155],[26.963,-2.129],[26.983,-2.155],[26.977,-2.124],[27.057,-2.178],[27.066,-2.211],[27.116,-2.21],[27.124,-2.237],[27.14,-2.213],[27.153,-2.214],[27.15,-2.235],[27.171,-2.216],[27.176,-2.242],[27.197,-2.219],[27.188,-2.233],[27.202,-2.224],[27.207,-2.243],[27.227,-2.239],[27.237,-2.271],[27.26,-2.227],[27.288,-2.242],[27.353,-2.165],[27.385,-2.167],[27.453,-2.131],[27.446,-2.107],[27.472,-2.034],[27.394,-2.017],[27.381,-1.991],[27.74,-2.001],[27.756,-1.845],[27.741,-1.827],[27.747,-1.789],[27.721,-1.769],[27.685,-1.772],[27.653,-1.691],[27.528,-1.622],[27.499,-1.539],[27.458,-1.495],[27.449,-1.459],[27.431,-1.446],[27.403,-1.459],[27.391,-1.45],[27.347,-1.361],[27.365,-1.307],[27.326,-1.298],[27.227,-1.205],[27.251,-1.174],[27.277,-1.19],[27.338,-1.182],[27.29,-1.129],[27.268,-1.078],[27.274,-0.98],[27.311,-0.955],[27.393,-0.943],[27.5,-0.9],[27.575,-0.903],[27.638,-0.934],[27.68,-0.93],[27.706,-0.893],[27.766,-0.886],[27.78,-0.78],[27.806,-0.747],[27.804,-0.695],[27.831,-0.666],[27.824,-0.625],[27.841,-0.596],[27.66,-0.595],[27.601,-0.573],[27.56,-0.534],[27.519,-0.542],[27.499,-0.529],[27.488,-0.491],[27.42,-0.517],[27.359,-0.516],[27.345,-0.476],[27.3,-0.453],[27.193,-0.447],[27.136,-0.424],[27.118,-0.388],[27.073,-0.38],[27.07,-0.329],[27.01,-0.274],[26.956,-0.266],[26.906,-0.229],[26.889,-0.241],[26.846,-0.206],[26.828,-0.218],[26.841,-0.259],[26.816,-0.267],[26.791,-0.252],[26.709,-0.316],[26.568,-0.376],[26.457,-0.382],[26.431,-0.319],[26.386,-0.305],[26.363,-0.273],[26.326,-0.259],[26.301,-0.192],[26.273,-0.2],[26.255,-0.162],[26.212,-0.129],[26.193,-0.132],[26.194,-0.106],[26.174,-0.094],[26.101,-0.076],[26.095,-0.054],[26.078,-0.05],[26.091,-0.032],[26.065,-0.034],[26.074,-0.027],[26.057,-0.014],[26.034,-0.049],[26.074,-0.183],[26.171,-0.284],[26.109,-0.373],[26.273,-0.498],[26.257,-0.625],[26.23,-0.668],[26.245,-0.827],[26.26,-0.855],[26.244,-0.894],[26.21,-0.923],[26.074,-0.963],[26.083,-1.091],[26.141,-1.133],[26.08,-1.155],[26.059,-1.26],[26.08,-1.265],[26.082,-1.281],[26.069,-1.288],[26.07,-1.385],[26.017,-1.408],[26.039,-1.444],[26.015,-1.488],[25.982,-1.503],[25.934,-1.495],[25.861,-1.412],[25.869,-1.639],[25.849,-1.7],[25.843,-1.833],[25.801,-1.843],[25.766,-1.819],[25.713,-1.825],[25.677,-1.851],[25.657,-1.892],[25.496,-1.964],[25.423,-2.055],[25.24,-2.112],[25.232,-2.076],[25.2,-2.088],[25.176,-2.078],[25.179,-2.051],[25.209,-2.028],[25.188,-1.98],[25.024,-1.969],[24.978,-1.982],[24.598,-1.981]]]}},{"type":"Feature","properties":{"name":"Haut-Katanga","pays":"RDC","iso3":"COD"},"geometry":{"type":"Polygon","coordinates":[[[25.508,-11.73],[25.497,-11.726],[25.484,-11.762],[25.497,-11.785],[25.577,-11.762],[25.594,-11.736],[25.65,-11.729],[25.677,-11.782],[25.719,-11.816],[25.824,-11.828],[25.88,-11.8],[25.919,-11.875],[25.96,-11.878],[25.987,-11.898],[25.978,-11.933],[25.99,-11.941],[26.212,-11.928],[26.33,-11.966],[26.444,-11.915],[26.559,-11.979],[26.598,-11.971],[26.718,-12.009],[26.775,-11.963],[26.828,-11.993],[26.897,-11.975],[27.008,-11.847],[27.008,-11.767],[27.049,-11.699],[27.025,-11.652],[27.028,-11.611],[27.157,-11.6],[27.206,-11.568],[27.232,-11.787],[27.291,-11.81],[27.463,-11.928],[27.467,-12.035],[27.497,-12.067],[27.515,-12.157],[27.565,-12.21],[27.613,-12.224],[27.631,-12.275],[27.758,-12.289],[27.817,-12.26],[27.818,-12.23],[27.918,-12.24],[27.953,-12.314],[27.955,-12.354],[27.989,-12.339],[28.076,-12.353],[28.129,-12.436],[28.174,-12.383],[28.235,-12.423],[28.315,-12.419],[28.404,-12.501],[28.442,-12.516],[28.445,-12.563],[28.523,-12.632],[28.509,-12.679],[28.456,-12.699],[28.465,-12.734],[28.529,-12.801],[28.544,-12.856],[28.573,-12.893],[28.626,-12.82],[28.653,-12.819],[28.726,-12.877],[28.756,-12.939],[28.79,-12.946],[28.848,-13.072],[28.831,-13.084],[28.847,-13.145],[28.904,-13.162],[28.969,-13.367],[28.999,-13.372],[28.991,-13.392],[29.004,-13.416],[29.122,-13.37],[29.183,-13.443],[29.248,-13.393],[29.299,-13.375],[29.316,-13.332],[29.349,-13.348],[29.365,-13.327],[29.442,-13.314],[29.503,-13.246],[29.581,-13.213],[29.643,-13.24],[29.67,-13.226],[29.678,-13.236],[29.681,-13.268],[29.654,-13.289],[29.663,-13.32],[29.652,-13.35],[29.605,-13.363],[29.611,-13.409],[29.646,-13.437],[29.674,-13.429],[29.712,-13.456],[29.765,-13.437],[29.809,-13.455],[29.807,-12.156],[29.762,-12.16],[29.667,-12.207],[29.575,-12.193],[29.485,-12.243],[29.456,-12.333],[29.496,-12.394],[29.537,-12.407],[29.527,-12.444],[29.499,-12.47],[29.475,-12.471],[29.366,-12.413],[29.302,-12.413],[29.267,-12.364],[29.175,-12.374],[29.129,-12.395],[29.107,-12.379],[29.047,-12.385],[28.947,-12.212],[28.778,-12.055],[28.759,-11.99],[28.714,-11.99],[28.64,-11.952],[28.615,-11.913],[28.51,-11.884],[28.478,-11.825],[28.436,-11.828],[28.45,-11.77],[28.415,-11.725],[28.435,-11.706],[28.419,-11.677],[28.432,-11.644],[28.383,-11.583],[28.395,-11.483],[28.433,-11.414],[28.428,-11.386],[28.457,-11.375],[28.453,-11.301],[28.49,-11.241],[28.501,-11.153],[28.478,-11.109],[28.512,-11.025],[28.51,-10.976],[28.541,-10.947],[28.543,-10.871],[28.62,-10.741],[28.661,-10.731],[28.668,-10.695],[28.697,-10.663],[28.666,-10.619],[28.671,-10.561],[28.634,-10.518],[28.643,-10.45],[28.622,-10.376],[28.636,-10.313],[28.577,-10.231],[28.622,-10.157],[28.687,-9.901],[28.681,-9.844],[28.697,-9.806],[28.631,-9.514],[28.481,-9.242],[28.786,-8.944],[28.933,-8.725],[28.946,-8.636],[28.935,-8.56],[28.897,-8.491],[29.625,-8.405],[29.623,-8.38],[29.563,-8.345],[29.519,-8.228],[29.526,-8.154],[29.543,-8.181],[29.579,-8.174],[29.575,-8.119],[29.639,-8.092],[29.669,-7.996],[29.66,-7.929],[29.626,-7.935],[29.573,-7.823],[29.498,-7.874],[29.484,-7.813],[29.454,-7.814],[29.464,-7.793],[29.443,-7.78],[29.435,-7.729],[29.359,-7.757],[29.263,-7.729],[29.207,-7.782],[29.171,-7.771],[29.143,-7.74],[29.097,-7.76],[29.113,-7.78],[29.096,-7.807],[29.117,-7.832],[29.109,-7.869],[29.024,-7.894],[29.028,-7.873],[28.962,-7.87],[28.903,-7.823],[28.854,-7.958],[28.83,-7.976],[28.779,-7.976],[28.747,-7.916],[28.656,-7.893],[28.686,-7.835],[28.649,-7.821],[28.623,-7.748],[28.633,-7.685],[28.548,-7.623],[28.502,-7.63],[28.461,-7.679],[28.413,-7.687],[28.356,-7.776],[28.425,-7.811],[28.432,-7.838],[28.526,-7.882],[28.526,-7.907],[28.48,-8.009],[28.429,-8.048],[28.44,-8.154],[28.303,-8.28],[28.272,-8.284],[28.262,-8.254],[28.22,-8.254],[28.098,-8.359],[28.066,-8.344],[28.089,-8.404],[28.043,-8.407],[27.984,-8.361],[27.986,-8.229],[27.96,-8.272],[27.911,-8.263],[27.89,-8.242],[27.834,-8.246],[27.841,-8.181],[27.752,-8.287],[27.761,-8.241],[27.722,-8.248],[27.731,-8.233],[27.838,-8.145],[27.736,-8.169],[27.699,-8.2],[27.703,-8.153],[27.682,-8.157],[27.682,-8.13],[27.641,-8.077],[27.56,-8.082],[27.514,-8.107],[27.502,-8.099],[27.466,-8.134],[27.366,-8.186],[27.306,-8.167],[27.226,-8.207],[27.015,-8.487],[27.006,-8.533],[27.072,-8.541],[27.085,-8.561],[26.968,-8.67],[26.942,-8.716],[26.843,-8.781],[26.826,-8.763],[26.835,-8.697],[26.818,-8.671],[26.773,-8.654],[26.753,-8.669],[26.77,-8.683],[26.76,-8.691],[26.732,-8.671],[26.714,-8.695],[26.711,-8.763],[26.732,-8.837],[26.692,-8.867],[26.68,-8.899],[26.673,-9.007],[26.608,-9.07],[26.562,-9.089],[26.525,-9.148],[26.501,-9.152],[26.465,-9.217],[26.502,-9.264],[26.465,-9.373],[26.48,-9.441],[26.321,-9.619],[26.353,-9.648],[26.331,-9.679],[26.34,-9.718],[26.287,-9.774],[26.267,-9.822],[26.27,-9.867],[26.299,-9.884],[26.31,-9.86],[26.36,-9.854],[26.423,-9.897],[26.479,-9.891],[26.599,-9.921],[26.773,-9.913],[26.782,-9.979],[26.747,-10.006],[26.79,-10.024],[26.831,-10.012],[26.836,-9.987],[26.855,-9.978],[26.886,-9.986],[26.886,-9.962],[26.931,-9.975],[26.949,-9.954],[27.006,-9.943],[27.016,-9.919],[27.07,-9.916],[27.064,-9.969],[27.099,-10.034],[26.98,-10.218],[27.015,-10.26],[27.106,-10.321],[27.188,-10.432],[27.109,-10.517],[27.1,-10.549],[27.073,-10.563],[27.044,-10.551],[26.98,-10.558],[26.956,-10.575],[26.947,-10.607],[26.928,-10.601],[26.918,-10.517],[26.82,-10.465],[26.496,-10.475],[26.454,-10.502],[26.516,-10.561],[26.528,-10.594],[26.566,-10.6],[26.51,-10.678],[26.606,-10.74],[26.562,-10.812],[26.566,-10.882],[26.55,-10.898],[26.419,-10.918],[26.349,-11.032],[26.36,-11.229],[26.309,-11.205],[26.331,-11.061],[26.273,-10.993],[26.265,-10.952],[26.234,-10.937],[26.215,-10.884],[26.167,-10.883],[26.117,-10.954],[26.065,-10.979],[25.947,-10.952],[25.877,-11.016],[25.88,-11.039],[25.849,-11.097],[25.794,-11.133],[25.791,-11.204],[25.815,-11.261],[25.757,-11.339],[25.758,-11.4],[25.781,-11.407],[25.775,-11.458],[25.735,-11.478],[25.729,-11.523],[25.688,-11.554],[25.674,-11.632],[25.608,-11.653],[25.545,-11.733],[25.508,-11.73]]]}},{"type":"Feature","properties":{"name":"Lualaba","pays":"RDC","iso3":"COD"},"geometry":{"type":"Polygon","coordinates":[[[26.333,-9.641],[26.25,-9.679],[26.22,-9.711],[26.189,-9.7],[26.123,-9.721],[26.104,-9.711],[26.038,-9.723],[26.034,-9.677],[25.944,-9.701],[25.88,-9.68],[25.825,-9.633],[25.7,-9.567],[25.641,-9.49],[25.579,-9.517],[25.51,-9.505],[25.502,-9.487],[25.49,-9.551],[25.521,-9.64],[25.486,-9.633],[25.522,-9.657],[25.524,-9.694],[25.546,-9.697],[25.543,-9.709],[25.519,-9.707],[25.525,-9.73],[25.548,-9.742],[25.542,-9.794],[25.488,-9.824],[25.407,-9.823],[25.169,-9.921],[25.128,-9.98],[25.085,-9.975],[25.025,-10.013],[24.983,-10.016],[24.983,-10.038],[25.072,-10.05],[24.977,-10.119],[24.924,-10.128],[24.888,-10.063],[24.843,-10.024],[24.844,-10.06],[24.823,-10.081],[24.752,-10.06],[24.712,-9.993],[24.693,-10.051],[24.625,-10.064],[24.576,-10.098],[24.537,-10.037],[24.463,-9.982],[24.415,-10.06],[24.415,-10.108],[24.388,-10.074],[24.36,-9.983],[24.325,-9.992],[24.292,-10.045],[24.264,-10.006],[24.227,-9.993],[24.156,-10.015],[24.104,-10.008],[24.086,-9.993],[24.085,-9.956],[24.106,-9.936],[24.105,-9.914],[24.033,-9.898],[24.02,-9.879],[24.028,-9.841],[24.013,-9.836],[24.047,-9.776],[24.11,-9.719],[24.132,-9.643],[24.121,-9.576],[24.163,-9.459],[24.136,-9.359],[24.148,-9.339],[24.186,-9.304],[24.215,-9.321],[24.251,-9.285],[24.3,-9.27],[24.378,-9.28],[24.411,-9.303],[24.537,-9.301],[24.57,-9.293],[24.575,-9.277],[24.497,-9.243],[24.474,-9.203],[24.337,-9.125],[24.274,-9.057],[24.246,-8.976],[24.212,-8.955],[24.098,-8.938],[24.106,-8.903],[23.996,-8.82],[23.973,-8.778],[23.935,-8.77],[23.911,-8.79],[23.748,-8.767],[23.729,-8.781],[23.696,-8.705],[23.678,-8.601],[23.688,-8.569],[23.651,-8.535],[23.64,-8.482],[23.67,-8.429],[23.701,-8.276],[23.684,-8.192],[23.701,-8.136],[23.668,-8.053],[23.691,-8],[23.688,-7.968],[23.626,-7.967],[23.584,-7.937],[23.497,-7.98],[23.442,-7.944],[23.399,-7.955],[23.31,-7.944],[23.268,-7.976],[23.228,-7.951],[23.21,-7.957],[23.181,-7.924],[23.171,-7.875],[23.189,-7.842],[23.176,-7.8],[23.185,-7.769],[23.155,-7.774],[23.103,-7.827],[23.084,-7.875],[22.984,-7.865],[22.941,-7.888],[22.835,-7.83],[22.766,-7.818],[22.661,-7.896],[22.677,-7.855],[22.647,-7.823],[22.652,-7.775],[22.609,-7.733],[22.554,-7.765],[22.497,-7.845],[22.447,-7.83],[22.421,-7.804],[22.291,-7.871],[22.165,-7.881],[22.043,-7.722],[22.024,-7.675],[22.002,-7.672],[21.97,-7.703],[21.839,-7.664],[21.829,-7.637],[21.81,-7.662],[21.794,-7.735],[21.768,-7.777],[21.768,-7.907],[21.745,-7.939],[21.759,-7.994],[21.89,-8.182],[21.879,-8.198],[21.898,-8.294],[21.935,-8.32],[21.92,-8.351],[21.924,-8.397],[21.945,-8.426],[21.958,-8.503],[21.94,-8.528],[21.943,-8.565],[21.923,-8.596],[21.936,-8.609],[21.913,-8.637],[21.917,-8.668],[21.897,-8.709],[21.903,-8.788],[21.859,-8.908],[21.849,-9.018],[21.86,-9.045],[21.841,-9.076],[21.859,-9.237],[21.794,-9.421],[21.834,-9.466],[21.835,-9.515],[21.868,-9.562],[21.88,-9.651],[21.939,-9.69],[21.982,-9.764],[21.999,-9.753],[22.024,-9.834],[22.039,-9.831],[22.076,-9.877],[22.117,-9.874],[22.187,-9.92],[22.198,-10],[22.217,-10.017],[22.223,-10.159],[22.261,-10.264],[22.241,-10.29],[22.299,-10.316],[22.328,-10.385],[22.278,-10.516],[22.317,-10.544],[22.314,-10.676],[22.334,-10.758],[22.311,-10.783],[22.283,-10.776],[22.192,-10.842],[22.174,-10.875],[22.208,-10.954],[22.221,-11.104],[22.264,-11.166],[22.259,-11.227],[22.278,-11.25],[22.3,-11.244],[22.351,-11.177],[22.437,-11.175],[22.495,-11.12],[22.498,-11.052],[22.562,-11.031],[22.723,-11.11],[22.787,-11.113],[22.811,-11.083],[22.867,-11.062],[23.084,-11.124],[23.152,-11.093],[23.203,-11.102],[23.436,-10.938],[23.506,-10.946],[23.585,-10.993],[23.708,-11.008],[23.745,-10.992],[23.83,-11.03],[23.863,-11.023],[23.945,-10.955],[23.987,-10.892],[24.059,-10.889],[24.125,-10.91],[24.124,-10.952],[24.146,-10.977],[24.131,-11.024],[24.141,-11.036],[24.168,-11.044],[24.176,-11.023],[24.203,-11.014],[24.256,-11.04],[24.288,-11.034],[24.385,-11.083],[24.407,-11.131],[24.406,-11.263],[24.375,-11.339],[24.296,-11.387],[24.334,-11.404],[24.374,-11.4],[24.456,-11.457],[24.523,-11.462],[24.594,-11.444],[24.611,-11.411],[24.65,-11.397],[24.669,-11.367],[24.754,-11.307],[24.843,-11.308],[24.874,-11.278],[24.93,-11.27],[25.048,-11.259],[25.154,-11.269],[25.347,-11.226],[25.323,-11.3],[25.303,-11.318],[25.315,-11.352],[25.291,-11.39],[25.316,-11.466],[25.32,-11.564],[25.373,-11.644],[25.475,-11.678],[25.5,-11.722],[25.532,-11.739],[25.608,-11.653],[25.674,-11.632],[25.688,-11.554],[25.729,-11.523],[25.735,-11.478],[25.775,-11.458],[25.781,-11.407],[25.758,-11.4],[25.757,-11.339],[25.815,-11.261],[25.791,-11.204],[25.794,-11.133],[25.849,-11.097],[25.88,-11.039],[25.877,-11.016],[25.947,-10.952],[26.065,-10.979],[26.117,-10.954],[26.167,-10.883],[26.215,-10.884],[26.234,-10.937],[26.265,-10.952],[26.273,-10.993],[26.331,-11.061],[26.309,-11.205],[26.36,-11.229],[26.349,-11.032],[26.419,-10.918],[26.55,-10.898],[26.566,-10.882],[26.562,-10.812],[26.606,-10.74],[26.51,-10.678],[26.566,-10.6],[26.528,-10.594],[26.516,-10.561],[26.454,-10.502],[26.496,-10.475],[26.82,-10.465],[26.918,-10.517],[26.928,-10.601],[26.947,-10.607],[26.956,-10.575],[26.98,-10.558],[27.044,-10.551],[27.073,-10.563],[27.1,-10.549],[27.109,-10.517],[27.188,-10.432],[27.106,-10.321],[27.015,-10.26],[26.98,-10.218],[27.099,-10.034],[27.064,-9.969],[27.07,-9.916],[27.016,-9.919],[27.006,-9.943],[26.949,-9.954],[26.931,-9.975],[26.886,-9.962],[26.886,-9.986],[26.855,-9.978],[26.836,-9.987],[26.831,-10.012],[26.79,-10.024],[26.747,-10.006],[26.782,-9.979],[26.773,-9.913],[26.599,-9.921],[26.479,-9.891],[26.423,-9.897],[26.36,-9.854],[26.317,-9.857],[26.283,-9.884],[26.267,-9.822],[26.292,-9.764],[26.34,-9.718],[26.331,-9.679],[26.353,-9.648],[26.333,-9.641]]]}},{"type":"Feature","properties":{"name":"Haut-Lomami","pays":"RDC","iso3":"COD"},"geometry":{"type":"Polygon","coordinates":[[[27.838,-8.145],[27.853,-8.123],[27.768,-8.139],[27.745,-8.13],[27.716,-8.156],[27.709,-8.147],[27.828,-7.986],[27.853,-7.905],[27.848,-7.888],[27.808,-7.881],[27.808,-7.849],[27.789,-7.843],[27.774,-7.863],[27.704,-7.875],[27.64,-7.806],[27.632,-7.703],[27.674,-7.673],[27.615,-7.584],[27.592,-7.575],[27.598,-7.527],[27.575,-7.505],[27.511,-7.482],[27.498,-7.52],[27.443,-7.534],[27.439,-7.472],[27.368,-7.513],[27.354,-7.539],[27.285,-7.541],[27.234,-7.486],[27.219,-7.532],[27.225,-7.611],[27.088,-7.635],[26.956,-7.626],[26.955,-7.637],[26.887,-7.637],[26.808,-7.626],[26.827,-7.581],[26.811,-7.576],[26.803,-7.545],[26.775,-7.533],[26.736,-7.55],[26.699,-7.523],[26.692,-7.546],[26.661,-7.553],[26.651,-7.511],[26.54,-7.463],[26.51,-7.408],[26.471,-7.433],[26.444,-7.362],[26.422,-7.363],[26.438,-7.408],[26.424,-7.419],[26.396,-7.37],[26.373,-7.374],[26.352,-7.327],[26.383,-7.267],[26.386,-7.21],[26.407,-7.161],[26.469,-7.144],[26.486,-7.062],[26.419,-7.037],[26.4,-7.052],[26.339,-7.044],[26.298,-7.013],[26.279,-7.043],[26.235,-7.031],[26.213,-6.987],[26.217,-6.943],[26.102,-6.96],[26.109,-6.911],[26.041,-6.889],[26.045,-6.871],[26.076,-6.863],[26.095,-6.811],[26.135,-6.814],[26.134,-6.795],[26.091,-6.79],[26.085,-6.764],[26.037,-6.751],[26.032,-6.713],[26.006,-6.702],[26.017,-6.654],[25.984,-6.606],[25.934,-6.602],[25.93,-6.555],[25.948,-6.537],[25.946,-6.461],[25.985,-6.463],[25.988,-6.424],[26.01,-6.436],[26.051,-6.418],[26.116,-6.295],[26.072,-6.296],[26.055,-6.266],[26.028,-6.263],[26.016,-6.204],[25.986,-6.22],[25.971,-6.276],[25.939,-6.206],[25.829,-6.144],[25.803,-6.151],[25.814,-6.164],[25.797,-6.195],[25.691,-6.238],[25.671,-6.266],[25.606,-6.273],[25.504,-6.312],[25.487,-6.294],[25.415,-6.319],[25.383,-6.299],[25.296,-6.328],[25.306,-6.416],[25.272,-6.442],[25.282,-6.461],[25.368,-6.541],[25.408,-6.545],[25.466,-6.612],[25.462,-6.66],[25.441,-6.689],[25.448,-6.724],[25.368,-6.792],[25.299,-6.805],[25.301,-6.767],[25.181,-6.673],[25.137,-6.692],[25.034,-6.658],[25.01,-6.698],[24.927,-6.71],[24.932,-6.746],[24.876,-6.758],[24.848,-6.783],[24.847,-6.827],[24.781,-6.89],[24.749,-6.89],[24.69,-6.953],[24.656,-6.951],[24.644,-6.98],[24.554,-7.013],[24.52,-6.99],[24.505,-7.044],[24.483,-7.054],[24.397,-7.046],[24.345,-7.059],[24.266,-7.017],[24.226,-7.017],[24.228,-6.974],[24.201,-6.926],[24.147,-6.903],[24.157,-6.932],[24.122,-6.947],[24.152,-6.982],[24.131,-7],[24.148,-7.017],[24.141,-7.051],[24.124,-7.05],[24.113,-7.072],[24.067,-7.068],[24.014,-7.163],[23.961,-7.21],[23.986,-7.262],[23.966,-7.341],[24.01,-7.37],[23.979,-7.385],[23.964,-7.472],[23.921,-7.566],[23.936,-7.595],[23.92,-7.718],[23.96,-7.8],[23.955,-7.833],[23.824,-7.887],[23.812,-7.958],[23.801,-7.866],[23.756,-7.824],[23.691,-7.945],[23.691,-8],[23.668,-8.053],[23.701,-8.136],[23.684,-8.192],[23.701,-8.276],[23.67,-8.429],[23.64,-8.482],[23.651,-8.535],[23.688,-8.569],[23.678,-8.601],[23.696,-8.705],[23.729,-8.781],[23.748,-8.767],[23.911,-8.79],[23.935,-8.77],[23.973,-8.778],[23.996,-8.82],[24.106,-8.903],[24.098,-8.938],[24.212,-8.955],[24.246,-8.976],[24.274,-9.057],[24.337,-9.125],[24.474,-9.203],[24.497,-9.243],[24.575,-9.277],[24.57,-9.293],[24.537,-9.301],[24.411,-9.303],[24.378,-9.28],[24.3,-9.27],[24.251,-9.285],[24.215,-9.321],[24.186,-9.304],[24.148,-9.339],[24.136,-9.359],[24.163,-9.459],[24.121,-9.576],[24.132,-9.643],[24.11,-9.719],[24.047,-9.776],[24.013,-9.836],[24.028,-9.841],[24.02,-9.879],[24.033,-9.898],[24.105,-9.914],[24.086,-9.993],[24.156,-10.015],[24.227,-9.993],[24.264,-10.006],[24.292,-10.045],[24.325,-9.992],[24.36,-9.983],[24.388,-10.074],[24.415,-10.108],[24.415,-10.06],[24.463,-9.982],[24.537,-10.037],[24.576,-10.098],[24.625,-10.064],[24.693,-10.051],[24.712,-9.993],[24.752,-10.06],[24.815,-10.083],[24.844,-10.06],[24.843,-10.024],[24.888,-10.063],[24.93,-10.13],[24.977,-10.119],[25.072,-10.05],[24.983,-10.038],[24.983,-10.016],[25.025,-10.013],[25.085,-9.975],[25.128,-9.98],[25.169,-9.921],[25.407,-9.823],[25.488,-9.824],[25.542,-9.794],[25.548,-9.742],[25.525,-9.73],[25.519,-9.707],[25.543,-9.709],[25.546,-9.697],[25.524,-9.694],[25.522,-9.657],[25.486,-9.633],[25.521,-9.64],[25.49,-9.551],[25.502,-9.487],[25.51,-9.505],[25.579,-9.517],[25.641,-9.49],[25.7,-9.567],[25.825,-9.633],[25.88,-9.68],[25.944,-9.701],[26.034,-9.677],[26.038,-9.723],[26.104,-9.711],[26.123,-9.721],[26.189,-9.7],[26.22,-9.711],[26.25,-9.679],[26.333,-9.641],[26.321,-9.619],[26.336,-9.593],[26.48,-9.441],[26.465,-9.373],[26.502,-9.264],[26.465,-9.217],[26.501,-9.152],[26.525,-9.148],[26.562,-9.089],[26.608,-9.07],[26.673,-9.007],[26.68,-8.899],[26.692,-8.867],[26.732,-8.837],[26.711,-8.763],[26.714,-8.695],[26.732,-8.671],[26.757,-8.691],[26.77,-8.683],[26.753,-8.669],[26.773,-8.654],[26.818,-8.671],[26.835,-8.697],[26.826,-8.763],[26.843,-8.781],[26.942,-8.716],[26.968,-8.67],[27.085,-8.561],[27.072,-8.541],[27.006,-8.533],[27.015,-8.487],[27.226,-8.207],[27.298,-8.169],[27.366,-8.186],[27.466,-8.134],[27.502,-8.099],[27.635,-8.076],[27.682,-8.13],[27.682,-8.157],[27.703,-8.153],[27.699,-8.2],[27.736,-8.169],[27.838,-8.145]]]}},{"type":"Feature","properties":{"name":"Tanganyika","pays":"RDC","iso3":"COD"},"geometry":{"type":"Polygon","coordinates":[[[28.804,-5.01],[27.602,-5.017],[26.27,-5],[26.198,-5.092],[26.191,-5.214],[26.146,-5.26],[26.109,-5.349],[26.137,-5.505],[26.176,-5.559],[26.151,-5.599],[26.124,-5.6],[26.104,-5.66],[26.127,-5.692],[26.124,-5.725],[26.184,-5.762],[26.207,-5.825],[26.173,-5.9],[26.178,-5.933],[26.215,-5.98],[26.186,-5.994],[26.183,-6.015],[26.213,-6.036],[26.255,-6.036],[26.234,-6.068],[26.188,-6.085],[26.218,-6.148],[26.19,-6.213],[26.143,-6.243],[26.051,-6.418],[26.01,-6.436],[25.988,-6.424],[25.985,-6.463],[25.946,-6.461],[25.948,-6.537],[25.93,-6.555],[25.934,-6.602],[25.984,-6.606],[26.017,-6.654],[26.006,-6.702],[26.032,-6.713],[26.037,-6.751],[26.085,-6.764],[26.091,-6.79],[26.134,-6.795],[26.135,-6.814],[26.095,-6.811],[26.076,-6.863],[26.045,-6.871],[26.041,-6.889],[26.109,-6.911],[26.102,-6.96],[26.217,-6.943],[26.213,-6.987],[26.235,-7.031],[26.279,-7.043],[26.298,-7.013],[26.339,-7.044],[26.4,-7.052],[26.419,-7.037],[26.486,-7.062],[26.469,-7.144],[26.407,-7.161],[26.386,-7.21],[26.383,-7.267],[26.352,-7.327],[26.373,-7.374],[26.396,-7.37],[26.424,-7.419],[26.438,-7.408],[26.422,-7.363],[26.444,-7.362],[26.471,-7.433],[26.51,-7.408],[26.54,-7.463],[26.651,-7.511],[26.661,-7.553],[26.692,-7.546],[26.699,-7.523],[26.736,-7.55],[26.775,-7.533],[26.803,-7.545],[26.811,-7.576],[26.827,-7.581],[26.808,-7.626],[26.925,-7.641],[26.956,-7.626],[27.088,-7.635],[27.215,-7.615],[27.234,-7.486],[27.285,-7.541],[27.354,-7.539],[27.368,-7.513],[27.439,-7.472],[27.443,-7.534],[27.498,-7.52],[27.511,-7.482],[27.586,-7.513],[27.598,-7.527],[27.592,-7.575],[27.615,-7.584],[27.674,-7.673],[27.632,-7.703],[27.64,-7.806],[27.704,-7.875],[27.774,-7.863],[27.789,-7.843],[27.808,-7.849],[27.808,-7.881],[27.848,-7.888],[27.853,-7.905],[27.828,-7.986],[27.709,-8.147],[27.716,-8.156],[27.745,-8.13],[27.768,-8.139],[27.853,-8.123],[27.722,-8.248],[27.758,-8.234],[27.752,-8.287],[27.841,-8.181],[27.834,-8.246],[27.89,-8.242],[27.911,-8.263],[27.96,-8.272],[27.986,-8.229],[27.984,-8.361],[28.043,-8.407],[28.089,-8.404],[28.066,-8.344],[28.098,-8.359],[28.232,-8.249],[28.262,-8.254],[28.264,-8.281],[28.303,-8.28],[28.432,-8.167],[28.429,-8.048],[28.48,-8.009],[28.53,-7.891],[28.356,-7.776],[28.413,-7.687],[28.461,-7.679],[28.486,-7.637],[28.548,-7.623],[28.633,-7.685],[28.623,-7.748],[28.649,-7.821],[28.686,-7.835],[28.656,-7.893],[28.747,-7.916],[28.779,-7.976],[28.83,-7.976],[28.854,-7.958],[28.903,-7.823],[28.962,-7.87],[29.028,-7.873],[29.024,-7.894],[29.109,-7.869],[29.117,-7.832],[29.096,-7.807],[29.113,-7.78],[29.097,-7.76],[29.143,-7.74],[29.171,-7.771],[29.207,-7.782],[29.263,-7.729],[29.359,-7.757],[29.435,-7.729],[29.443,-7.78],[29.464,-7.793],[29.454,-7.814],[29.484,-7.813],[29.498,-7.874],[29.573,-7.823],[29.626,-7.935],[29.66,-7.929],[29.669,-7.996],[29.639,-8.092],[29.575,-8.119],[29.579,-8.174],[29.543,-8.181],[29.526,-8.154],[29.519,-8.228],[29.563,-8.345],[29.628,-8.395],[30.793,-8.272],[30.737,-8.105],[30.638,-7.957],[30.514,-7.603],[30.276,-7.103],[30.136,-6.891],[29.792,-6.609],[29.655,-6.413],[29.595,-6.252],[29.579,-6.147],[29.578,-5.963],[29.607,-5.778],[29.599,-5.664],[29.53,-5.415],[29.372,-5.008],[28.804,-5.01]]]}},{"type":"Feature","properties":{"name":"Lomami","pays":"RDC","iso3":"COD"},"geometry":{"type":"Polygon","coordinates":[[[24.984,-4.835],[24.92,-4.866],[24.841,-4.861],[24.822,-4.885],[24.844,-4.955],[24.764,-4.928],[24.718,-4.997],[24.675,-5],[24.575,-5.045],[24.585,-5.078],[24.561,-5.172],[24.516,-5.168],[24.557,-5.329],[24.518,-5.382],[24.5,-5.393],[24.46,-5.382],[24.436,-5.342],[24.416,-5.378],[24.305,-5.41],[24.164,-5.372],[24.126,-5.372],[24.108,-5.422],[24.078,-5.416],[24.066,-5.385],[24.051,-5.407],[24.062,-5.583],[24.125,-5.613],[24.17,-5.66],[24.172,-5.718],[24.2,-5.776],[24.188,-5.799],[24.067,-5.798],[24.008,-5.831],[23.958,-5.816],[23.956,-5.853],[23.976,-5.939],[24.015,-5.952],[23.992,-6.029],[24.056,-6.036],[24.071,-6.057],[24.106,-6.049],[24.119,-6.065],[24.152,-6.062],[24.175,-6.103],[24.14,-6.129],[24.108,-6.193],[24.081,-6.189],[24.058,-6.209],[24.008,-6.217],[24.004,-6.296],[24.091,-6.355],[24.066,-6.38],[23.942,-6.412],[23.907,-6.403],[23.905,-6.387],[23.853,-6.393],[23.839,-6.368],[23.808,-6.39],[23.813,-6.404],[23.796,-6.394],[23.805,-6.44],[23.766,-6.508],[23.786,-6.522],[23.771,-6.575],[23.748,-6.581],[23.74,-6.631],[23.786,-6.667],[23.755,-6.675],[23.728,-6.719],[23.737,-6.728],[23.709,-6.749],[23.691,-6.727],[23.628,-6.749],[23.609,-6.772],[23.534,-6.736],[23.475,-6.666],[23.434,-6.642],[23.417,-6.581],[23.447,-6.549],[23.426,-6.526],[23.322,-6.536],[23.247,-6.593],[23.18,-6.607],[23.168,-6.504],[23.14,-6.458],[23.126,-6.511],[23.101,-6.538],[23.058,-6.71],[23.02,-6.767],[23.085,-6.849],[23.149,-6.861],[23.183,-6.906],[23.279,-6.92],[23.27,-6.975],[23.249,-6.993],[23.262,-7.04],[23.233,-7.06],[23.214,-7.161],[23.235,-7.172],[23.226,-7.337],[23.256,-7.364],[23.232,-7.414],[23.255,-7.45],[23.228,-7.503],[23.208,-7.511],[23.228,-7.57],[23.218,-7.592],[23.229,-7.657],[23.176,-7.794],[23.189,-7.842],[23.173,-7.862],[23.177,-7.911],[23.21,-7.957],[23.228,-7.951],[23.268,-7.976],[23.31,-7.944],[23.39,-7.955],[23.442,-7.944],[23.497,-7.98],[23.584,-7.937],[23.626,-7.967],[23.688,-7.968],[23.717,-7.88],[23.756,-7.824],[23.801,-7.866],[23.812,-7.958],[23.824,-7.887],[23.955,-7.833],[23.96,-7.8],[23.92,-7.718],[23.936,-7.595],[23.921,-7.566],[23.964,-7.472],[23.979,-7.385],[24.01,-7.37],[23.966,-7.341],[23.986,-7.262],[23.961,-7.21],[24.014,-7.163],[24.067,-7.068],[24.113,-7.072],[24.124,-7.05],[24.141,-7.051],[24.148,-7.017],[24.131,-7],[24.152,-6.982],[24.122,-6.947],[24.157,-6.932],[24.147,-6.903],[24.201,-6.926],[24.228,-6.974],[24.226,-7.017],[24.266,-7.017],[24.345,-7.059],[24.397,-7.046],[24.483,-7.054],[24.505,-7.044],[24.52,-6.99],[24.554,-7.013],[24.644,-6.98],[24.656,-6.951],[24.69,-6.953],[24.749,-6.89],[24.781,-6.89],[24.847,-6.827],[24.848,-6.783],[24.876,-6.758],[24.932,-6.746],[24.927,-6.71],[25.01,-6.698],[25.034,-6.658],[25.137,-6.692],[25.181,-6.673],[25.301,-6.767],[25.299,-6.805],[25.338,-6.805],[25.448,-6.724],[25.441,-6.689],[25.462,-6.66],[25.466,-6.612],[25.408,-6.545],[25.368,-6.541],[25.282,-6.461],[25.272,-6.442],[25.306,-6.416],[25.296,-6.328],[25.383,-6.299],[25.415,-6.319],[25.487,-6.294],[25.504,-6.312],[25.606,-6.273],[25.671,-6.266],[25.691,-6.238],[25.797,-6.195],[25.814,-6.164],[25.803,-6.151],[25.829,-6.144],[25.939,-6.206],[25.971,-6.276],[25.986,-6.22],[26.016,-6.204],[26.028,-6.263],[26.055,-6.266],[26.072,-6.296],[26.116,-6.295],[26.143,-6.243],[26.201,-6.194],[26.218,-6.148],[26.188,-6.085],[26.234,-6.068],[26.255,-6.036],[26.213,-6.036],[26.183,-6.015],[26.186,-5.994],[26.215,-5.98],[26.178,-5.933],[26.173,-5.9],[26.207,-5.825],[26.184,-5.762],[26.124,-5.725],[26.127,-5.692],[26.104,-5.66],[26.124,-5.6],[26.151,-5.599],[26.176,-5.559],[26.137,-5.505],[26.109,-5.349],[26.146,-5.26],[26.191,-5.214],[26.198,-5.092],[26.27,-5],[25.061,-4.987],[24.984,-4.835]]]}},{"type":"Feature","properties":{"name":"Kasaï-Oriental","pays":"RDC","iso3":"COD"},"geometry":{"type":"Polygon","coordinates":[[[23.958,-5.816],[23.9,-5.849],[23.9,-5.823],[23.881,-5.804],[23.827,-5.8],[23.848,-5.748],[23.833,-5.742],[23.766,-5.78],[23.712,-5.764],[23.735,-5.714],[23.725,-5.676],[23.751,-5.643],[23.692,-5.628],[23.638,-5.643],[23.581,-5.692],[23.505,-5.684],[23.478,-5.742],[23.429,-5.744],[23.395,-5.783],[23.381,-5.769],[23.426,-5.697],[23.282,-5.742],[23.086,-5.728],[23.073,-5.773],[22.976,-5.782],[22.95,-5.837],[22.988,-5.886],[22.949,-5.948],[22.976,-6.025],[22.955,-6.044],[22.956,-6.065],[23.01,-6.103],[23.009,-6.166],[23.084,-6.193],[23.054,-6.254],[23.071,-6.348],[23.147,-6.363],[23.149,-6.38],[23.133,-6.385],[23.149,-6.415],[23.131,-6.428],[23.136,-6.455],[23.152,-6.46],[23.148,-6.488],[23.168,-6.504],[23.173,-6.602],[23.247,-6.593],[23.322,-6.536],[23.426,-6.526],[23.447,-6.549],[23.417,-6.581],[23.434,-6.642],[23.475,-6.666],[23.534,-6.736],[23.609,-6.772],[23.628,-6.749],[23.691,-6.727],[23.709,-6.749],[23.737,-6.728],[23.728,-6.719],[23.755,-6.675],[23.786,-6.667],[23.74,-6.631],[23.748,-6.581],[23.771,-6.575],[23.786,-6.522],[23.766,-6.508],[23.805,-6.44],[23.796,-6.394],[23.813,-6.404],[23.808,-6.39],[23.839,-6.368],[23.853,-6.393],[23.905,-6.387],[23.907,-6.403],[23.942,-6.412],[24.066,-6.38],[24.091,-6.355],[24.004,-6.296],[24.008,-6.217],[24.058,-6.209],[24.081,-6.189],[24.108,-6.193],[24.14,-6.129],[24.175,-6.103],[24.152,-6.062],[24.119,-6.065],[24.106,-6.049],[24.071,-6.057],[24.056,-6.036],[23.992,-6.029],[24.015,-5.952],[23.976,-5.939],[23.958,-5.816]]]}},{"type":"Feature","properties":{"name":"Sankuru","pays":"RDC","iso3":"COD"},"geometry":{"type":"Polygon","coordinates":[[[21.831,-2.53],[21.851,-2.559],[21.919,-2.586],[22.015,-2.674],[22.033,-2.73],[22.167,-2.923],[22.221,-2.929],[22.181,-2.957],[22.164,-3.012],[22.108,-3.064],[22.114,-3.122],[22.096,-3.209],[21.998,-3.296],[21.989,-3.401],[21.941,-3.442],[21.929,-3.504],[21.938,-3.569],[21.959,-3.602],[22.015,-3.572],[22.129,-3.578],[22.142,-3.762],[22.132,-3.779],[22.156,-3.796],[22.068,-3.878],[22.02,-3.892],[21.968,-3.975],[21.995,-3.961],[22.081,-3.983],[22.118,-4.024],[22.163,-4.04],[22.239,-3.999],[22.273,-3.998],[22.305,-4.022],[22.33,-4.08],[22.403,-4.144],[22.472,-4.161],[22.543,-4.216],[22.663,-4.269],[22.833,-4.479],[22.884,-4.518],[22.942,-4.527],[23.027,-4.515],[23.089,-4.536],[23.188,-4.785],[22.942,-4.875],[22.926,-4.919],[22.975,-4.932],[22.926,-4.963],[22.905,-5.03],[22.951,-5.046],[23.025,-5.108],[23.15,-5.244],[23.185,-5.309],[23.314,-5.248],[23.383,-5.26],[23.424,-5.24],[23.436,-5.307],[23.705,-5.359],[23.714,-5.55],[23.732,-5.604],[23.758,-5.625],[23.725,-5.676],[23.735,-5.714],[23.712,-5.764],[23.766,-5.78],[23.812,-5.744],[23.848,-5.748],[23.827,-5.8],[23.881,-5.804],[23.904,-5.85],[23.958,-5.816],[24.008,-5.831],[24.067,-5.798],[24.188,-5.799],[24.2,-5.776],[24.172,-5.718],[24.17,-5.66],[24.125,-5.613],[24.062,-5.583],[24.045,-5.424],[24.066,-5.385],[24.078,-5.416],[24.108,-5.422],[24.126,-5.372],[24.305,-5.41],[24.416,-5.378],[24.436,-5.342],[24.46,-5.382],[24.5,-5.393],[24.556,-5.337],[24.516,-5.168],[24.561,-5.172],[24.585,-5.078],[24.575,-5.045],[24.675,-5],[24.718,-4.997],[24.764,-4.928],[24.844,-4.955],[24.822,-4.885],[24.841,-4.861],[24.92,-4.866],[24.984,-4.835],[24.91,-4.766],[24.865,-4.697],[24.874,-4.686],[24.859,-4.634],[24.879,-4.59],[24.918,-4.568],[24.929,-4.52],[25.002,-4.461],[25.008,-4.443],[24.973,-4.385],[24.992,-4.368],[24.995,-4.312],[25.021,-4.273],[24.999,-4.213],[25.016,-4.172],[24.986,-4.157],[25.002,-4.125],[24.974,-4.106],[24.98,-4.048],[24.949,-4.03],[24.921,-4.044],[24.896,-4.009],[24.906,-3.977],[24.854,-3.94],[24.854,-3.907],[24.83,-3.917],[24.803,-3.876],[24.82,-3.854],[24.767,-3.838],[24.779,-3.827],[24.743,-3.811],[24.731,-3.781],[24.765,-3.751],[24.752,-3.741],[24.778,-3.708],[24.797,-3.711],[24.807,-3.666],[24.786,-3.656],[24.798,-3.644],[24.779,-3.624],[24.784,-3.594],[24.767,-3.591],[24.774,-3.546],[24.791,-3.552],[24.808,-3.533],[24.774,-3.476],[24.798,-3.455],[24.825,-3.459],[24.868,-3.378],[24.903,-3.371],[24.918,-3.3],[24.898,-3.293],[24.902,-3.274],[24.963,-3.262],[24.966,-3.195],[24.995,-3.189],[25,-3.153],[25.023,-3.139],[25.008,-3.121],[25.021,-3.093],[25.001,-3.074],[25.014,-3.063],[25.036,-3.074],[25.031,-3.04],[25.007,-3.024],[25.105,-2.811],[25.112,-2.774],[25.074,-2.601],[25.047,-2.595],[25.002,-2.545],[25.047,-2.496],[25.003,-2.486],[24.999,-2.472],[25.048,-2.412],[24.989,-2.421],[24.932,-2.398],[24.926,-2.372],[24.694,-2.363],[24.681,-2.19],[24.664,-2.139],[24.609,-2.065],[24.598,-1.981],[24.573,-1.943],[24.515,-1.904],[24.444,-1.715],[24.196,-1.717],[23.988,-1.697],[23.968,-1.698],[23.955,-1.737],[23.811,-1.736],[23.768,-1.765],[23.714,-1.773],[23.678,-1.822],[23.562,-1.793],[23.592,-1.885],[23.586,-1.99],[23.46,-2.03],[23.424,-1.997],[23.327,-2.029],[23.288,-2.088],[23.255,-2.063],[23.211,-1.989],[23.147,-1.945],[22.932,-1.878],[22.868,-1.885],[22.759,-1.855],[22.694,-1.809],[22.638,-1.816],[22.623,-1.777],[22.59,-1.751],[22.493,-1.917],[22.195,-1.811],[22.134,-1.877],[22.223,-2.407],[22.149,-2.449],[22.131,-2.434],[22.13,-2.398],[22.094,-2.363],[22.093,-2.307],[22.061,-2.301],[21.992,-2.394],[21.877,-2.506],[21.831,-2.53]]]}},{"type":"Feature","properties":{"name":"Kasaï-Central","pays":"RDC","iso3":"COD"},"geometry":{"type":"Polygon","coordinates":[[[23.185,-7.769],[23.229,-7.657],[23.218,-7.592],[23.228,-7.57],[23.208,-7.511],[23.228,-7.503],[23.255,-7.45],[23.232,-7.414],[23.256,-7.364],[23.226,-7.337],[23.235,-7.172],[23.214,-7.161],[23.233,-7.06],[23.262,-7.04],[23.249,-6.993],[23.27,-6.975],[23.279,-6.92],[23.183,-6.906],[23.149,-6.861],[23.085,-6.849],[23.02,-6.767],[23.058,-6.71],[23.073,-6.635],[23.093,-6.611],[23.101,-6.538],[23.137,-6.476],[23.131,-6.428],[23.149,-6.415],[23.133,-6.385],[23.15,-6.377],[23.129,-6.353],[23.071,-6.348],[23.054,-6.254],[23.084,-6.193],[23.009,-6.166],[23.01,-6.103],[22.956,-6.065],[22.955,-6.044],[22.976,-6.025],[22.949,-5.948],[22.988,-5.886],[22.951,-5.831],[22.98,-5.78],[23.078,-5.77],[23.086,-5.728],[23.282,-5.742],[23.426,-5.697],[23.381,-5.769],[23.395,-5.783],[23.429,-5.744],[23.478,-5.742],[23.505,-5.684],[23.581,-5.692],[23.638,-5.643],[23.758,-5.625],[23.732,-5.604],[23.714,-5.55],[23.705,-5.359],[23.436,-5.307],[23.424,-5.24],[23.383,-5.26],[23.314,-5.248],[23.185,-5.309],[23.15,-5.244],[23.025,-5.108],[22.951,-5.046],[22.905,-5.03],[22.926,-4.963],[22.975,-4.932],[22.926,-4.919],[22.942,-4.875],[23.188,-4.785],[23.097,-4.545],[23.027,-4.515],[22.942,-4.527],[22.884,-4.518],[22.833,-4.479],[22.663,-4.269],[22.525,-4.199],[22.529,-4.444],[22.461,-4.508],[22.424,-4.621],[22.37,-4.643],[22.286,-4.626],[22.248,-4.703],[22.202,-4.722],[22.226,-4.751],[22.223,-4.782],[22.172,-4.823],[22.116,-4.841],[22.079,-4.883],[22.105,-4.919],[22.104,-4.963],[22.127,-4.979],[22.073,-5.115],[22.035,-5.138],[22.02,-5.07],[21.932,-5.079],[21.868,-5.048],[21.88,-5.018],[21.824,-5.026],[21.802,-5.083],[21.69,-5.055],[21.69,-5.13],[21.638,-5.233],[21.638,-5.296],[21.624,-5.311],[21.664,-5.33],[21.654,-5.386],[21.686,-5.396],[21.712,-5.431],[21.754,-5.442],[21.767,-5.468],[21.821,-5.452],[21.822,-5.426],[21.847,-5.415],[21.879,-5.478],[21.926,-5.521],[21.977,-5.628],[21.942,-5.744],[21.878,-5.815],[21.878,-5.859],[21.822,-5.864],[21.756,-5.803],[21.743,-5.77],[21.698,-5.804],[21.664,-5.895],[21.583,-5.978],[21.573,-6.033],[21.597,-6.187],[21.588,-6.247],[21.621,-6.357],[21.606,-6.472],[21.54,-6.486],[21.569,-6.527],[21.548,-6.577],[21.572,-6.576],[21.608,-6.539],[21.635,-6.598],[21.713,-6.658],[21.613,-6.68],[21.62,-6.726],[21.582,-6.717],[21.604,-6.738],[21.599,-6.758],[21.522,-6.763],[21.464,-6.806],[21.422,-6.81],[21.4,-6.836],[21.488,-6.898],[21.59,-7.036],[21.654,-7.07],[21.664,-7.117],[21.702,-7.136],[21.715,-7.198],[21.787,-7.258],[21.781,-7.285],[21.82,-7.328],[21.838,-7.386],[21.828,-7.4],[21.856,-7.442],[21.836,-7.52],[21.853,-7.554],[21.848,-7.605],[21.828,-7.622],[21.835,-7.659],[21.97,-7.703],[22.002,-7.672],[22.024,-7.675],[22.043,-7.722],[22.165,-7.881],[22.291,-7.871],[22.421,-7.804],[22.447,-7.83],[22.497,-7.845],[22.554,-7.765],[22.608,-7.743],[22.604,-7.733],[22.652,-7.775],[22.647,-7.823],[22.677,-7.855],[22.661,-7.896],[22.766,-7.818],[22.835,-7.83],[22.941,-7.888],[22.984,-7.865],[23.084,-7.875],[23.103,-7.827],[23.155,-7.774],[23.185,-7.769]]]}},{"type":"Feature","properties":{"name":"Kasaï","pays":"RDC","iso3":"COD"},"geometry":{"type":"Polygon","coordinates":[[[19.956,-6.999],[19.958,-7.012],[20.068,-7.018],[20.297,-7.01],[20.315,-6.928],[20.495,-6.932],[20.547,-6.919],[20.622,-6.932],[20.62,-6.975],[20.586,-7.017],[20.545,-7.141],[20.543,-7.299],[21.298,-7.283],[21.35,-7.293],[21.39,-7.273],[21.487,-7.287],[21.78,-7.275],[21.788,-7.261],[21.715,-7.198],[21.702,-7.136],[21.664,-7.117],[21.654,-7.07],[21.59,-7.036],[21.488,-6.898],[21.4,-6.836],[21.422,-6.81],[21.464,-6.806],[21.522,-6.763],[21.599,-6.758],[21.604,-6.738],[21.582,-6.717],[21.62,-6.726],[21.613,-6.68],[21.713,-6.658],[21.635,-6.598],[21.608,-6.539],[21.572,-6.576],[21.548,-6.577],[21.569,-6.527],[21.54,-6.486],[21.606,-6.472],[21.621,-6.357],[21.588,-6.247],[21.597,-6.187],[21.573,-6.033],[21.583,-5.978],[21.664,-5.895],[21.698,-5.804],[21.743,-5.77],[21.756,-5.803],[21.822,-5.864],[21.878,-5.859],[21.878,-5.815],[21.942,-5.744],[21.977,-5.628],[21.926,-5.521],[21.879,-5.478],[21.847,-5.415],[21.822,-5.426],[21.821,-5.452],[21.767,-5.468],[21.754,-5.442],[21.659,-5.393],[21.664,-5.33],[21.624,-5.316],[21.638,-5.296],[21.638,-5.233],[21.69,-5.13],[21.69,-5.055],[21.802,-5.083],[21.824,-5.026],[21.88,-5.018],[21.868,-5.048],[21.932,-5.079],[22.02,-5.07],[22.035,-5.138],[22.073,-5.115],[22.127,-4.979],[22.104,-4.963],[22.105,-4.919],[22.079,-4.883],[22.116,-4.841],[22.172,-4.823],[22.223,-4.782],[22.226,-4.751],[22.202,-4.722],[22.248,-4.703],[22.286,-4.626],[22.37,-4.643],[22.424,-4.621],[22.461,-4.508],[22.529,-4.444],[22.535,-4.305],[22.525,-4.199],[22.472,-4.161],[22.403,-4.144],[22.33,-4.08],[22.305,-4.022],[22.273,-3.998],[22.239,-3.999],[22.163,-4.04],[22.118,-4.024],[22.081,-3.983],[21.995,-3.961],[21.968,-3.975],[22.02,-3.892],[22.068,-3.878],[22.156,-3.796],[22.132,-3.779],[22.142,-3.762],[22.129,-3.578],[22.015,-3.572],[21.959,-3.602],[21.938,-3.569],[21.929,-3.504],[21.941,-3.442],[21.989,-3.401],[21.998,-3.296],[22.096,-3.209],[22.114,-3.122],[22.108,-3.064],[22.164,-3.012],[22.181,-2.957],[22.221,-2.929],[22.182,-2.931],[22.143,-2.897],[22.079,-2.779],[22.033,-2.73],[22.015,-2.674],[21.919,-2.586],[21.871,-2.571],[21.831,-2.53],[21.755,-2.491],[21.681,-2.469],[21.646,-2.431],[21.595,-2.419],[21.556,-2.376],[21.41,-2.31],[21.413,-2.446],[21.443,-2.498],[21.391,-2.473],[21.202,-2.513],[21.133,-2.496],[21.094,-2.506],[20.962,-2.49],[20.95,-2.558],[20.864,-2.702],[20.865,-2.749],[20.807,-2.804],[20.746,-2.945],[20.625,-3.327],[20.643,-3.971],[20.662,-4.058],[20.66,-4.131],[20.631,-4.207],[20.485,-4.266],[20.469,-4.295],[20.416,-4.284],[20.387,-4.297],[20.353,-4.399],[20.308,-4.384],[20.26,-4.397],[20.234,-4.382],[20.231,-4.349],[20.17,-4.34],[20.126,-4.292],[20.033,-4.293],[20.044,-4.353],[20.093,-4.434],[20.092,-4.471],[20.125,-4.5],[20.086,-4.542],[20.056,-4.618],[20.071,-4.668],[20.052,-4.701],[20.056,-4.782],[20.103,-4.871],[20.115,-4.959],[20.143,-4.999],[20.14,-5.035],[20.182,-5.093],[20.2,-5.189],[20.186,-5.239],[20.204,-5.271],[20.173,-5.29],[20.184,-5.331],[20.167,-5.328],[20.146,-5.35],[20.157,-5.384],[20.14,-5.413],[20.169,-5.413],[20.146,-5.428],[20.147,-5.463],[20.155,-5.482],[20.179,-5.484],[20.15,-5.487],[20.145,-5.535],[20.156,-5.531],[20.165,-5.6],[20.191,-5.623],[20.182,-5.69],[20.167,-5.693],[20.171,-5.739],[20.115,-5.797],[20.112,-5.834],[20.051,-5.859],[20,-5.967],[19.9,-6.01],[19.884,-5.997],[19.869,-6.024],[19.745,-6.103],[19.695,-6.162],[19.68,-6.224],[19.697,-6.255],[19.687,-6.339],[19.72,-6.426],[19.705,-6.447],[19.71,-6.581],[19.931,-6.858],[19.97,-6.982],[19.956,-6.999]]]}}]}